<?xml version="1.0" encoding="utf-8" standalone="no"?>
<!--
Copyright 2017 Siemens Product Lifecycle Management Software Inc. All Rights Reserved.
================================================================================
Copyright 2017.
Siemens Product Lifecycle Management Software Inc.
All Rights Reserved.
================================================================================
Copyright 2017 Siemens Product Lifecycle Management Software Inc. All Rights Reserved.
-->
<package guid="ABFD0329C7D4C28AE5B13F516420D9D2" packageId="ticommon">
    <displayName value="${packageId}.displayName"/>
    <description value="${packageId}.description"/>
    <contentType value="application"/>
    <propertyContribution/>
    <dependencies>
        <dependency id="autocad" type="requires"/>
        <dependency id="integration4catia" type="requires"/>
        <dependency id="ipem" type="requires"/>
        <dependency id="tcai" type="requires"/>
        <dependency id="tcii" type="requires"/>
        <dependency id="translationservice" type="requires"/>
        <dependency id="swim" type="requires"/>
        <dependency id="cm" type="requires"/>
        <dependency id="cae" type="requires"/>
        <dependency id="nx0tcin" type="requires"/>
        <dependency id="relationshipviewer" type="requires"/>
        <dependency id="rb0reportingaw" type="requires"/>
        <dependency id="activeworkspacebom" type="requires"/>
        <dependency id="Cm1cmaws" type="requires"/>
        <dependency id="aws2" type="requires"/>
    </dependencies>
    <artifact artifactType="fnd0_dataModelArtifact" guid="D5588D0F8B0123A5D8DF4BB5F7D90A39">
        <deploymentActions>
            <install>
                <target description="Perform the file deployment actions including unzip, copy, and delete." name="fileProcessing">
                    <unzip dest="${Teamcenter_root_path}" src="${Teamcenter_ticommon_path}/artifacts/ticommon_template.zip"/>
                    <unzip dest="${Teamcenter_root_path}" src="${Teamcenter_ticommon_path}/artifacts/ticommon_install.zip"/>
                    <copy file="${Teamcenter_ticommon_path}/artifacts/ticommon_icons.zip" todir="${Teamcenter_root_path}/install/ticommon"/>
                </target>
                <target description="Perform the operations that must be completed prior to the database being updated." name="preDatabaseUpdate">
                    <TemplateDeploy name="ticommon"/>
                </target>
                <target description="Perform the operations that are database dependent." name="databaseUpdate"/>
                <target description="Perform the operations that must be completed after the database update has occurred." name="postDatabaseUpdate"/>
            </install>
            <update>
                <target description="Perform the file deployment actions including unzip, copy, and delete." name="fileProcessing">
                    <unzip dest="${Teamcenter_root_path}" src="${Teamcenter_ticommon_path}/artifacts/ticommon_template.zip"/>
                    <unzip dest="${Teamcenter_root_path}" src="${Teamcenter_ticommon_path}/artifacts/ticommon_install.zip"/>
                    <copy file="${Teamcenter_ticommon_path}/artifacts/ticommon_icons.zip" force="true" overwrite="true" todir="${Teamcenter_root_path}/install/ticommon"/>
                </target>
                <target description="Perform the operations that must be completed prior to the database being updated." name="preDatabaseUpdate">
                    <TemplateUpdate name="ticommon"/>
                </target>
                <target description="Perform the operations that are database dependent." name="databaseUpdate"/>
                <target description="Perform the operations that must be completed after the database update has occurred." name="postDatabaseUpdate"/>
            </update>
        </deploymentActions>
    </artifact>
    <artifact artifactType="fnd0_serverArtifact" guid="BE37A191E46BC2C5006C9A7B854340B5">        
        <deploymentActions>
            <install>
                <target description="Perform the file deployment actions including unzip, copy, and delete." name="fileProcessing">
                    <property name="template_rtserver" value="false"/>
                    <unzip dest="${Teamcenter_root_path}" src="${Teamcenter_ticommon_path}/artifacts/ticommon_rtserver.zip"/>
                </target>
                <target description="Perform the operations that must be completed prior to the database being updated." name="preDatabaseUpdate">
                    <XInclude destfile="${Teamcenter_root_path}/lang/textserver/no_translation/emh_text.xml" includefile="ticommon_errors.xml"/>
                    <XInclude destfile="${Teamcenter_root_path}/lang/textserver/no_translation/tc_text.xml" includefile="ticommon_text.xml"/>
                </target>
            </install>
            <update>
                <target description="Perform the file deployment actions including unzip, copy, and delete." name="fileProcessing">
                    <property name="template_rtserver" value="false"/>
                    <unzip dest="${Teamcenter_root_path}" src="${Teamcenter_ticommon_path}/artifacts/ticommon_rtserver.zip"/>
                </target>
                <target description="Perform the operations that must be completed prior to the database being updated." name="preDatabaseUpdate">
                    <XInclude destfile="${Teamcenter_root_path}/lang/textserver/no_translation/emh_text.xml" includefile="ticommon_errors.xml"/>
                    <XInclude destfile="${Teamcenter_root_path}/lang/textserver/no_translation/tc_text.xml" includefile="ticommon_text.xml"/>
                </target>
            </update>
        </deploymentActions>
     </artifact>
</package>
