<?xml version="1.0" encoding="UTF-8"?>
<TcBusinessData xmlns="http://teamcenter.com/BusinessModel/TcBusinessData" Date="">
<Add>
   <TcGlobalConstantAttach constantName="Awb0SupportsStructure" value="">
      <ConstantValue value="_OEM Revision"/>
   </TcGlobalConstantAttach>
   <TcGlobalConstantAttach constantName="Awb0SupportsStructure" value="">
      <ConstantValue value="T8_TI_AltConstr Revision"/>
   </TcGlobalConstantAttach>
   <TcGlobalConstantAttach constantName="Awb0SupportsStructure" value="">
      <ConstantValue value="TI_AltRep Revision"/>
   </TcGlobalConstantAttach>
   <TcGlobalConstantAttach constantName="Awb0SupportsStructure" value="">
      <ConstantValue value="TI_AltTool Revision"/>
   </TcGlobalConstantAttach>
   <TcGlobalConstantAttach constantName="Awb0SupportsStructure" value="">
      <ConstantValue value="TI_CADConstruct Revision"/>
   </TcGlobalConstantAttach>
   <TcGlobalConstantAttach constantName="Awb0SupportsStructure" value="">
      <ConstantValue value="TI_Document Revision"/>
   </TcGlobalConstantAttach>
   <TcGlobalConstantAttach constantName="Awb0SupportsStructure" value="">
      <ConstantValue value="TI_Prg_Variant Revision"/>
   </TcGlobalConstantAttach>
   <TcGlobalConstantAttach constantName="Awb0SupportsStructure" value="">
      <ConstantValue value="TI_Product Revision"/>
   </TcGlobalConstantAttach>
   <TcGlobalConstantAttach constantName="Awb0SupportsStructure" value="">
      <ConstantValue value="TI_Program Revision"/>
   </TcGlobalConstantAttach>
   <TcGlobalConstantAttach constantName="Awb0SupportsStructure" value="">
      <ConstantValue value="TI_Tooling Revision"/>
   </TcGlobalConstantAttach>
   <TcPropertyConstantAttach constantName="Enabled" typeName="T8_t1a193pmr2" propertyName="t8_193erpexclusionitems"
        value="true"/>
   <TcPropertyConstantAttach constantName="Enabled" typeName="T8_TI_PMR" propertyName="t8_193erpexclusionitems"
        value="true"/>
   <TcPropertyConstantAttach constantName="Modifiable" typeName="T8_t1a193pmr2" propertyName="t8_193erpexclusionitems"
        value="Write"/>
   <TcPropertyConstantAttach constantName="Modifiable" typeName="T8_TI_PMR" propertyName="t8_193erpexclusionitems"
        value="Write"/>
</Add>
</TcBusinessData>
