<?xml version="1.0" encoding="UTF-8"?>
<TcBusinessData xmlns="http://teamcenter.com/BusinessModel/TcBusinessData" Date="">
<Add>
   <TcClass className="T8_TICAEAnalysis" parentClassName="CAEAnalysis" isExportable="true"
       isUninstantiable="false" isUninheritable="false" description=""/>
   <TcClass className="T8_TICAEAnalysisMasterS" parentClassName="CAEAnalysisMasterStore"
       isExportable="true" isUninstantiable="false" isUninheritable="false" description=""/>
   <TcClass className="T8_TICAEAnalysisRevMasterS" parentClassName="CAEAnalysisRevMasterStore"
       isExportable="true" isUninstantiable="false" isUninheritable="false" description="">
     <TcAttribute attributeName="t8_AnalysisRequest" description="CAE Analysis Request revision"
         attributeType="POM_typed_reference" maxStringLength="0" isArray="false" followOnExport="false"
         isNullsAllowed="true" isUnique="false" isPublicRead="true" isPublicWrite="true"
         isCandidateKey="false" isTransient="false" exportAsString="false" noBackpointer="false"
         typedRefClassName="ItemRevision"/>
     <TcAttribute attributeName="t8_OEM_PV_Temp" description="OEM Spec PV Test Temperature"
         attributeType="POM_string" maxStringLength="32" isArray="false" followOnExport="false"
         isNullsAllowed="true" isUnique="false" isPublicRead="true" isPublicWrite="true"
         isCandidateKey="false" isTransient="false" exportAsString="false" noBackpointer="false"
         initialValue="" lowerBoundValue="" upperBoundValue=""/>
     <TcAttribute attributeName="t8_OEM_PV_Pressure" description="OEM Spec PV Test Pressure"
         attributeType="POM_string" maxStringLength="32" isArray="false" followOnExport="false"
         isNullsAllowed="true" isUnique="false" isPublicRead="true" isPublicWrite="true"
         isCandidateKey="false" isTransient="false" exportAsString="false" noBackpointer="false"
         initialValue="" lowerBoundValue="" upperBoundValue=""/>
     <TcAttribute attributeName="t8_OEM_PV_Vacuum" description="OEM Spec PV Test Vacuum"
         attributeType="POM_string" maxStringLength="32" isArray="false" followOnExport="false"
         isNullsAllowed="true" isUnique="false" isPublicRead="true" isPublicWrite="true"
         isCandidateKey="false" isTransient="false" exportAsString="false" noBackpointer="false"
         initialValue="" lowerBoundValue="" upperBoundValue=""/>
     <TcAttribute attributeName="t8_OEM_PV_Test_Pass" description="OEM Spec PV Test Pass Cycles"
         attributeType="POM_string" maxStringLength="32" isArray="false" followOnExport="false"
         isNullsAllowed="true" isUnique="false" isPublicRead="true" isPublicWrite="true"
         isCandidateKey="false" isTransient="false" exportAsString="false" noBackpointer="false"
         initialValue="" lowerBoundValue="" upperBoundValue=""/>
     <TcAttribute attributeName="t8_OEM_Drop_Fill_Vol" description="OEM Spec Drop Test Fill Volume"
         attributeType="POM_string" maxStringLength="32" isArray="false" followOnExport="false"
         isNullsAllowed="true" isUnique="false" isPublicRead="true" isPublicWrite="true"
         isCandidateKey="false" isTransient="false" exportAsString="false" noBackpointer="false"
         initialValue="" lowerBoundValue="" upperBoundValue=""/>
     <TcAttribute attributeName="t8_OEM_Burst_Temp" description="OEM Spec Burst Test Temperature"
         attributeType="POM_string" maxStringLength="32" isArray="false" followOnExport="false"
         isNullsAllowed="true" isUnique="false" isPublicRead="true" isPublicWrite="true"
         isCandidateKey="false" isTransient="false" exportAsString="false" noBackpointer="false"
         initialValue="" lowerBoundValue="" upperBoundValue=""/>
     <TcAttribute attributeName="t8_OEM_Burst_Pass_Crit" description="OEM Spec Burst Test Pass Criteria"
         attributeType="POM_string" maxStringLength="32" isArray="false" followOnExport="false"
         isNullsAllowed="true" isUnique="false" isPublicRead="true" isPublicWrite="true"
         isCandidateKey="false" isTransient="false" exportAsString="false" noBackpointer="false"
         initialValue="" lowerBoundValue="" upperBoundValue=""/>
     <TcAttribute attributeName="t8_OEM_Sag_Temp" description="OEM Spec Sag Test Temperature"
         attributeType="POM_string" maxStringLength="32" isArray="false" followOnExport="false"
         isNullsAllowed="true" isUnique="false" isPublicRead="true" isPublicWrite="true"
         isCandidateKey="false" isTransient="false" exportAsString="false" noBackpointer="false"
         initialValue="" lowerBoundValue="" upperBoundValue=""/>
     <TcAttribute attributeName="t8_OEM_PV_Fill_Percent" description="OEM Spec PV Test Fill Percentage"
         attributeType="POM_string" maxStringLength="32" isArray="false" followOnExport="false"
         isNullsAllowed="true" isUnique="false" isPublicRead="true" isPublicWrite="true"
         isCandidateKey="false" isTransient="false" exportAsString="false" noBackpointer="false"
         initialValue="" lowerBoundValue="" upperBoundValue=""/>
     <TcAttribute attributeName="t8_OEM_Sag_Fill_Percent" description="OEM Spec Sag Test Fill Percentage"
         attributeType="POM_string" maxStringLength="32" isArray="false" followOnExport="false"
         isNullsAllowed="true" isUnique="false" isPublicRead="true" isPublicWrite="true"
         isCandidateKey="false" isTransient="false" exportAsString="false" noBackpointer="false"
         initialValue="" lowerBoundValue="" upperBoundValue=""/>
     <TcAttribute attributeName="t8_TI_Result_Analysis_Type" description="Analysis type (restricted to analysis processes deployed at TI)."
         attributeType="POM_string" maxStringLength="64" isArray="false" followOnExport="false"
         isNullsAllowed="true" isUnique="false" isPublicRead="true" isPublicWrite="true"
         isCandidateKey="false" isTransient="false" exportAsString="false" noBackpointer="false"
         initialValue="" lowerBoundValue="" upperBoundValue=""/>
     <TcAttribute attributeName="t8_TI_Result_Solver_Name" description="Solver used for analysis (restricted to Solvers deployed at TI)"
         attributeType="POM_string" maxStringLength="64" isArray="false" followOnExport="false"
         isNullsAllowed="true" isUnique="false" isPublicRead="true" isPublicWrite="true"
         isCandidateKey="false" isTransient="false" exportAsString="false" noBackpointer="false"
         initialValue="" lowerBoundValue="" upperBoundValue=""/>
     <TcAttribute attributeName="t8_TI_Simulation_Test_Type" description="Type of simulation/test being run"
         attributeType="POM_string" maxStringLength="32" isArray="false" followOnExport="false"
         isNullsAllowed="true" isUnique="false" isPublicRead="true" isPublicWrite="true"
         isCandidateKey="false" isTransient="false" exportAsString="false" noBackpointer="false"
         initialValue="" lowerBoundValue="" upperBoundValue=""/>
     <TcAttribute attributeName="t8_OEM_Drop_Temp" description="Temperature at which Drop test should performed..."
         attributeType="POM_string" maxStringLength="32" isArray="false" followOnExport="false"
         isNullsAllowed="true" isUnique="false" isPublicRead="true" isPublicWrite="true"
         isCandidateKey="false" isTransient="false" exportAsString="false" noBackpointer="false"
         initialValue="" lowerBoundValue="" upperBoundValue=""/>
     <TcAttribute attributeName="t8_OEM_Drop_Fluid" description="Fluid used for Drop test"
         attributeType="POM_string" maxStringLength="32" isArray="false" followOnExport="false"
         isNullsAllowed="true" isUnique="false" isPublicRead="true" isPublicWrite="true"
         isCandidateKey="false" isTransient="false" exportAsString="false" noBackpointer="false"
         initialValue="" lowerBoundValue="" upperBoundValue=""/>
     <TcAttribute attributeName="t8_OEM_PV_Fluid" description="Fluid used for PV test"
         attributeType="POM_string" maxStringLength="32" isArray="false" followOnExport="false"
         isNullsAllowed="true" isUnique="false" isPublicRead="true" isPublicWrite="true"
         isCandidateKey="false" isTransient="false" exportAsString="false" noBackpointer="false"
         initialValue="" lowerBoundValue="" upperBoundValue=""/>
     <TcAttribute attributeName="t8_OEM_Sag_Fluid" description="Fluid used for Sag test"
         attributeType="POM_string" maxStringLength="32" isArray="false" followOnExport="false"
         isNullsAllowed="true" isUnique="false" isPublicRead="true" isPublicWrite="true"
         isCandidateKey="false" isTransient="false" exportAsString="false" noBackpointer="false"
         initialValue="" lowerBoundValue="" upperBoundValue=""/>
     <TcAttribute attributeName="t8_OEM_Automation_Rev" description="CAE Automation Item Revision containing the OEM spec dataset"
         attributeType="POM_typed_reference" maxStringLength="0" isArray="false" followOnExport="false"
         isNullsAllowed="true" isUnique="false" isPublicRead="true" isPublicWrite="true"
         isCandidateKey="false" isTransient="false" exportAsString="false" noBackpointer="false"
         typedRefClassName="ItemRevision"/>
   </TcClass>
   <TcClass className="T8_TICAEAnalysisRevision" parentClassName="CAEAnalysisRevision"
       isExportable="true" isUninstantiable="false" isUninheritable="false" description=""/>
   <TcClass className="T8_TI_CAEAutomation" parentClassName="Dataset" isExportable="true"
       isUninstantiable="false" isUninheritable="false" description=""/>
   <TcClass className="T8_TI_CAEReport" parentClassName="Dataset" isExportable="true"
       isUninstantiable="false" isUninheritable="false" description=""/>
   <TcClass className="T8_TI_CAE_Auto" parentClassName="Item" isExportable="true"
       isUninstantiable="false" isUninheritable="false" description=""/>
   <TcClass className="T8_TI_CAE_AutoMasterS" parentClassName="ItemMaster" isExportable="true"
       isUninstantiable="false" isUninheritable="false" description=""/>
   <TcClass className="T8_TI_CAE_AutoRevMasterS" parentClassName="ItemVersionMaster"
       isExportable="true" isUninstantiable="false" isUninheritable="false" description="">
     <TcAttribute attributeName="t8_CAE_Automation_Type" description="Type of Automation"
         attributeType="POM_string" maxStringLength="32" isArray="false" followOnExport="false"
         isNullsAllowed="true" isUnique="false" isPublicRead="true" isPublicWrite="true"
         isCandidateKey="false" isTransient="false" exportAsString="false" noBackpointer="false"
         initialValue="" lowerBoundValue="" upperBoundValue=""/>
   </TcClass>
   <TcClass className="T8_TI_CAE_AutoRevision" parentClassName="ItemRevision" isExportable="true"
       isUninstantiable="false" isUninheritable="false" description=""/>
   <TcClass className="T8_TI_CAE_Ideal" parentClassName="CAEGeometry" isExportable="true"
       isUninstantiable="false" isUninheritable="false" description=""/>
   <TcClass className="T8_TI_CAE_IdealMasterS" parentClassName="CAEGeometryMasterStore"
       isExportable="true" isUninstantiable="false" isUninheritable="false" description=""/>
   <TcClass className="T8_TI_CAE_IdealRevMasterS" parentClassName="CAEGeometryRevMasterStore"
       isExportable="true" isUninstantiable="false" isUninheritable="false" description=""/>
   <TcClass className="T8_TI_CAE_IdealRevision" parentClassName="CAEGeometryRevision"
       isExportable="true" isUninstantiable="false" isUninheritable="false" description=""/>
   <TcClass className="T8_TI_CAE_Model" parentClassName="CAEModel" isExportable="true"
       isUninstantiable="false" isUninheritable="false" description=""/>
   <TcClass className="T8_TI_CAE_ModelMasterS" parentClassName="CAEModelMasterStore"
       isExportable="true" isUninstantiable="false" isUninheritable="false" description=""/>
   <TcClass className="T8_TI_CAE_ModelRevMasterS" parentClassName="CAEModelRevMasterStore"
       isExportable="true" isUninstantiable="false" isUninheritable="false" description="">
     <TcAttribute attributeName="t8_TI_Tank_Thickness" description="Property to manage the type of wall thickness used in an analysis"
         attributeType="POM_string" maxStringLength="32" isArray="false" followOnExport="false"
         isNullsAllowed="true" isUnique="false" isPublicRead="true" isPublicWrite="true"
         isCandidateKey="false" isTransient="false" exportAsString="false" noBackpointer="false"
         initialValue="" lowerBoundValue="" upperBoundValue=""/>
   </TcClass>
   <TcClass className="T8_TI_CAE_ModelRevision" parentClassName="CAEModelRevision"
       isExportable="true" isUninstantiable="false" isUninheritable="false" description=""/>
   <TcClass className="T8_TI_CAE_Result" parentClassName="CAEResult" isExportable="true"
       isUninstantiable="false" isUninheritable="false" description=""/>
   <TcClass className="T8_TI_CAE_ResultMasterS" parentClassName="CAEResultMasterStore"
       isExportable="true" isUninstantiable="false" isUninheritable="false" description=""/>
   <TcClass className="T8_TI_CAE_ResultRevMasterS" parentClassName="CAEResultRevMasterStore"
       isExportable="true" isUninstantiable="false" isUninheritable="false" description="">
     <TcAttribute attributeName="t8_Analysis_Complete" description="Property to display completion of CAE Analysis"
         attributeType="POM_string" maxStringLength="3" isArray="false" followOnExport="false"
         isNullsAllowed="true" isUnique="false" isPublicRead="true" isPublicWrite="true"
         isCandidateKey="false" isTransient="false" exportAsString="false" noBackpointer="false"
         initialValue="" lowerBoundValue="" upperBoundValue=""/>
     <TcAttribute attributeName="t8_Analysis_Pass" description="Was the analysis successful?"
         attributeType="POM_string" maxStringLength="3" isArray="false" followOnExport="false"
         isNullsAllowed="true" isUnique="false" isPublicRead="true" isPublicWrite="true"
         isCandidateKey="false" isTransient="false" exportAsString="false" noBackpointer="false"
         initialValue="" lowerBoundValue="" upperBoundValue=""/>
   </TcClass>
   <TcClass className="T8_TI_CAE_ResultRevision" parentClassName="CAEResultRevision"
       isExportable="true" isUninstantiable="false" isUninheritable="false" description=""/>
   <TcClass className="T8_t1a141CAERequest" parentClassName="t1aForm" isExportable="true"
       isUninstantiable="false" isUninheritable="false" description="">
     <TcAttribute attributeName="t8_t1a141reqcompletiondate" description="Date by which analysis is required to be completed."
         attributeType="POM_date" maxStringLength="0" isArray="false" followOnExport="false"
         isNullsAllowed="true" isUnique="false" isPublicRead="true" isPublicWrite="true"
         isCandidateKey="false" isTransient="false" exportAsString="false" noBackpointer="false"
         initialValue="" lowerBoundValue="" upperBoundValue=""/>
     <TcAttribute attributeName="t8_t1a141analysisdesc" description="Additional requirements"
         attributeType="POM_string" maxStringLength="1024" isArray="false" followOnExport="false"
         isNullsAllowed="true" isUnique="false" isPublicRead="true" isPublicWrite="true"
         isCandidateKey="false" isTransient="false" exportAsString="false" noBackpointer="false"
         initialValue="" lowerBoundValue="" upperBoundValue=""/>
     <TcAttribute attributeName="t8_t1a141material" description="Analysis material criteria"
         attributeType="POM_string" maxStringLength="32" isArray="false" followOnExport="false"
         isNullsAllowed="true" isUnique="false" isPublicRead="true" isPublicWrite="true"
         isCandidateKey="false" isTransient="false" exportAsString="false" noBackpointer="false"
         initialValue="" lowerBoundValue="" upperBoundValue=""/>
     <TcAttribute attributeName="t8_t1a141shopordernumber" description="Shop Order Number"
         attributeType="POM_string" maxStringLength="32" isArray="false" followOnExport="false"
         isNullsAllowed="true" isUnique="false" isPublicRead="true" isPublicWrite="true"
         isCandidateKey="false" isTransient="false" exportAsString="false" noBackpointer="false"
         initialValue="" lowerBoundValue="" upperBoundValue=""/>
     <TcAttribute attributeName="t8_t1a141customer" description="Customer for request. Initial assumption is that this is an internal (TI) customer."
         attributeType="POM_string" maxStringLength="64" isArray="false" followOnExport="false"
         isNullsAllowed="true" isUnique="false" isPublicRead="true" isPublicWrite="true"
         isCandidateKey="false" isTransient="false" exportAsString="false" noBackpointer="false"
         initialValue="" lowerBoundValue="" upperBoundValue=""/>
     <TcAttribute attributeName="t8_t1a141analysisitem" description="Family name of parts being analysed"
         attributeType="POM_string" maxStringLength="32" isArray="true" followOnExport="false"
         isNullsAllowed="true" isUnique="false" isPublicRead="true" isPublicWrite="true"
         isCandidateKey="false" arrayLength="-1" isTransient="false" exportAsString="false"
         noBackpointer="false"/>
     <TcAttribute attributeName="t8_t1a141program" description="Program of parts being analysed"
         attributeType="POM_string" maxStringLength="32" isArray="true" followOnExport="false"
         isNullsAllowed="true" isUnique="false" isPublicRead="true" isPublicWrite="true"
         isCandidateKey="false" arrayLength="-1" isTransient="false" exportAsString="false"
         noBackpointer="false"/>
     <TcAttribute attributeName="t8_t1a141analysisrequestor" description="Individual who requested analysis"
         attributeType="POM_string" maxStringLength="64" isArray="false" followOnExport="false"
         isNullsAllowed="true" isUnique="false" isPublicRead="true" isPublicWrite="true"
         isCandidateKey="false" isTransient="false" exportAsString="false" noBackpointer="false"
         initialValue="" lowerBoundValue="" upperBoundValue=""/>
     <TcAttribute attributeName="t8_t1a141analysispartfamily" description="Part Family of parts to be analysed"
         attributeType="POM_string" maxStringLength="32" isArray="false" followOnExport="false"
         isNullsAllowed="true" isUnique="false" isPublicRead="true" isPublicWrite="true"
         isCandidateKey="false" isTransient="false" exportAsString="false" noBackpointer="false"
         initialValue="" lowerBoundValue="" upperBoundValue=""/>
     <TcAttribute attributeName="t8_t1a141OEMtestspec" description="OEM test specification that must be used for the requested analysis"
         attributeType="POM_string" maxStringLength="32" isArray="false" followOnExport="false"
         isNullsAllowed="true" isUnique="false" isPublicRead="true" isPublicWrite="true"
         isCandidateKey="false" isTransient="false" exportAsString="false" noBackpointer="false"
         initialValue="" lowerBoundValue="" upperBoundValue=""/>
   </TcClass>
   <TcAttributeAttach className="DMTemplateForm">
     <TcAttribute attributeName="t8_CAE_Request_Comp" description="Has the request been completed"
         attributeType="POM_string" maxStringLength="3" isArray="false" followOnExport="false"
         isNullsAllowed="true" isUnique="false" isPublicRead="true" isPublicWrite="true"
         isCandidateKey="false" isTransient="false" exportAsString="false" noBackpointer="false"
         initialValue="" lowerBoundValue="" upperBoundValue=""/>
     <TcAttribute attributeName="t8_CAE_Request_Pass" description="Did the request pass"
         attributeType="POM_string" maxStringLength="3" isArray="false" followOnExport="false"
         isNullsAllowed="true" isUnique="false" isPublicRead="true" isPublicWrite="true"
         isCandidateKey="false" isTransient="false" exportAsString="false" noBackpointer="false"
         initialValue="" lowerBoundValue="" upperBoundValue=""/>
     <TcAttribute attributeName="t8_TI_Analysis_Type" description="Analysis Type"
         attributeType="POM_string" maxStringLength="64" isArray="false" followOnExport="false"
         isNullsAllowed="true" isUnique="false" isPublicRead="true" isPublicWrite="true"
         isCandidateKey="false" isTransient="false" exportAsString="false" noBackpointer="false"
         initialValue="" lowerBoundValue="" upperBoundValue=""/>
     <TcAttribute attributeName="t8_TI_Solver_Name" description="Solver Name" attributeType="POM_string"
         maxStringLength="64" isArray="false" followOnExport="false" isNullsAllowed="true"
         isUnique="false" isPublicRead="true" isPublicWrite="true" isCandidateKey="false"
         isTransient="false" exportAsString="false" noBackpointer="false" initialValue=""
         lowerBoundValue="" upperBoundValue=""/>
   </TcAttributeAttach>
   <OperationInputType typeName="T8_TICAEAnalysisCreI" parentTypeName="CAEAnalysisCreI"
       typeClassName="T8_TICAEAnalysisCreI" description="CreateInput object for &quot;T8_TICAEAnalysis&quot; business object"
       isAbstract="false" artifactName="T8_TICAEAnalysisCreI"/>
   <OperationInputType typeName="T8_TICAEAnalysisMasterCreI" parentTypeName="CAEAnalysis MasterCreI"
       typeClassName="T8_TICAEAnalysisMasterCreI" description="CreateInput object for &quot;T8_TICAEAnalysisMaster&quot; business object"
       isAbstract="false" artifactName="T8_TICAEAnalysisMasterCreI"/>
   <OperationInputType typeName="T8_TICAEAnalysisMasterSCreI" parentTypeName="CAEAnalysisMasterStoreCreI"
       typeClassName="T8_TICAEAnalysisMasterSCreI" description="CreateInput object for &quot;T8_TICAEAnalysisMasterS&quot; business object"
       isAbstract="false" artifactName="T8_TICAEAnalysisMasterSCreI"/>
   <OperationInputType typeName="T8_TICAEAnalysisMasterSSvAI" parentTypeName="CAEAnalysisMasterStoreSvAI"
       typeClassName="T8_TICAEAnalysisMasterSSvAI" description="SaveAsInput object for &quot;T8_TICAEAnalysisMasterS&quot; business object"
       isAbstract="false" artifactName="T8_TICAEAnalysisMasterSSvAI"/>
   <OperationInputType typeName="T8_TICAEAnalysisMasterSvAI" parentTypeName="CAEAnalysis MasterSvAI"
       typeClassName="T8_TICAEAnalysisMasterSvAI" description="SaveAsInput object for &quot;T8_TICAEAnalysisMaster&quot; business object"
       isAbstract="false" artifactName="T8_TICAEAnalysisMasterSvAI"/>
   <OperationInputType typeName="T8_TICAEAnalysisRevMasterSCreI" parentTypeName="CAEAnalysisRevMasterStoreCreI"
       typeClassName="T8_TICAEAnalysisRevMasterSCreI" description="CreateInput object for &quot;T8_TICAEAnalysisRevMasterS&quot; business object"
       isAbstract="false" artifactName="T8_TICAEAnalysisRevMasterSCreI"/>
   <OperationInputType typeName="T8_TICAEAnalysisRevMasterSSvAI" parentTypeName="CAEAnalysisRevMasterStoreSvAI"
       typeClassName="T8_TICAEAnalysisRevMasterSSvAI" description="SaveAsInput object for &quot;T8_TICAEAnalysisRevMasterS&quot; business object"
       isAbstract="false" artifactName="T8_TICAEAnalysisRevMasterSSvAI"/>
   <OperationInputType typeName="T8_TICAEAnalysisRevisi_alt0CreI" parentTypeName="CAEAnalysisRevision MasterCreI"
       typeClassName="T8_TICAEAnalysisRevisi_alt0CreI" description="CreateInput object for &quot;T8_TICAEAnalysisRevisionMaster&quot; business object"
       isAbstract="false" artifactName="T8_TICAEAnalysisRevisi_alt0CreI"/>
   <OperationInputType typeName="T8_TICAEAnalysisRevisi_alt0SvAI" parentTypeName="CAEAnalysisRevision MasterSvAI"
       typeClassName="T8_TICAEAnalysisRevisi_alt0SvAI" description="SaveAsInput object for &quot;T8_TICAEAnalysisRevisionMaster&quot; business object"
       isAbstract="false" artifactName="T8_TICAEAnalysisRevisi_alt0SvAI"/>
   <OperationInputType typeName="T8_TICAEAnalysisRevisionCreI" parentTypeName="CAEAnalysisRevisionCreI"
       typeClassName="T8_TICAEAnalysisRevisionCreI" description="CreateInput object for &quot;T8_TICAEAnalysisRevision&quot; business object"
       isAbstract="false" artifactName="T8_TICAEAnalysisRevisionCreI"/>
   <OperationInputType typeName="T8_TICAEAnalysisRevisionRevI" parentTypeName="CAEAnalysisRevisionRevI"
       typeClassName="T8_TICAEAnalysisRevisionRevI" description="ReviseInput object for &quot;T8_TICAEAnalysisRevision&quot; business object"
       isAbstract="false" artifactName="T8_TICAEAnalysisRevisionRevI"/>
   <OperationInputType typeName="T8_TICAEAnalysisRevisionSvAI" parentTypeName="CAEAnalysisRevisionSvAI"
       typeClassName="T8_TICAEAnalysisRevisionSvAI" description="SaveAsInput object for &quot;T8_TICAEAnalysisRevision&quot; business object"
       isAbstract="false" artifactName="T8_TICAEAnalysisRevisionSvAI"/>
   <OperationInputType typeName="T8_TICAEAnalysisSvAI" parentTypeName="CAEAnalysisSvAI"
       typeClassName="T8_TICAEAnalysisSvAI" description="SaveAsInput object for &quot;T8_TICAEAnalysis&quot; business object"
       isAbstract="false" artifactName="T8_TICAEAnalysisSvAI"/>
   <OperationInputType typeName="T8_TI_CAERequestCreI" parentTypeName="FormCreI" typeClassName="T8_TI_CAERequestCreI"
       description="CreateInput object for &quot;T8_TI_CAE Request&quot; business object"
       isAbstract="false" artifactName="T8_TI_CAERequestCreI"/>
   <OperationInputType typeName="T8_TI_CAERequestSvAI" parentTypeName="FormSvAI" typeClassName="T8_TI_CAERequestSvAI"
       description="SaveAsInput object for &quot;T8_TI_CAE Request&quot; business object"
       isAbstract="false" artifactName="T8_TI_CAERequestSvAI"/>
   <OperationInputType typeName="T8_TI_CAE_AutoCreI" parentTypeName="ItemCreI" typeClassName="T8_TI_CAE_AutoCreI"
       description="CreateInput object for &quot;T8_TI_CAE_Auto&quot; business object"
       isAbstract="false" artifactName="T8_TI_CAE_AutoCreI"/>
   <OperationInputType typeName="T8_TI_CAE_AutoMasterCreI" parentTypeName="Item MasterCreI"
       typeClassName="T8_TI_CAE_AutoMasterCreI" description="CreateInput object for &quot;T8_TI_CAE_AutoMaster&quot; business object"
       isAbstract="false" artifactName="T8_TI_CAE_AutoMasterCreI"/>
   <OperationInputType typeName="T8_TI_CAE_AutoMasterSCreI" parentTypeName="ItemMasterCreI"
       typeClassName="T8_TI_CAE_AutoMasterSCreI" description="CreateInput object for &quot;T8_TI_CAE_AutoMasterS&quot; business object"
       isAbstract="false" artifactName="T8_TI_CAE_AutoMasterSCreI"/>
   <OperationInputType typeName="T8_TI_CAE_AutoMasterSSvAI" parentTypeName="ItemMasterSvAI"
       typeClassName="T8_TI_CAE_AutoMasterSSvAI" description="SaveAsInput object for &quot;T8_TI_CAE_AutoMasterS&quot; business object"
       isAbstract="false" artifactName="T8_TI_CAE_AutoMasterSSvAI"/>
   <OperationInputType typeName="T8_TI_CAE_AutoMasterSvAI" parentTypeName="Item MasterSvAI"
       typeClassName="T8_TI_CAE_AutoMasterSvAI" description="SaveAsInput object for &quot;T8_TI_CAE_AutoMaster&quot; business object"
       isAbstract="false" artifactName="T8_TI_CAE_AutoMasterSvAI"/>
   <OperationInputType typeName="T8_TI_CAE_AutoRevMasterSCreI" parentTypeName="ItemVersionMasterCreI"
       typeClassName="T8_TI_CAE_AutoRevMasterSCreI" description="CreateInput object for &quot;T8_TI_CAE_AutoRevMasterS&quot; business object"
       isAbstract="false" artifactName="T8_TI_CAE_AutoRevMasterSCreI"/>
   <OperationInputType typeName="T8_TI_CAE_AutoRevMasterSSvAI" parentTypeName="ItemVersionMasterSvAI"
       typeClassName="T8_TI_CAE_AutoRevMasterSSvAI" description="SaveAsInput object for &quot;T8_TI_CAE_AutoRevMasterS&quot; business object"
       isAbstract="false" artifactName="T8_TI_CAE_AutoRevMasterSSvAI"/>
   <OperationInputType typeName="T8_TI_CAE_AutoRevisionCreI" parentTypeName="ItemRevisionCreI"
       typeClassName="T8_TI_CAE_AutoRevisionCreI" description="CreateInput object for &quot;T8_TI_CAE_AutoRevision&quot; business object"
       isAbstract="false" artifactName="T8_TI_CAE_AutoRevisionCreI"/>
   <OperationInputType typeName="T8_TI_CAE_AutoRevisionRevI" parentTypeName="ItemRevisionRevI"
       typeClassName="T8_TI_CAE_AutoRevisionRevI" description="ReviseInput object for &quot;T8_TI_CAE_AutoRevision&quot; business object"
       isAbstract="false" artifactName="T8_TI_CAE_AutoRevisionRevI"/>
   <OperationInputType typeName="T8_TI_CAE_AutoRevisionSvAI" parentTypeName="ItemRevisionSvAI"
       typeClassName="T8_TI_CAE_AutoRevisionSvAI" description="SaveAsInput object for &quot;T8_TI_CAE_AutoRevision&quot; business object"
       isAbstract="false" artifactName="T8_TI_CAE_AutoRevisionSvAI"/>
   <OperationInputType typeName="T8_TI_CAE_AutoRevision_alt0CreI" parentTypeName="ItemRevision MasterCreI"
       typeClassName="T8_TI_CAE_AutoRevision_alt0CreI" description="CreateInput object for &quot;T8_TI_CAE_AutoRevisionMaster&quot; business object"
       isAbstract="false" artifactName="T8_TI_CAE_AutoRevision_alt0CreI"/>
   <OperationInputType typeName="T8_TI_CAE_AutoRevision_alt0SvAI" parentTypeName="ItemRevision MasterSvAI"
       typeClassName="T8_TI_CAE_AutoRevision_alt0SvAI" description="SaveAsInput object for &quot;T8_TI_CAE_AutoRevisionMaster&quot; business object"
       isAbstract="false" artifactName="T8_TI_CAE_AutoRevision_alt0SvAI"/>
   <OperationInputType typeName="T8_TI_CAE_AutoSvAI" parentTypeName="ItemSvAI" typeClassName="T8_TI_CAE_AutoSvAI"
       description="SaveAsInput object for &quot;T8_TI_CAE_Auto&quot; business object"
       isAbstract="false" artifactName="T8_TI_CAE_AutoSvAI"/>
   <OperationInputType typeName="T8_TI_CAE_IdealCreI" parentTypeName="CAEGeometryCreI"
       typeClassName="T8_TI_CAE_IdealCreI" description="CreateInput object for &quot;T8_TI_CAE_Ideal&quot; business object"
       isAbstract="false" artifactName="T8_TI_CAE_IdealCreI"/>
   <OperationInputType typeName="T8_TI_CAE_IdealMasterCreI" parentTypeName="CAEGeometry MasterCreI"
       typeClassName="T8_TI_CAE_IdealMasterCreI" description="CreateInput object for &quot;T8_TI_CAE_IdealMaster&quot; business object"
       isAbstract="false" artifactName="T8_TI_CAE_IdealMasterCreI"/>
   <OperationInputType typeName="T8_TI_CAE_IdealMasterSCreI" parentTypeName="CAEGeometryMasterStoreCreI"
       typeClassName="T8_TI_CAE_IdealMasterSCreI" description="CreateInput object for &quot;T8_TI_CAE_IdealMasterS&quot; business object"
       isAbstract="false" artifactName="T8_TI_CAE_IdealMasterSCreI"/>
   <OperationInputType typeName="T8_TI_CAE_IdealMasterSSvAI" parentTypeName="CAEGeometryMasterStoreSvAI"
       typeClassName="T8_TI_CAE_IdealMasterSSvAI" description="SaveAsInput object for &quot;T8_TI_CAE_IdealMasterS&quot; business object"
       isAbstract="false" artifactName="T8_TI_CAE_IdealMasterSSvAI"/>
   <OperationInputType typeName="T8_TI_CAE_IdealMasterSvAI" parentTypeName="CAEGeometry MasterSvAI"
       typeClassName="T8_TI_CAE_IdealMasterSvAI" description="SaveAsInput object for &quot;T8_TI_CAE_IdealMaster&quot; business object"
       isAbstract="false" artifactName="T8_TI_CAE_IdealMasterSvAI"/>
   <OperationInputType typeName="T8_TI_CAE_IdealRevMasterSCreI" parentTypeName="CAEGeometryRevMasterStoreCreI"
       typeClassName="T8_TI_CAE_IdealRevMasterSCreI" description="CreateInput object for &quot;T8_TI_CAE_IdealRevMasterS&quot; business object"
       isAbstract="false" artifactName="T8_TI_CAE_IdealRevMasterSCreI"/>
   <OperationInputType typeName="T8_TI_CAE_IdealRevMasterSSvAI" parentTypeName="CAEGeometryRevMasterStoreSvAI"
       typeClassName="T8_TI_CAE_IdealRevMasterSSvAI" description="SaveAsInput object for &quot;T8_TI_CAE_IdealRevMasterS&quot; business object"
       isAbstract="false" artifactName="T8_TI_CAE_IdealRevMasterSSvAI"/>
   <OperationInputType typeName="T8_TI_CAE_IdealRevisio_alt0CreI" parentTypeName="CAEGeometryRevision MasterCreI"
       typeClassName="T8_TI_CAE_IdealRevisio_alt0CreI" description="CreateInput object for &quot;T8_TI_CAE_IdealRevisionMaster&quot; business object"
       isAbstract="false" artifactName="T8_TI_CAE_IdealRevisio_alt0CreI"/>
   <OperationInputType typeName="T8_TI_CAE_IdealRevisio_alt0SvAI" parentTypeName="CAEGeometryRevision MasterSvAI"
       typeClassName="T8_TI_CAE_IdealRevisio_alt0SvAI" description="SaveAsInput object for &quot;T8_TI_CAE_IdealRevisionMaster&quot; business object"
       isAbstract="false" artifactName="T8_TI_CAE_IdealRevisio_alt0SvAI"/>
   <OperationInputType typeName="T8_TI_CAE_IdealRevisionCreI" parentTypeName="CAEGeometryRevisionCreI"
       typeClassName="T8_TI_CAE_IdealRevisionCreI" description="CreateInput object for &quot;T8_TI_CAE_IdealRevision&quot; business object"
       isAbstract="false" artifactName="T8_TI_CAE_IdealRevisionCreI"/>
   <OperationInputType typeName="T8_TI_CAE_IdealRevisionRevI" parentTypeName="CAEGeometryRevisionRevI"
       typeClassName="T8_TI_CAE_IdealRevisionRevI" description="ReviseInput object for &quot;T8_TI_CAE_IdealRevision&quot; business object"
       isAbstract="false" artifactName="T8_TI_CAE_IdealRevisionRevI"/>
   <OperationInputType typeName="T8_TI_CAE_IdealRevisionSvAI" parentTypeName="CAEGeometryRevisionSvAI"
       typeClassName="T8_TI_CAE_IdealRevisionSvAI" description="SaveAsInput object for &quot;T8_TI_CAE_IdealRevision&quot; business object"
       isAbstract="false" artifactName="T8_TI_CAE_IdealRevisionSvAI"/>
   <OperationInputType typeName="T8_TI_CAE_IdealSvAI" parentTypeName="CAEGeometrySvAI"
       typeClassName="T8_TI_CAE_IdealSvAI" description="SaveAsInput object for &quot;T8_TI_CAE_Ideal&quot; business object"
       isAbstract="false" artifactName="T8_TI_CAE_IdealSvAI"/>
   <OperationInputType typeName="T8_TI_CAE_ModelCreI" parentTypeName="CAEModelCreI"
       typeClassName="T8_TI_CAE_ModelCreI" description="CreateInput object for &quot;T8_TI_CAE_Model&quot; business object"
       isAbstract="false" artifactName="T8_TI_CAE_ModelCreI"/>
   <OperationInputType typeName="T8_TI_CAE_ModelMasterCreI" parentTypeName="CAEModel MasterCreI"
       typeClassName="T8_TI_CAE_ModelMasterCreI" description="CreateInput object for &quot;T8_TI_CAE_ModelMaster&quot; business object"
       isAbstract="false" artifactName="T8_TI_CAE_ModelMasterCreI"/>
   <OperationInputType typeName="T8_TI_CAE_ModelMasterSCreI" parentTypeName="CAEModelMasterStoreCreI"
       typeClassName="T8_TI_CAE_ModelMasterSCreI" description="CreateInput object for &quot;T8_TI_CAE_ModelMasterS&quot; business object"
       isAbstract="false" artifactName="T8_TI_CAE_ModelMasterSCreI"/>
   <OperationInputType typeName="T8_TI_CAE_ModelMasterSSvAI" parentTypeName="CAEModelMasterStoreSvAI"
       typeClassName="T8_TI_CAE_ModelMasterSSvAI" description="SaveAsInput object for &quot;T8_TI_CAE_ModelMasterS&quot; business object"
       isAbstract="false" artifactName="T8_TI_CAE_ModelMasterSSvAI"/>
   <OperationInputType typeName="T8_TI_CAE_ModelMasterSvAI" parentTypeName="CAEModel MasterSvAI"
       typeClassName="T8_TI_CAE_ModelMasterSvAI" description="SaveAsInput object for &quot;T8_TI_CAE_ModelMaster&quot; business object"
       isAbstract="false" artifactName="T8_TI_CAE_ModelMasterSvAI"/>
   <OperationInputType typeName="T8_TI_CAE_ModelRevMasterSCreI" parentTypeName="CAEModelRevMasterStoreCreI"
       typeClassName="T8_TI_CAE_ModelRevMasterSCreI" description="CreateInput object for &quot;T8_TI_CAE_ModelRevMasterS&quot; business object"
       isAbstract="false" artifactName="T8_TI_CAE_ModelRevMasterSCreI"/>
   <OperationInputType typeName="T8_TI_CAE_ModelRevMasterSSvAI" parentTypeName="CAEModelRevMasterStoreSvAI"
       typeClassName="T8_TI_CAE_ModelRevMasterSSvAI" description="SaveAsInput object for &quot;T8_TI_CAE_ModelRevMasterS&quot; business object"
       isAbstract="false" artifactName="T8_TI_CAE_ModelRevMasterSSvAI"/>
   <OperationInputType typeName="T8_TI_CAE_ModelRevisio_alt0CreI" parentTypeName="CAEModelRevision MasterCreI"
       typeClassName="T8_TI_CAE_ModelRevisio_alt0CreI" description="CreateInput object for &quot;T8_TI_CAE_ModelRevisionMaster&quot; business object"
       isAbstract="false" artifactName="T8_TI_CAE_ModelRevisio_alt0CreI"/>
   <OperationInputType typeName="T8_TI_CAE_ModelRevisio_alt0SvAI" parentTypeName="CAEModelRevision MasterSvAI"
       typeClassName="T8_TI_CAE_ModelRevisio_alt0SvAI" description="SaveAsInput object for &quot;T8_TI_CAE_ModelRevisionMaster&quot; business object"
       isAbstract="false" artifactName="T8_TI_CAE_ModelRevisio_alt0SvAI"/>
   <OperationInputType typeName="T8_TI_CAE_ModelRevisionCreI" parentTypeName="CAEModelRevisionCreI"
       typeClassName="T8_TI_CAE_ModelRevisionCreI" description="CreateInput object for &quot;T8_TI_CAE_ModelRevision&quot; business object"
       isAbstract="false" artifactName="T8_TI_CAE_ModelRevisionCreI"/>
   <OperationInputType typeName="T8_TI_CAE_ModelRevisionRevI" parentTypeName="CAEModelRevisionRevI"
       typeClassName="T8_TI_CAE_ModelRevisionRevI" description="ReviseInput object for &quot;T8_TI_CAE_ModelRevision&quot; business object"
       isAbstract="false" artifactName="T8_TI_CAE_ModelRevisionRevI"/>
   <OperationInputType typeName="T8_TI_CAE_ModelRevisionSvAI" parentTypeName="CAEModelRevisionSvAI"
       typeClassName="T8_TI_CAE_ModelRevisionSvAI" description="SaveAsInput object for &quot;T8_TI_CAE_ModelRevision&quot; business object"
       isAbstract="false" artifactName="T8_TI_CAE_ModelRevisionSvAI"/>
   <OperationInputType typeName="T8_TI_CAE_ModelSvAI" parentTypeName="CAEModelSvAI"
       typeClassName="T8_TI_CAE_ModelSvAI" description="SaveAsInput object for &quot;T8_TI_CAE_Model&quot; business object"
       isAbstract="false" artifactName="T8_TI_CAE_ModelSvAI"/>
   <OperationInputType typeName="T8_TI_CAE_ResultCreI" parentTypeName="CAEResultCreI"
       typeClassName="T8_TI_CAE_ResultCreI" description="CreateInput object for &quot;T8_TI_CAE_Result&quot; business object"
       isAbstract="false" artifactName="T8_TI_CAE_ResultCreI"/>
   <OperationInputType typeName="T8_TI_CAE_ResultMasterCreI" parentTypeName="CAEResult MasterCreI"
       typeClassName="T8_TI_CAE_ResultMasterCreI" description="CreateInput object for &quot;T8_TI_CAE_ResultMaster&quot; business object"
       isAbstract="false" artifactName="T8_TI_CAE_ResultMasterCreI"/>
   <OperationInputType typeName="T8_TI_CAE_ResultMasterSCreI" parentTypeName="CAEResultMasterStoreCreI"
       typeClassName="T8_TI_CAE_ResultMasterSCreI" description="CreateInput object for &quot;T8_TI_CAE_ResultMasterS&quot; business object"
       isAbstract="false" artifactName="T8_TI_CAE_ResultMasterSCreI"/>
   <OperationInputType typeName="T8_TI_CAE_ResultMasterSSvAI" parentTypeName="CAEResultMasterStoreSvAI"
       typeClassName="T8_TI_CAE_ResultMasterSSvAI" description="SaveAsInput object for &quot;T8_TI_CAE_ResultMasterS&quot; business object"
       isAbstract="false" artifactName="T8_TI_CAE_ResultMasterSSvAI"/>
   <OperationInputType typeName="T8_TI_CAE_ResultMasterSvAI" parentTypeName="CAEResult MasterSvAI"
       typeClassName="T8_TI_CAE_ResultMasterSvAI" description="SaveAsInput object for &quot;T8_TI_CAE_ResultMaster&quot; business object"
       isAbstract="false" artifactName="T8_TI_CAE_ResultMasterSvAI"/>
   <OperationInputType typeName="T8_TI_CAE_ResultRevMasterSCreI" parentTypeName="CAEResultRevMasterStoreCreI"
       typeClassName="T8_TI_CAE_ResultRevMasterSCreI" description="CreateInput object for &quot;T8_TI_CAE_ResultRevMasterS&quot; business object"
       isAbstract="false" artifactName="T8_TI_CAE_ResultRevMasterSCreI"/>
   <OperationInputType typeName="T8_TI_CAE_ResultRevMasterSSvAI" parentTypeName="CAEResultRevMasterStoreSvAI"
       typeClassName="T8_TI_CAE_ResultRevMasterSSvAI" description="SaveAsInput object for &quot;T8_TI_CAE_ResultRevMasterS&quot; business object"
       isAbstract="false" artifactName="T8_TI_CAE_ResultRevMasterSSvAI"/>
   <OperationInputType typeName="T8_TI_CAE_ResultRevisi_alt0CreI" parentTypeName="CAEResultRevision MasterCreI"
       typeClassName="T8_TI_CAE_ResultRevisi_alt0CreI" description="CreateInput object for &quot;T8_TI_CAE_ResultRevisionMaster&quot; business object"
       isAbstract="false" artifactName="T8_TI_CAE_ResultRevisi_alt0CreI"/>
   <OperationInputType typeName="T8_TI_CAE_ResultRevisi_alt0SvAI" parentTypeName="CAEResultRevision MasterSvAI"
       typeClassName="T8_TI_CAE_ResultRevisi_alt0SvAI" description="SaveAsInput object for &quot;T8_TI_CAE_ResultRevisionMaster&quot; business object"
       isAbstract="false" artifactName="T8_TI_CAE_ResultRevisi_alt0SvAI"/>
   <OperationInputType typeName="T8_TI_CAE_ResultRevisionCreI" parentTypeName="CAEResultRevisionCreI"
       typeClassName="T8_TI_CAE_ResultRevisionCreI" description="CreateInput object for &quot;T8_TI_CAE_ResultRevision&quot; business object"
       isAbstract="false" artifactName="T8_TI_CAE_ResultRevisionCreI"/>
   <OperationInputType typeName="T8_TI_CAE_ResultRevisionRevI" parentTypeName="CAEResultRevisionRevI"
       typeClassName="T8_TI_CAE_ResultRevisionRevI" description="ReviseInput object for &quot;T8_TI_CAE_ResultRevision&quot; business object"
       isAbstract="false" artifactName="T8_TI_CAE_ResultRevisionRevI"/>
   <OperationInputType typeName="T8_TI_CAE_ResultRevisionSvAI" parentTypeName="CAEResultRevisionSvAI"
       typeClassName="T8_TI_CAE_ResultRevisionSvAI" description="SaveAsInput object for &quot;T8_TI_CAE_ResultRevision&quot; business object"
       isAbstract="false" artifactName="T8_TI_CAE_ResultRevisionSvAI"/>
   <OperationInputType typeName="T8_TI_CAE_ResultSvAI" parentTypeName="CAEResultSvAI"
       typeClassName="T8_TI_CAE_ResultSvAI" description="SaveAsInput object for &quot;T8_TI_CAE_Result&quot; business object"
       isAbstract="false" artifactName="T8_TI_CAE_ResultSvAI"/>
   <OperationInputType typeName="T8_T_CAERequestCreI" parentTypeName="TI_DocumentCreI"
       typeClassName="T8_T_CAERequestCreI" description="CreateInput object for &quot;T8_T_CAERequest&quot; business object"
       isAbstract="false" artifactName="T8_T_CAERequestCreI"/>
   <OperationInputType typeName="T8_T_CAERequestMasterCreI" parentTypeName="FormCreI"
       typeClassName="T8_T_CAERequestMasterCreI" description="CreateInput object for &quot;T8_T_CAERequest Master&quot; business object"
       isAbstract="false" artifactName="T8_T_CAERequestMasterCreI"/>
   <OperationInputType typeName="T8_T_CAERequestMasterSvAI" parentTypeName="FormSvAI"
       typeClassName="T8_T_CAERequestMasterSvAI" description="SaveAsInput object for &quot;T8_T_CAERequest Master&quot; business object"
       isAbstract="false" artifactName="T8_T_CAERequestMasterSvAI"/>
   <OperationInputType typeName="T8_T_CAERequestRevisio_alt0CreI" parentTypeName="FormCreI"
       typeClassName="T8_T_CAERequestRevisio_alt0CreI" description="CreateInput object for &quot;T8_T_CAERequest Revision Master&quot; business object"
       isAbstract="false" artifactName="T8_T_CAERequestRevisio_alt0CreI"/>
   <OperationInputType typeName="T8_T_CAERequestRevisio_alt0SvAI" parentTypeName="FormSvAI"
       typeClassName="T8_T_CAERequestRevisio_alt0SvAI" description="SaveAsInput object for &quot;T8_T_CAERequest Revision Master&quot; business object"
       isAbstract="false" artifactName="T8_T_CAERequestRevisio_alt0SvAI"/>
   <OperationInputType typeName="T8_T_CAERequestRevisionCreI" parentTypeName="TI_Document_0_Revision_alt"
       typeClassName="T8_T_CAERequestRevisionCreI" description="CreateInput object for &quot;T8_T_CAERequest Revision&quot; business object"
       isAbstract="false" artifactName="T8_T_CAERequestRevisionCreI"/>
   <OperationInputType typeName="T8_T_CAERequestRevisionSvAI" parentTypeName="TI_Document RevisionSvAI"
       typeClassName="T8_T_CAERequestRevisionSvAI" description="SaveAsInput object for &quot;T8_T_CAERequest Revision&quot; business object"
       isAbstract="false" artifactName="T8_T_CAERequestRevisionSvAI"/>
   <OperationInputType typeName="T8_T_CAERequestSvAI" parentTypeName="TI_DocumentSvAI"
       typeClassName="T8_T_CAERequestSvAI" description="SaveAsInput object for &quot;T8_T_CAERequest&quot; business object"
       isAbstract="false" artifactName="T8_T_CAERequestSvAI"/>
   <OperationInputType typeName="T8_T_CAERequest_0_Revi_alt0RevI" parentTypeName="TI_Document_0_Revision_altRevI"
       typeClassName="T8_T_CAERequest_0_Revi_alt0RevI" description="ReviseInput object for &quot;T8_T_CAERequest Revision&quot; business object"
       isAbstract="false" artifactName="T8_T_CAERequest_0_Revi_alt0RevI"/>
   <OperationInputType typeName="T8_t1a141CAERequestCreI" parentTypeName="t1aFormCreI"
       typeClassName="T8_t1a141CAERequestCreI" description="CreateInput object for &quot;T8_t1a141CAERequest&quot; business object"
       isAbstract="false" artifactName="T8_t1a141CAERequestCreI"/>
   <OperationInputType typeName="T8_t1a141CAERequestSvAI" parentTypeName="t1aFormSvAI"
       typeClassName="T8_t1a141CAERequestSvAI" description="SaveAsInput object for &quot;T8_t1a141CAERequest&quot; business object"
       isAbstract="false" artifactName="T8_t1a141CAERequestSvAI"/>
   <TcForm typeName="T8_TICAEAnalysisMaster" parentTypeName="CAEAnalysis Master" typeClassName="Form"
       description="MasterForm object for &quot;T8_TICAEAnalysis&quot; business object"
       isAbstract="false" artifactName="T8_TICAEAnalysisMaster" formStorageClassName="T8_TICAEAnalysisMasterS"/>
   <TcForm typeName="T8_TICAEAnalysisRevisionMaster" parentTypeName="CAEAnalysisRevision Master"
       typeClassName="Form" description="MasterForm object for &quot;T8_TICAEAnalysisRevision&quot; business object"
       isAbstract="false" artifactName="T8_TICAEAnalysisRevisionMaster" formStorageClassName="T8_TICAEAnalysisRevMasterS">
     <TcProperty propName="t8_TI_Manually_Modified" propTypeName="Runtime" propValueType="PROP_string"
         propMaxStringLength="32" isArray="false" arrayLength="0" description="Indicates when someone has manually modified a solver input file"
         referencedTypeConstant="" referencedType=""/>
   </TcForm>
   <TcForm typeName="T8_TI_CAE Request" parentTypeName="Form" typeClassName="Form"
       description="CAE Request Form" isAbstract="false" artifactName="T8_TI_CAERequest"
       formStorageClassName="T8_t1a141CAERequest"/>
   <TcForm typeName="T8_TI_CAE_AutoMaster" parentTypeName="Item Master" typeClassName="Form"
       description="Item type to manage scripts required for Tc4Sim tools" isAbstract="false"
       artifactName="T8_TI_CAE_AutoMaster" formStorageClassName="T8_TI_CAE_AutoMasterS"/>
   <TcForm typeName="T8_TI_CAE_AutoRevisionMaster" parentTypeName="ItemRevision Master"
       typeClassName="Form" description="MasterForm object for &quot;T8_TI_CAE_AutoRevision&quot; business object"
       isAbstract="false" artifactName="T8_TI_CAE_AutoRevisionMaster" formStorageClassName="T8_TI_CAE_AutoRevMasterS"/>
   <TcForm typeName="T8_TI_CAE_IdealMaster" parentTypeName="CAEGeometry Master" typeClassName="Form"
       description="MasterForm object for &quot;T8_TI_CAE_Ideal&quot; business object"
       isAbstract="false" artifactName="T8_TI_CAE_IdealMaster" formStorageClassName="T8_TI_CAE_IdealMasterS"/>
   <TcForm typeName="T8_TI_CAE_IdealRevisionMaster" parentTypeName="CAEGeometryRevision Master"
       typeClassName="Form" description="MasterForm object for &quot;T8_TI_CAE_IdealRevision&quot; business object"
       isAbstract="false" artifactName="T8_TI_CAE_IdealRevisionMaster" formStorageClassName="T8_TI_CAE_IdealRevMasterS"/>
   <TcForm typeName="T8_TI_CAE_ModelMaster" parentTypeName="CAEModel Master" typeClassName="Form"
       description="MasterForm object for &quot;T8_TI_CAE_Model&quot; business object"
       isAbstract="false" artifactName="T8_TI_CAE_ModelMaster" formStorageClassName="T8_TI_CAE_ModelMasterS"/>
   <TcForm typeName="T8_TI_CAE_ModelRevisionMaster" parentTypeName="CAEModelRevision Master"
       typeClassName="Form" description="MasterForm object for &quot;T8_TI_CAE_ModelRevision&quot; business object"
       isAbstract="false" artifactName="T8_TI_CAE_ModelRevisionMaster" formStorageClassName="T8_TI_CAE_ModelRevMasterS"/>
   <TcForm typeName="T8_TI_CAE_ResultMaster" parentTypeName="CAEResult Master" typeClassName="Form"
       description="Item type to manage CAE results" isAbstract="false" artifactName="T8_TI_CAE_ResultMaster"
       formStorageClassName="T8_TI_CAE_ResultMasterS"/>
   <TcForm typeName="T8_TI_CAE_ResultRevisionMaster" parentTypeName="CAEResultRevision Master"
       typeClassName="Form" description="MasterForm object for &quot;T8_TI_CAE_ResultRevision&quot; business object"
       isAbstract="false" artifactName="T8_TI_CAE_ResultRevisionMaster" formStorageClassName="T8_TI_CAE_ResultRevMasterS"/>
   <TcStandardType typeName="T8_TICAEAnalysis" parentTypeName="CAEAnalysis" typeClassName="T8_TICAEAnalysis"
       description="" isAbstract="false" artifactName="T8_TICAEAnalysis"/>
   <TcStandardType typeName="T8_TICAEAnalysisMasterS" parentTypeName="CAEAnalysisMasterStore"
       typeClassName="T8_TICAEAnalysisMasterS" description="Form Storage object for &quot;T8_TICAEAnalysisMaster&quot; business object"
       isAbstract="false" artifactName="T8_TICAEAnalysisMasterS"/>
   <TcStandardType typeName="T8_TICAEAnalysisRevMasterS" parentTypeName="CAEAnalysisRevMasterStore"
       typeClassName="T8_TICAEAnalysisRevMasterS" description="Form Storage object for &quot;T8_TICAEAnalysisRevisionMaster&quot; business object"
       isAbstract="false" artifactName="T8_TICAEAnalysisRevMasterS"/>
   <TcStandardType typeName="T8_TICAEAnalysisRevision" parentTypeName="CAEAnalysisRevision"
       typeClassName="T8_TICAEAnalysisRevision" description="ItemRevision object for &quot;T8_TICAEAnalysis&quot; business object"
       isAbstract="false" artifactName="T8_TICAEAnalysisRevision"/>
   <TcStandardType typeName="T8_TI_CAE_Auto" parentTypeName="Item" typeClassName="T8_TI_CAE_Auto"
       description="Item type to manage scripts required for Tc4Sim tools" isAbstract="false"
       artifactName="T8_TI_CAE_Auto"/>
   <TcStandardType typeName="T8_TI_CAE_AutoMasterS" parentTypeName="ItemMaster" typeClassName="T8_TI_CAE_AutoMasterS"
       description="Form Storage object for &quot;T8_TI_CAE_AutoMaster&quot; business object"
       isAbstract="false" artifactName="T8_TI_CAE_AutoMasterS"/>
   <TcStandardType typeName="T8_TI_CAE_AutoRevMasterS" parentTypeName="ItemVersionMaster"
       typeClassName="T8_TI_CAE_AutoRevMasterS" description="Form Storage object for &quot;T8_TI_CAE_AutoRevisionMaster&quot; business object"
       isAbstract="false" artifactName="T8_TI_CAE_AutoRevMasterS"/>
   <TcStandardType typeName="T8_TI_CAE_AutoRevision" parentTypeName="ItemRevision"
       typeClassName="T8_TI_CAE_AutoRevision" description="ItemRevision object for &quot;T8_TI_CAE_Auto&quot; business object"
       isAbstract="false" artifactName="T8_TI_CAE_AutoRevision"/>
   <TcStandardType typeName="T8_TI_CAE_Ideal" parentTypeName="CAEGeometry" typeClassName="T8_TI_CAE_Ideal"
       description="" isAbstract="false" artifactName="T8_TI_CAE_Ideal"/>
   <TcStandardType typeName="T8_TI_CAE_IdealMasterS" parentTypeName="CAEGeometryMasterStore"
       typeClassName="T8_TI_CAE_IdealMasterS" description="Form Storage object for &quot;T8_TI_CAE_IdealMaster&quot; business object"
       isAbstract="false" artifactName="T8_TI_CAE_IdealMasterS"/>
   <TcStandardType typeName="T8_TI_CAE_IdealRevMasterS" parentTypeName="CAEGeometryRevMasterStore"
       typeClassName="T8_TI_CAE_IdealRevMasterS" description="Form Storage object for &quot;T8_TI_CAE_IdealRevisionMaster&quot; business object"
       isAbstract="false" artifactName="T8_TI_CAE_IdealRevMasterS"/>
   <TcStandardType typeName="T8_TI_CAE_IdealRevision" parentTypeName="CAEGeometryRevision"
       typeClassName="T8_TI_CAE_IdealRevision" description="ItemRevision object for &quot;T8_TI_CAE_Ideal&quot; business object"
       isAbstract="false" artifactName="T8_TI_CAE_IdealRevision"/>
   <TcStandardType typeName="T8_TI_CAE_Model" parentTypeName="CAEModel" typeClassName="T8_TI_CAE_Model"
       description="" isAbstract="false" artifactName="T8_TI_CAE_Model"/>
   <TcStandardType typeName="T8_TI_CAE_ModelMasterS" parentTypeName="CAEModelMasterStore"
       typeClassName="T8_TI_CAE_ModelMasterS" description="Form Storage object for &quot;T8_TI_CAE_ModelMaster&quot; business object"
       isAbstract="false" artifactName="T8_TI_CAE_ModelMasterS"/>
   <TcStandardType typeName="T8_TI_CAE_ModelRevMasterS" parentTypeName="CAEModelRevMasterStore"
       typeClassName="T8_TI_CAE_ModelRevMasterS" description="Form Storage object for &quot;T8_TI_CAE_ModelRevisionMaster&quot; business object"
       isAbstract="false" artifactName="T8_TI_CAE_ModelRevMasterS"/>
   <TcStandardType typeName="T8_TI_CAE_ModelRevision" parentTypeName="CAEModelRevision"
       typeClassName="T8_TI_CAE_ModelRevision" description="ItemRevision object for &quot;T8_TI_CAE_Model&quot; business object"
       isAbstract="false" artifactName="T8_TI_CAE_ModelRevision"/>
   <TcStandardType typeName="T8_TI_CAE_Result" parentTypeName="CAEResult" typeClassName="T8_TI_CAE_Result"
       description="Item type to manage CAE results" isAbstract="false" artifactName="T8_TI_CAE_Result"/>
   <TcStandardType typeName="T8_TI_CAE_ResultMasterS" parentTypeName="CAEResultMasterStore"
       typeClassName="T8_TI_CAE_ResultMasterS" description="Form Storage object for &quot;T8_TI_CAE_ResultMaster&quot; business object"
       isAbstract="false" artifactName="T8_TI_CAE_ResultMasterS"/>
   <TcStandardType typeName="T8_TI_CAE_ResultRevMasterS" parentTypeName="CAEResultRevMasterStore"
       typeClassName="T8_TI_CAE_ResultRevMasterS" description="Form Storage object for &quot;T8_TI_CAE_ResultRevisionMaster&quot; business object"
       isAbstract="false" artifactName="T8_TI_CAE_ResultRevMasterS"/>
   <TcStandardType typeName="T8_TI_CAE_ResultRevision" parentTypeName="CAEResultRevision"
       typeClassName="T8_TI_CAE_ResultRevision" description="ItemRevision object for &quot;T8_TI_CAE_Result&quot; business object"
       isAbstract="false" artifactName="T8_TI_CAE_ResultRevision"/>
   <TcStandardType typeName="T8_t1a141CAERequest" parentTypeName="t1aForm" typeClassName="T8_t1a141CAERequest"
       description="Form Storage object for &quot;T8_TI_CAE Request&quot; business object"
       isAbstract="false" artifactName="T8_t1a141CAERequest"/>
   <TcOperationAttach operationName="PROP_set_value_tag" extendableElementName="T8_TICAEAnalysisRevisionMaster"
       extendableElementType="Type" propertyName="t8_AnalysisRequest" description="">
     <TcExtensionPoint extensionPointType="PostAction" isOverridable="true"/>
   </TcOperationAttach>
   <TcTypeConstantAttach constantName="CreateInput" typeName="T8_CAE_Request" value="T8_CAE_RequestCreI"/>
   <TcTypeConstantAttach constantName="CreateInput" typeName="T8_t1a141CAERequest"
       value="T8_t1a141CAERequestCreI"/>
   <TcTypeConstantAttach constantName="CreateInput" typeName="T8_T_CAERequest" value="T8_T_CAERequestCreI"/>
   <TcTypeConstantAttach constantName="CreateInput" typeName="T8_T_CAERequest Master"
       value="T8_T_CAERequestMasterCreI"/>
   <TcTypeConstantAttach constantName="CreateInput" typeName="T8_T_CAERequest Revision"
       value="T8_T_CAERequestRevisionCreI"/>
   <TcTypeConstantAttach constantName="CreateInput" typeName="T8_T_CAERequest Revision Master"
       value="T8_T_CAERequestRevisio_alt0CreI"/>
   <TcTypeConstantAttach constantName="CreateInput" typeName="T8_TI_CAE Request" value="T8_TI_CAERequestCreI"/>
   <TcTypeConstantAttach constantName="CreateInput" typeName="T8_TI_CAE_Auto" value="T8_TI_CAE_AutoCreI"/>
   <TcTypeConstantAttach constantName="CreateInput" typeName="T8_TI_CAE_AutoMaster"
       value="T8_TI_CAE_AutoMasterCreI"/>
   <TcTypeConstantAttach constantName="CreateInput" typeName="T8_TI_CAE_AutoMasterS"
       value="T8_TI_CAE_AutoMasterSCreI"/>
   <TcTypeConstantAttach constantName="CreateInput" typeName="T8_TI_CAE_AutoRevision"
       value="T8_TI_CAE_AutoRevisionCreI"/>
   <TcTypeConstantAttach constantName="CreateInput" typeName="T8_TI_CAE_AutoRevisionMaster"
       value="T8_TI_CAE_AutoRevision_alt0CreI"/>
   <TcTypeConstantAttach constantName="CreateInput" typeName="T8_TI_CAE_AutoRevMasterS"
       value="T8_TI_CAE_AutoRevMasterSCreI"/>
   <TcTypeConstantAttach constantName="CreateInput" typeName="T8_TI_CAE_Ideal" value="T8_TI_CAE_IdealCreI"/>
   <TcTypeConstantAttach constantName="CreateInput" typeName="T8_TI_CAE_IdealMaster"
       value="T8_TI_CAE_IdealMasterCreI"/>
   <TcTypeConstantAttach constantName="CreateInput" typeName="T8_TI_CAE_IdealMasterS"
       value="T8_TI_CAE_IdealMasterSCreI"/>
   <TcTypeConstantAttach constantName="CreateInput" typeName="T8_TI_CAE_IdealRevision"
       value="T8_TI_CAE_IdealRevisionCreI"/>
   <TcTypeConstantAttach constantName="CreateInput" typeName="T8_TI_CAE_IdealRevisionMaster"
       value="T8_TI_CAE_IdealRevisio_alt0CreI"/>
   <TcTypeConstantAttach constantName="CreateInput" typeName="T8_TI_CAE_IdealRevMasterS"
       value="T8_TI_CAE_IdealRevMasterSCreI"/>
   <TcTypeConstantAttach constantName="CreateInput" typeName="T8_TI_CAE_Model" value="T8_TI_CAE_ModelCreI"/>
   <TcTypeConstantAttach constantName="CreateInput" typeName="T8_TI_CAE_ModelMaster"
       value="T8_TI_CAE_ModelMasterCreI"/>
   <TcTypeConstantAttach constantName="CreateInput" typeName="T8_TI_CAE_ModelMasterS"
       value="T8_TI_CAE_ModelMasterSCreI"/>
   <TcTypeConstantAttach constantName="CreateInput" typeName="T8_TI_CAE_ModelRevision"
       value="T8_TI_CAE_ModelRevisionCreI"/>
   <TcTypeConstantAttach constantName="CreateInput" typeName="T8_TI_CAE_ModelRevisionMaster"
       value="T8_TI_CAE_ModelRevisio_alt0CreI"/>
   <TcTypeConstantAttach constantName="CreateInput" typeName="T8_TI_CAE_ModelRevMasterS"
       value="T8_TI_CAE_ModelRevMasterSCreI"/>
   <TcTypeConstantAttach constantName="CreateInput" typeName="T8_TI_CAE_Result" value="T8_TI_CAE_ResultCreI"/>
   <TcTypeConstantAttach constantName="CreateInput" typeName="T8_TI_CAE_ResultMaster"
       value="T8_TI_CAE_ResultMasterCreI"/>
   <TcTypeConstantAttach constantName="CreateInput" typeName="T8_TI_CAE_ResultMasterS"
       value="T8_TI_CAE_ResultMasterSCreI"/>
   <TcTypeConstantAttach constantName="CreateInput" typeName="T8_TI_CAE_ResultRevision"
       value="T8_TI_CAE_ResultRevisionCreI"/>
   <TcTypeConstantAttach constantName="CreateInput" typeName="T8_TI_CAE_ResultRevisionMaster"
       value="T8_TI_CAE_ResultRevisi_alt0CreI"/>
   <TcTypeConstantAttach constantName="CreateInput" typeName="T8_TI_CAE_ResultRevMasterS"
       value="T8_TI_CAE_ResultRevMasterSCreI"/>
   <TcTypeConstantAttach constantName="CreateInput" typeName="T8_TI_CAEAnalysisParts"
       value="T8_TI_CAEAnalysisPartsCreI"/>
   <TcTypeConstantAttach constantName="CreateInput" typeName="T8_TI_CAEData" value="T8_TI_CAEDataCreI"/>
   <TcTypeConstantAttach constantName="CreateInput" typeName="T8_TI_CAERequestRevisions"
       value="T8_TI_CAERequestRevisionsCreI"/>
   <TcTypeConstantAttach constantName="CreateInput" typeName="T8_TI_VRML_Rendering"
       value="T8_TI_VRML_RenderingCreI"/>
   <TcTypeConstantAttach constantName="CreateInput" typeName="T8_TICAEAnalysis" value="T8_TICAEAnalysisCreI"/>
   <TcTypeConstantAttach constantName="CreateInput" typeName="T8_TICAEAnalysisMaster"
       value="T8_TICAEAnalysisMasterCreI"/>
   <TcTypeConstantAttach constantName="CreateInput" typeName="T8_TICAEAnalysisMasterS"
       value="T8_TICAEAnalysisMasterSCreI"/>
   <TcTypeConstantAttach constantName="CreateInput" typeName="T8_TICAEAnalysisRevision"
       value="T8_TICAEAnalysisRevisionCreI"/>
   <TcTypeConstantAttach constantName="CreateInput" typeName="T8_TICAEAnalysisRevisionMaster"
       value="T8_TICAEAnalysisRevisi_alt0CreI"/>
   <TcTypeConstantAttach constantName="CreateInput" typeName="T8_TICAEAnalysisRevMasterS"
       value="T8_TICAEAnalysisRevMasterSCreI"/>
   <TcTypeConstantAttach constantName="DisplayName" typeName="CAEItemRevision" value="$item_id+&quot;/&quot;+$item_revision_id+&quot;-&quot;+$object_name"/>
   <TcTypeConstantAttach constantName="DisplayName" typeName="T8_TI_CAE_AutoRevision"
       value="$item_id+&quot;/&quot;+$item_revision_id+&quot;-&quot;+$object_name"/>
   <TcTypeConstantAttach constantName="ItemRevision" typeName="T8_T_CAERequest" value="T8_T_CAERequest Revision"/>
   <TcTypeConstantAttach constantName="ItemRevision" typeName="T8_TI_CAE_Auto" value="T8_TI_CAE_AutoRevision"/>
   <TcTypeConstantAttach constantName="ItemRevision" typeName="T8_TI_CAE_Ideal" value="T8_TI_CAE_IdealRevision"/>
   <TcTypeConstantAttach constantName="ItemRevision" typeName="T8_TI_CAE_Model" value="T8_TI_CAE_ModelRevision"/>
   <TcTypeConstantAttach constantName="ItemRevision" typeName="T8_TI_CAE_Result" value="T8_TI_CAE_ResultRevision"/>
   <TcTypeConstantAttach constantName="ItemRevision" typeName="T8_TICAEAnalysis" value="T8_TICAEAnalysisRevision"/>
   <TcTypeConstantAttach constantName="MasterForm" typeName="T8_T_CAERequest" value="T8_T_CAERequest Master"/>
   <TcTypeConstantAttach constantName="MasterForm" typeName="T8_T_CAERequest Revision"
       value="T8_T_CAERequest Revision Master"/>
   <TcTypeConstantAttach constantName="MasterForm" typeName="T8_TI_CAE_Auto" value="T8_TI_CAE_AutoMaster"/>
   <TcTypeConstantAttach constantName="MasterForm" typeName="T8_TI_CAE_AutoRevision"
       value="T8_TI_CAE_AutoRevisionMaster"/>
   <TcTypeConstantAttach constantName="MasterForm" typeName="T8_TI_CAE_Ideal" value="T8_TI_CAE_IdealMaster"/>
   <TcTypeConstantAttach constantName="MasterForm" typeName="T8_TI_CAE_IdealRevision"
       value="T8_TI_CAE_IdealRevisionMaster"/>
   <TcTypeConstantAttach constantName="MasterForm" typeName="T8_TI_CAE_Model" value="T8_TI_CAE_ModelMaster"/>
   <TcTypeConstantAttach constantName="MasterForm" typeName="T8_TI_CAE_ModelRevision"
       value="T8_TI_CAE_ModelRevisionMaster"/>
   <TcTypeConstantAttach constantName="MasterForm" typeName="T8_TI_CAE_Result" value="T8_TI_CAE_ResultMaster"/>
   <TcTypeConstantAttach constantName="MasterForm" typeName="T8_TI_CAE_ResultRevision"
       value="T8_TI_CAE_ResultRevisionMaster"/>
   <TcTypeConstantAttach constantName="MasterForm" typeName="T8_TICAEAnalysis" value="T8_TICAEAnalysisMaster"/>
   <TcTypeConstantAttach constantName="MasterForm" typeName="T8_TICAEAnalysisRevision"
       value="T8_TICAEAnalysisRevisionMaster"/>
   <TcTypeConstantAttach constantName="ReviseInput" typeName="T8_T_CAERequest Revision"
       value="T8_T_CAERequest_0_Revi_alt0RevI"/>
   <TcTypeConstantAttach constantName="ReviseInput" typeName="T8_TI_CAE_AutoRevision"
       value="T8_TI_CAE_AutoRevisionRevI"/>
   <TcTypeConstantAttach constantName="ReviseInput" typeName="T8_TI_CAE_IdealRevision"
       value="T8_TI_CAE_IdealRevisionRevI"/>
   <TcTypeConstantAttach constantName="ReviseInput" typeName="T8_TI_CAE_ModelRevision"
       value="T8_TI_CAE_ModelRevisionRevI"/>
   <TcTypeConstantAttach constantName="ReviseInput" typeName="T8_TI_CAE_ResultRevision"
       value="T8_TI_CAE_ResultRevisionRevI"/>
   <TcTypeConstantAttach constantName="ReviseInput" typeName="T8_TICAEAnalysisRevision"
       value="T8_TICAEAnalysisRevisionRevI"/>
   <TcTypeConstantAttach constantName="SaveAsInput" typeName="T8_CAE_Request" value="T8_CAE_RequestSvAI"/>
   <TcTypeConstantAttach constantName="SaveAsInput" typeName="T8_t1a141CAERequest"
       value="T8_t1a141CAERequestSvAI"/>
   <TcTypeConstantAttach constantName="SaveAsInput" typeName="T8_T_CAERequest" value="T8_T_CAERequestSvAI"/>
   <TcTypeConstantAttach constantName="SaveAsInput" typeName="T8_T_CAERequest Master"
       value="T8_T_CAERequestMasterSvAI"/>
   <TcTypeConstantAttach constantName="SaveAsInput" typeName="T8_T_CAERequest Revision"
       value="T8_T_CAERequestRevisionSvAI"/>
   <TcTypeConstantAttach constantName="SaveAsInput" typeName="T8_T_CAERequest Revision Master"
       value="T8_T_CAERequestRevisio_alt0SvAI"/>
   <TcTypeConstantAttach constantName="SaveAsInput" typeName="T8_TI_CAE Request" value="T8_TI_CAERequestSvAI"/>
   <TcTypeConstantAttach constantName="SaveAsInput" typeName="T8_TI_CAE_Auto" value="T8_TI_CAE_AutoSvAI"/>
   <TcTypeConstantAttach constantName="SaveAsInput" typeName="T8_TI_CAE_AutoMaster"
       value="T8_TI_CAE_AutoMasterSvAI"/>
   <TcTypeConstantAttach constantName="SaveAsInput" typeName="T8_TI_CAE_AutoMasterS"
       value="T8_TI_CAE_AutoMasterSSvAI"/>
   <TcTypeConstantAttach constantName="SaveAsInput" typeName="T8_TI_CAE_AutoRevision"
       value="T8_TI_CAE_AutoRevisionSvAI"/>
   <TcTypeConstantAttach constantName="SaveAsInput" typeName="T8_TI_CAE_AutoRevisionMaster"
       value="T8_TI_CAE_AutoRevision_alt0SvAI"/>
   <TcTypeConstantAttach constantName="SaveAsInput" typeName="T8_TI_CAE_AutoRevMasterS"
       value="T8_TI_CAE_AutoRevMasterSSvAI"/>
   <TcTypeConstantAttach constantName="SaveAsInput" typeName="T8_TI_CAE_Ideal" value="T8_TI_CAE_IdealSvAI"/>
   <TcTypeConstantAttach constantName="SaveAsInput" typeName="T8_TI_CAE_IdealMaster"
       value="T8_TI_CAE_IdealMasterSvAI"/>
   <TcTypeConstantAttach constantName="SaveAsInput" typeName="T8_TI_CAE_IdealMasterS"
       value="T8_TI_CAE_IdealMasterSSvAI"/>
   <TcTypeConstantAttach constantName="SaveAsInput" typeName="T8_TI_CAE_IdealRevision"
       value="T8_TI_CAE_IdealRevisionSvAI"/>
   <TcTypeConstantAttach constantName="SaveAsInput" typeName="T8_TI_CAE_IdealRevisionMaster"
       value="T8_TI_CAE_IdealRevisio_alt0SvAI"/>
   <TcTypeConstantAttach constantName="SaveAsInput" typeName="T8_TI_CAE_IdealRevMasterS"
       value="T8_TI_CAE_IdealRevMasterSSvAI"/>
   <TcTypeConstantAttach constantName="SaveAsInput" typeName="T8_TI_CAE_Model" value="T8_TI_CAE_ModelSvAI"/>
   <TcTypeConstantAttach constantName="SaveAsInput" typeName="T8_TI_CAE_ModelMaster"
       value="T8_TI_CAE_ModelMasterSvAI"/>
   <TcTypeConstantAttach constantName="SaveAsInput" typeName="T8_TI_CAE_ModelMasterS"
       value="T8_TI_CAE_ModelMasterSSvAI"/>
   <TcTypeConstantAttach constantName="SaveAsInput" typeName="T8_TI_CAE_ModelRevision"
       value="T8_TI_CAE_ModelRevisionSvAI"/>
   <TcTypeConstantAttach constantName="SaveAsInput" typeName="T8_TI_CAE_ModelRevisionMaster"
       value="T8_TI_CAE_ModelRevisio_alt0SvAI"/>
   <TcTypeConstantAttach constantName="SaveAsInput" typeName="T8_TI_CAE_ModelRevMasterS"
       value="T8_TI_CAE_ModelRevMasterSSvAI"/>
   <TcTypeConstantAttach constantName="SaveAsInput" typeName="T8_TI_CAE_Result" value="T8_TI_CAE_ResultSvAI"/>
   <TcTypeConstantAttach constantName="SaveAsInput" typeName="T8_TI_CAE_ResultMaster"
       value="T8_TI_CAE_ResultMasterSvAI"/>
   <TcTypeConstantAttach constantName="SaveAsInput" typeName="T8_TI_CAE_ResultMasterS"
       value="T8_TI_CAE_ResultMasterSSvAI"/>
   <TcTypeConstantAttach constantName="SaveAsInput" typeName="T8_TI_CAE_ResultRevision"
       value="T8_TI_CAE_ResultRevisionSvAI"/>
   <TcTypeConstantAttach constantName="SaveAsInput" typeName="T8_TI_CAE_ResultRevisionMaster"
       value="T8_TI_CAE_ResultRevisi_alt0SvAI"/>
   <TcTypeConstantAttach constantName="SaveAsInput" typeName="T8_TI_CAE_ResultRevMasterS"
       value="T8_TI_CAE_ResultRevMasterSSvAI"/>
   <TcTypeConstantAttach constantName="SaveAsInput" typeName="T8_TI_CAEAnalysisParts"
       value="T8_TI_CAEAnalysisPartsSvAI"/>
   <TcTypeConstantAttach constantName="SaveAsInput" typeName="T8_TI_CAEData" value="T8_TI_CAEDataSvAI"/>
   <TcTypeConstantAttach constantName="SaveAsInput" typeName="T8_TI_CAERequestRevisions"
       value="T8_TI_CAERequestRevisionsSvAI"/>
   <TcTypeConstantAttach constantName="SaveAsInput" typeName="T8_TICAEAnalysis" value="T8_TICAEAnalysisSvAI"/>
   <TcTypeConstantAttach constantName="SaveAsInput" typeName="T8_TICAEAnalysisMaster"
       value="T8_TICAEAnalysisMasterSvAI"/>
   <TcTypeConstantAttach constantName="SaveAsInput" typeName="T8_TICAEAnalysisMasterS"
       value="T8_TICAEAnalysisMasterSSvAI"/>
   <TcTypeConstantAttach constantName="SaveAsInput" typeName="T8_TICAEAnalysisRevision"
       value="T8_TICAEAnalysisRevisionSvAI"/>
   <TcTypeConstantAttach constantName="SaveAsInput" typeName="T8_TICAEAnalysisRevisionMaster"
       value="T8_TICAEAnalysisRevisi_alt0SvAI"/>
   <TcTypeConstantAttach constantName="SaveAsInput" typeName="T8_TICAEAnalysisRevMasterS"
       value="T8_TICAEAnalysisRevMasterSSvAI"/>
   <TcPropertyConstantAttach constantName="ComplexProperty" typeName="T8_T_CAERequest Revision"
       propertyName="object_name" value="&quot;CAE Request&quot;"/>
   <TcPropertyConstantAttach constantName="ComplexProperty" typeName="T8_T_CAERequest"
       propertyName="object_name" value="&quot;CAE Request&quot;"/>
   <TcPropertyConstantAttach constantName="ComplexProperty" typeName="T8_TI_CAE_Auto"
       propertyName="object_name" value=""/>
   <TcPropertyConstantAttach constantName="ComplexProperty" typeName="T8_TI_CAE_Ideal"
       propertyName="object_name" value="&quot;CAE Ideal&quot;"/>
   <TcPropertyConstantAttach constantName="ComplexProperty" typeName="T8_TI_CAE_IdealRevision"
       propertyName="object_name" value="&quot;CAE Ideal&quot;"/>
   <TcPropertyConstantAttach constantName="ComplexProperty" typeName="T8_TI_CAE_Model"
       propertyName="object_name" value="&quot;CAE Model&quot;"/>
   <TcPropertyConstantAttach constantName="ComplexProperty" typeName="T8_TI_CAE_ModelRevision"
       propertyName="object_name" value="&quot;CAE Model&quot;"/>
   <TcPropertyConstantAttach constantName="ComplexProperty" typeName="T8_TI_CAE_Result"
       propertyName="object_name" value="&quot;CAE Result&quot;"/>
   <TcPropertyConstantAttach constantName="ComplexProperty" typeName="T8_TI_CAE_ResultRevision"
       propertyName="object_name" value="&quot;CAE Result&quot;"/>
   <TcPropertyConstantAttach constantName="ComplexProperty" typeName="T8_TICAEAnalysis"
       propertyName="object_name" value="&quot;CAE Analysis&quot;"/>
   <TcPropertyConstantAttach constantName="ComplexProperty" typeName="T8_TICAEAnalysisRevision"
       propertyName="object_name" value="&quot;CAE Analysis&quot;"/>
   <TcPropertyConstantAttach constantName="Enabled" typeName="CAEResult" propertyName="object_desc"
       value="true"/>
   <TcPropertyConstantAttach constantName="Enabled" typeName="CAEResult" propertyName="object_name"
       value="true"/>
   <TcPropertyConstantAttach constantName="Enabled" typeName="T8_T_CAERequest Revision"
       propertyName="object_name" value="true"/>
   <TcPropertyConstantAttach constantName="Enabled" typeName="T8_TI_CAE Request" propertyName="t8_t1a141analysisreqdate"
       value="false"/>
   <TcPropertyConstantAttach constantName="Enabled" typeName="T8_TI_CAE Request" propertyName="t8_t1a141analysisrequestor"
       value="true"/>
   <TcPropertyConstantAttach constantName="Enabled" typeName="T8_TI_CAE_Auto" propertyName="object_desc"
       value="true"/>
   <TcPropertyConstantAttach constantName="Enabled" typeName="T8_TI_CAE_Auto" propertyName="object_name"
       value="true"/>
   <TcPropertyConstantAttach constantName="Enabled" typeName="T8_TI_CAE_AutoRevision"
       propertyName="object_desc" value="true"/>
   <TcPropertyConstantAttach constantName="Enabled" typeName="T8_TI_CAE_AutoRevision"
       propertyName="object_name" value="true"/>
   <TcPropertyConstantAttach constantName="Enabled" typeName="T8_TI_CAE_Ideal" propertyName="object_desc"
       value="true"/>
   <TcPropertyConstantAttach constantName="Enabled" typeName="T8_TI_CAE_Ideal" propertyName="object_name"
       value="true"/>
   <TcPropertyConstantAttach constantName="Enabled" typeName="T8_TI_CAE_IdealRevision"
       propertyName="object_desc" value="true"/>
   <TcPropertyConstantAttach constantName="Enabled" typeName="T8_TI_CAE_IdealRevision"
       propertyName="object_name" value="true"/>
   <TcPropertyConstantAttach constantName="Enabled" typeName="T8_TI_CAE_Model" propertyName="object_desc"
       value="true"/>
   <TcPropertyConstantAttach constantName="Enabled" typeName="T8_TI_CAE_Model" propertyName="object_name"
       value="true"/>
   <TcPropertyConstantAttach constantName="Enabled" typeName="T8_TI_CAE_ModelRevision"
       propertyName="object_desc" value="true"/>
   <TcPropertyConstantAttach constantName="Enabled" typeName="T8_TI_CAE_ModelRevision"
       propertyName="object_name" value="true"/>
   <TcPropertyConstantAttach constantName="Enabled" typeName="T8_TI_CAE_Result" propertyName="object_desc"
       value="true"/>
   <TcPropertyConstantAttach constantName="Enabled" typeName="T8_TI_CAE_Result" propertyName="object_name"
       value="true"/>
   <TcPropertyConstantAttach constantName="Enabled" typeName="T8_TI_CAE_ResultRevision"
       propertyName="object_desc" value="true"/>
   <TcPropertyConstantAttach constantName="Enabled" typeName="T8_TI_CAE_ResultRevision"
       propertyName="object_name" value="true"/>
   <TcPropertyConstantAttach constantName="Enabled" typeName="T8_TICAEAnalysis" propertyName="object_desc"
       value="true"/>
   <TcPropertyConstantAttach constantName="Enabled" typeName="T8_TICAEAnalysis" propertyName="object_name"
       value="true"/>
   <TcPropertyConstantAttach constantName="Enabled" typeName="T8_TICAEAnalysisRevision"
       propertyName="object_desc" value="true"/>
   <TcPropertyConstantAttach constantName="Enabled" typeName="T8_TICAEAnalysisRevision"
       propertyName="object_name" value="true"/>
   <TcPropertyConstantAttach constantName="Enabled" typeName="T8_TICAEAnalysisRevisionMaster"
       propertyName="t8_OEM_Automation_Rev" value="false"/>
   <TcPropertyConstantAttach constantName="Enabled" typeName="T8_TICAEAnalysisRevisionMaster"
       propertyName="t8_TI_Manually_Modified" value="true"/>
   <TcPropertyConstantAttach constantName="InitialValue" typeName="T8_T_CAERequest Revision"
       propertyName="object_name" value="CAE Request"/>
   <TcPropertyConstantAttach constantName="InitialValue" typeName="T8_T_CAERequest"
       propertyName="object_name" value="CAE Request"/>
   <TcPropertyConstantAttach constantName="InitialValue" typeName="T8_TI_CAE_Ideal"
       propertyName="object_name" value="CAE Ideal"/>
   <TcPropertyConstantAttach constantName="InitialValue" typeName="T8_TI_CAE_IdealRevision"
       propertyName="object_name" value="CAE Ideal"/>
   <TcPropertyConstantAttach constantName="InitialValue" typeName="T8_TI_CAE_Model"
       propertyName="object_name" value="CAE Model"/>
   <TcPropertyConstantAttach constantName="InitialValue" typeName="T8_TI_CAE_ModelRevision"
       propertyName="object_name" value="CAE Model"/>
   <TcPropertyConstantAttach constantName="InitialValue" typeName="T8_TI_CAE_Result"
       propertyName="object_name" value="CAE Result"/>
   <TcPropertyConstantAttach constantName="InitialValue" typeName="T8_TI_CAE_ResultRevision"
       propertyName="object_name" value="CAE Result"/>
   <TcPropertyConstantAttach constantName="InitialValue" typeName="T8_TICAEAnalysis"
       propertyName="object_name" value="CAE Analysis"/>
   <TcPropertyConstantAttach constantName="InitialValue" typeName="T8_TICAEAnalysisRevision"
       propertyName="object_name" value="CAE Analysis"/>
   <TcPropertyConstantAttach constantName="Modifiable" typeName="CAEResult" propertyName="object_desc"
       value="Write"/>
   <TcPropertyConstantAttach constantName="Modifiable" typeName="CAEResult" propertyName="object_name"
       value="Write"/>
   <TcPropertyConstantAttach constantName="Modifiable" typeName="DMTemplateRevision Master"
       propertyName="t8_CAE_Request_Comp" value="Write"/>
   <TcPropertyConstantAttach constantName="Modifiable" typeName="DMTemplateRevision Master"
       propertyName="t8_CAE_Request_Pass" value="Write"/>
   <TcPropertyConstantAttach constantName="Modifiable" typeName="DMTemplateRevision Master"
       propertyName="t8_TI_Analysis_Type" value="Write"/>
   <TcPropertyConstantAttach constantName="Modifiable" typeName="DMTemplateRevision Master"
       propertyName="t8_TI_Solver_Name" value="Write"/>
   <TcPropertyConstantAttach constantName="Modifiable" typeName="DMTemplateRevision"
       propertyName="t8_CAE_Analysis_Requestor" value="Write"/>
   <TcPropertyConstantAttach constantName="Modifiable" typeName="DMTemplateRevision"
       propertyName="t8_CAE_Req_Comp" value="Write"/>
   <TcPropertyConstantAttach constantName="Modifiable" typeName="DMTemplateRevision"
       propertyName="t8_CAE_Req_Pass" value="Write"/>
   <TcPropertyConstantAttach constantName="Modifiable" typeName="DMTemplateRevision"
       propertyName="t8_Request_CompDate" value="Write"/>
   <TcPropertyConstantAttach constantName="Modifiable" typeName="DMTemplateRevision"
       propertyName="t8_Request_Date" value="Write"/>
   <TcPropertyConstantAttach constantName="Modifiable" typeName="DMTemplateRevision"
       propertyName="t8_Request_DeptNum" value="Write"/>
   <TcPropertyConstantAttach constantName="Modifiable" typeName="DMTemplateRevision"
       propertyName="t8_Request_Desc" value="Write"/>
   <TcPropertyConstantAttach constantName="Modifiable" typeName="DMTemplateRevision"
       propertyName="t8_Request_ID" value="Write"/>
   <TcPropertyConstantAttach constantName="Modifiable" typeName="DMTemplateRevision"
       propertyName="t8_Request_Item" value="Write"/>
   <TcPropertyConstantAttach constantName="Modifiable" typeName="DMTemplateRevision"
       propertyName="t8_Request_Location" value="Write"/>
   <TcPropertyConstantAttach constantName="Modifiable" typeName="DMTemplateRevision"
       propertyName="t8_Request_Matl" value="Write"/>
   <TcPropertyConstantAttach constantName="Modifiable" typeName="DMTemplateRevision"
       propertyName="t8_Request_Prog" value="Write"/>
   <TcPropertyConstantAttach constantName="Modifiable" typeName="DMTemplateRevision"
       propertyName="t8_TI_Analysis_Form_Input" value="Write"/>
   <TcPropertyConstantAttach constantName="Modifiable" typeName="DMTemplateRevision"
       propertyName="t8_TI_Solver_Form_Input" value="Write"/>
   <TcPropertyConstantAttach constantName="Modifiable" typeName="T8_T_CAERequest Revision"
       propertyName="object_name" value="Write"/>
   <TcPropertyConstantAttach constantName="Modifiable" typeName="T8_T_CAERequest Revision"
       propertyName="t8_Request_CompDate" value="Write"/>
   <TcPropertyConstantAttach constantName="Modifiable" typeName="T8_T_CAERequest Revision"
       propertyName="t8_Request_Date" value="Write"/>
   <TcPropertyConstantAttach constantName="Modifiable" typeName="T8_T_CAERequest Revision"
       propertyName="t8_Request_DeptNum" value="Write"/>
   <TcPropertyConstantAttach constantName="Modifiable" typeName="T8_T_CAERequest Revision"
       propertyName="t8_Request_Desc" value="Write"/>
   <TcPropertyConstantAttach constantName="Modifiable" typeName="T8_T_CAERequest Revision"
       propertyName="t8_Request_Item" value="Write"/>
   <TcPropertyConstantAttach constantName="Modifiable" typeName="T8_T_CAERequest Revision"
       propertyName="t8_Request_Location" value="Write"/>
   <TcPropertyConstantAttach constantName="Modifiable" typeName="T8_T_CAERequest Revision"
       propertyName="t8_Request_Matl" value="Write"/>
   <TcPropertyConstantAttach constantName="Modifiable" typeName="T8_T_CAERequest Revision"
       propertyName="t8_Request_Prog" value="Write"/>
   <TcPropertyConstantAttach constantName="Modifiable" typeName="T8_T_CAERequest Revision"
       propertyName="T8_TI_CAEAnalysisParts" value="Write"/>
   <TcPropertyConstantAttach constantName="Modifiable" typeName="T8_T_CAERequest Revision"
       propertyName="T8_TI_CAERequestRevisions" value="Write"/>
   <TcPropertyConstantAttach constantName="Modifiable" typeName="T8_T_CAERequest"
       propertyName="object_name" value="Write"/>
   <TcPropertyConstantAttach constantName="Modifiable" typeName="T8_T_CAERequest"
       propertyName="T8_TI_CAEData" value="Write"/>
   <TcPropertyConstantAttach constantName="Modifiable" typeName="T8_TI_CAE Request"
       propertyName="t8_t1a141analysisdesc" value="Write"/>
   <TcPropertyConstantAttach constantName="Modifiable" typeName="T8_TI_CAE Request"
       propertyName="t8_t1a141analysisitem" value="Write"/>
   <TcPropertyConstantAttach constantName="Modifiable" typeName="T8_TI_CAE Request"
       propertyName="t8_t1a141analysispartfamily" value="Write"/>
   <TcPropertyConstantAttach constantName="Modifiable" typeName="T8_TI_CAE Request"
       propertyName="t8_t1a141analysisreqdate" value="Write"/>
   <TcPropertyConstantAttach constantName="Modifiable" typeName="T8_TI_CAE Request"
       propertyName="t8_t1a141analysisreqnumber" value="Write"/>
   <TcPropertyConstantAttach constantName="Modifiable" typeName="T8_TI_CAE Request"
       propertyName="t8_t1a141analysisrequestor" value="Write"/>
   <TcPropertyConstantAttach constantName="Modifiable" typeName="T8_TI_CAE Request"
       propertyName="t8_t1a141customer" value="Write"/>
   <TcPropertyConstantAttach constantName="Modifiable" typeName="T8_TI_CAE Request"
       propertyName="t8_t1a141material" value="Write"/>
   <TcPropertyConstantAttach constantName="Modifiable" typeName="T8_TI_CAE Request"
       propertyName="t8_t1a141program" value="Write"/>
   <TcPropertyConstantAttach constantName="Modifiable" typeName="T8_TI_CAE Request"
       propertyName="t8_t1a141reqcompletiondate" value="Write"/>
   <TcPropertyConstantAttach constantName="Modifiable" typeName="T8_TI_CAE Request"
       propertyName="t8_t1a141shopordernumber" value="Write"/>
   <TcPropertyConstantAttach constantName="Modifiable" typeName="T8_TI_CAE_Auto" propertyName="object_desc"
       value="Write"/>
   <TcPropertyConstantAttach constantName="Modifiable" typeName="T8_TI_CAE_Auto" propertyName="object_name"
       value="Write Only If Null"/>
   <TcPropertyConstantAttach constantName="Modifiable" typeName="T8_TI_CAE_AutoRevision"
       propertyName="object_desc" value="Write"/>
   <TcPropertyConstantAttach constantName="Modifiable" typeName="T8_TI_CAE_AutoRevision"
       propertyName="object_name" value="Write Only If Null"/>
   <TcPropertyConstantAttach constantName="Modifiable" typeName="T8_TI_CAE_AutoRevisionMaster"
       propertyName="t8_CAE_Auto_Rev_Desc" value="Write"/>
   <TcPropertyConstantAttach constantName="Modifiable" typeName="T8_TI_CAE_AutoRevisionMaster"
       propertyName="t8_CAE_Automation_Type" value="Write"/>
   <TcPropertyConstantAttach constantName="Modifiable" typeName="T8_TI_CAE_Ideal"
       propertyName="object_desc" value="Write"/>
   <TcPropertyConstantAttach constantName="Modifiable" typeName="T8_TI_CAE_Ideal"
       propertyName="object_name" value="Write"/>
   <TcPropertyConstantAttach constantName="Modifiable" typeName="T8_TI_CAE_IdealRevision"
       propertyName="object_desc" value="Write"/>
   <TcPropertyConstantAttach constantName="Modifiable" typeName="T8_TI_CAE_IdealRevision"
       propertyName="object_name" value="Write"/>
   <TcPropertyConstantAttach constantName="Modifiable" typeName="T8_TI_CAE_Model"
       propertyName="object_desc" value="Write"/>
   <TcPropertyConstantAttach constantName="Modifiable" typeName="T8_TI_CAE_Model"
       propertyName="object_name" value="Write"/>
   <TcPropertyConstantAttach constantName="Modifiable" typeName="T8_TI_CAE_ModelRevision"
       propertyName="object_desc" value="Write"/>
   <TcPropertyConstantAttach constantName="Modifiable" typeName="T8_TI_CAE_ModelRevision"
       propertyName="object_name" value="Write"/>
   <TcPropertyConstantAttach constantName="Modifiable" typeName="T8_TI_CAE_Result"
       propertyName="object_desc" value="Write"/>
   <TcPropertyConstantAttach constantName="Modifiable" typeName="T8_TI_CAE_Result"
       propertyName="object_name" value="Write"/>
   <TcPropertyConstantAttach constantName="Modifiable" typeName="T8_TI_CAE_ResultRevision"
       propertyName="object_desc" value="Write"/>
   <TcPropertyConstantAttach constantName="Modifiable" typeName="T8_TI_CAE_ResultRevision"
       propertyName="object_name" value="Write"/>
   <TcPropertyConstantAttach constantName="Modifiable" typeName="T8_TI_CAE_ResultRevision"
       propertyName="t8_CAE_Analysis_Requestor" value="Write"/>
   <TcPropertyConstantAttach constantName="Modifiable" typeName="T8_TI_CAE_ResultRevision"
       propertyName="t8_CAE_Req_Comp" value="Write"/>
   <TcPropertyConstantAttach constantName="Modifiable" typeName="T8_TI_CAE_ResultRevision"
       propertyName="t8_CAE_Req_Pass" value="Write"/>
   <TcPropertyConstantAttach constantName="Modifiable" typeName="T8_TI_CAE_ResultRevision"
       propertyName="t8_CAE_Requestor" value="Write"/>
   <TcPropertyConstantAttach constantName="Modifiable" typeName="T8_TI_CAE_ResultRevision"
       propertyName="t8_Request_CompDate" value="Write"/>
   <TcPropertyConstantAttach constantName="Modifiable" typeName="T8_TI_CAE_ResultRevision"
       propertyName="t8_Request_Date" value="Write"/>
   <TcPropertyConstantAttach constantName="Modifiable" typeName="T8_TI_CAE_ResultRevision"
       propertyName="t8_Request_DeptNum" value="Write"/>
   <TcPropertyConstantAttach constantName="Modifiable" typeName="T8_TI_CAE_ResultRevision"
       propertyName="t8_Request_Desc" value="Write"/>
   <TcPropertyConstantAttach constantName="Modifiable" typeName="T8_TI_CAE_ResultRevision"
       propertyName="t8_Request_ID" value="Write"/>
   <TcPropertyConstantAttach constantName="Modifiable" typeName="T8_TI_CAE_ResultRevision"
       propertyName="t8_Request_Item" value="Write"/>
   <TcPropertyConstantAttach constantName="Modifiable" typeName="T8_TI_CAE_ResultRevision"
       propertyName="t8_Request_Location" value="Write"/>
   <TcPropertyConstantAttach constantName="Modifiable" typeName="T8_TI_CAE_ResultRevision"
       propertyName="t8_Request_Matl" value="Write"/>
   <TcPropertyConstantAttach constantName="Modifiable" typeName="T8_TI_CAE_ResultRevision"
       propertyName="t8_Request_Prog" value="Write"/>
   <TcPropertyConstantAttach constantName="Modifiable" typeName="T8_TI_CAE_ResultRevisionMaster"
       propertyName="t8_Analysis_Complete" value="Write"/>
   <TcPropertyConstantAttach constantName="Modifiable" typeName="T8_TI_CAE_ResultRevisionMaster"
       propertyName="t8_Analysis_Pass" value="Write"/>
   <TcPropertyConstantAttach constantName="Modifiable" typeName="T8_TICAEAnalysis"
       propertyName="object_desc" value="Write"/>
   <TcPropertyConstantAttach constantName="Modifiable" typeName="T8_TICAEAnalysis"
       propertyName="object_name" value="Write"/>
   <TcPropertyConstantAttach constantName="Modifiable" typeName="T8_TICAEAnalysisRevision"
       propertyName="object_desc" value="Write"/>
   <TcPropertyConstantAttach constantName="Modifiable" typeName="T8_TICAEAnalysisRevision"
       propertyName="object_name" value="Write"/>
   <TcPropertyConstantAttach constantName="Modifiable" typeName="T8_TICAEAnalysisRevisionMaster"
       propertyName="t8_TI_Manually_Modified" value="Write"/>
   <TcPropertyConstantAttach constantName="Modifiable" typeName="TI_Product" propertyName="T8_CAE_Request"
       value="Write"/>
   <TcPropertyConstantAttach constantName="Required" typeName="CAE0ToolCreI" propertyName="object_desc"
       value="false"/>
   <TcPropertyConstantAttach constantName="Required" typeName="CAEResult" propertyName="object_desc"
       value="true"/>
   <TcPropertyConstantAttach constantName="Required" typeName="T8_TI_CAE Request"
       propertyName="t8_t1a141analysisdesc" value="true"/>
   <TcPropertyConstantAttach constantName="Required" typeName="T8_TI_CAE Request"
       propertyName="t8_t1a141analysisitem" value="false"/>
   <TcPropertyConstantAttach constantName="Required" typeName="T8_TI_CAE Request"
       propertyName="t8_t1a141analysispartfamily" value="true"/>
   <TcPropertyConstantAttach constantName="Required" typeName="T8_TI_CAE Request"
       propertyName="t8_t1a141analysisrequestor" value="true"/>
   <TcPropertyConstantAttach constantName="Required" typeName="T8_TI_CAE Request"
       propertyName="t8_t1a141customer" value="true"/>
   <TcPropertyConstantAttach constantName="Required" typeName="T8_TI_CAE Request"
       propertyName="t8_t1a141material" value="true"/>
   <TcPropertyConstantAttach constantName="Required" typeName="T8_TI_CAE Request"
       propertyName="t8_t1a141program" value="true"/>
   <TcPropertyConstantAttach constantName="Required" typeName="T8_TI_CAE Request"
       propertyName="t8_t1a141reqcompletiondate" value="true"/>
   <TcPropertyConstantAttach constantName="Required" typeName="T8_TI_CAE Request"
       propertyName="t8_t1a141shopordernumber" value="true"/>
   <TcPropertyConstantAttach constantName="Required" typeName="T8_TI_CAE_Auto" propertyName="object_desc"
       value="true"/>
   <TcPropertyConstantAttach constantName="Required" typeName="T8_TI_CAE_Ideal" propertyName="object_desc"
       value="true"/>
   <TcPropertyConstantAttach constantName="Required" typeName="T8_TI_CAE_Ideal" propertyName="object_name"
       value="true"/>
   <TcPropertyConstantAttach constantName="Required" typeName="T8_TI_CAE_Model" propertyName="object_desc"
       value="true"/>
   <TcPropertyConstantAttach constantName="Required" typeName="T8_TI_CAE_Model" propertyName="object_name"
       value="true"/>
   <TcPropertyConstantAttach constantName="Required" typeName="T8_TI_CAE_Result" propertyName="object_desc"
       value="true"/>
   <TcPropertyConstantAttach constantName="Required" typeName="T8_TI_CAE_Result" propertyName="object_name"
       value="true"/>
   <TcPropertyConstantAttach constantName="Required" typeName="T8_TICAEAnalysis" propertyName="object_desc"
       value="true"/>
   <TcPropertyConstantAttach constantName="Required" typeName="T8_TICAEAnalysis" propertyName="object_name"
       value="true"/>
   <TcPropertyConstantAttach constantName="Visible" typeName="T8_T_CAERequestRevisionCreI"
       propertyName="IMAN_master_form_rev" value="false"/>
   <TcPropertyConstantAttach constantName="Visible" typeName="T8_TI_CAE Request" propertyName="t8_t1a141analysisitem"
       value="false"/>
   <TcPropertyConstantAttach constantName="Visible" typeName="T8_TI_CAE_IdealRevisionCreI"
       propertyName="IMAN_master_form_rev" value="false"/>
   <TcPropertyConstantAttach constantName="Visible" typeName="T8_TI_CAE_ModelRevisionCreI"
       propertyName="IMAN_master_form_rev" value="false"/>
   <TcLOVAttach lovName="Fnd0Logical" typeName="T8_TICAEAnalysisRevisionMaster">
     <TcLOVAttachPropertyInfo valuePropertyName="t8_TI_Manually_Modified" conditionName="isTrue"
         override="false" level="0"/>
   </TcLOVAttach>
</Add>
</TcBusinessData>
