<?xml version="1.0" encoding="UTF-8"?>
<TcBusinessData xmlns="http://teamcenter.com/BusinessModel/TcBusinessData" Date="">
<Add>
   <BusinessObjectInterface name="T8_TICAEAnalysisRevisionMaster" namespace="TI_Common"
       libraryName="T8_TIAutoExt" createRelease="tc9000.1.0" typeName="T8_TICAEAnalysisRevisionMaster"
       primaryInterface="true" description="Interface Name for Business Object T8_TICAEAnalysisRevisionMaster"/>
   <TcPropertyAttach typeName="ItemRevision">
     <TcProperty propName="T8_TI_CAE_Manufacturing" propTypeName="Relation" propValueType="PROP_untyped_relation"
         propMaxStringLength="0" isArray="true" arrayLength="-1" description="Relationship from Analysis Revision to Model. Applied at IR due to bug in Tc4Sim."
         referencedTypeConstant="" referencedType=""/>
   </TcPropertyAttach>
   <TcTypeConstantAttach constantName="MaxAllowedWorkRevsForItemCopyRev" typeName="T8_TI_CAE_AutoRevision"
       value="1"/>
   <TcPropertyConstantAttach constantName="Enabled" typeName="T8_TICAEAnalysisRevisionMaster"
       propertyName="t8_OEM_Burst_Pass_Crit" value="true"/>
   <TcPropertyConstantAttach constantName="Enabled" typeName="T8_TICAEAnalysisRevisionMaster"
       propertyName="t8_OEM_Burst_Temp" value="true"/>
   <TcPropertyConstantAttach constantName="Enabled" typeName="T8_TICAEAnalysisRevisionMaster"
       propertyName="t8_OEM_Drop_Fill_Vol" value="true"/>
   <TcPropertyConstantAttach constantName="Enabled" typeName="T8_TICAEAnalysisRevisionMaster"
       propertyName="t8_OEM_Drop_Fluid" value="true"/>
   <TcPropertyConstantAttach constantName="Enabled" typeName="T8_TICAEAnalysisRevisionMaster"
       propertyName="t8_OEM_Drop_Temp" value="true"/>
   <TcPropertyConstantAttach constantName="Enabled" typeName="T8_TICAEAnalysisRevisionMaster"
       propertyName="t8_OEM_PV_Fill_Percent" value="true"/>
   <TcPropertyConstantAttach constantName="Enabled" typeName="T8_TICAEAnalysisRevisionMaster"
       propertyName="t8_OEM_PV_Fluid" value="true"/>
   <TcPropertyConstantAttach constantName="Enabled" typeName="T8_TICAEAnalysisRevisionMaster"
       propertyName="t8_OEM_PV_Pressure" value="true"/>
   <TcPropertyConstantAttach constantName="Enabled" typeName="T8_TICAEAnalysisRevisionMaster"
       propertyName="t8_OEM_PV_Temp" value="true"/>
   <TcPropertyConstantAttach constantName="Enabled" typeName="T8_TICAEAnalysisRevisionMaster"
       propertyName="t8_OEM_PV_Test_Pass" value="true"/>
   <TcPropertyConstantAttach constantName="Enabled" typeName="T8_TICAEAnalysisRevisionMaster"
       propertyName="t8_OEM_PV_Vacuum" value="true"/>
   <TcPropertyConstantAttach constantName="Enabled" typeName="T8_TICAEAnalysisRevisionMaster"
       propertyName="t8_OEM_Sag_Fill_Percent" value="true"/>
   <TcPropertyConstantAttach constantName="Enabled" typeName="T8_TICAEAnalysisRevisionMaster"
       propertyName="t8_OEM_Sag_Fluid" value="true"/>
   <TcPropertyConstantAttach constantName="Enabled" typeName="T8_TICAEAnalysisRevisionMaster"
       propertyName="t8_OEM_Sag_Temp" value="true"/>
   <TcPropertyConstantAttach constantName="Modifiable" typeName="DMTemplateRevision"
       propertyName="t8_CAEOEM_Test_Spec" value="Write"/>
   <TcPropertyConstantAttach constantName="Modifiable" typeName="ItemRevision" propertyName="T8_TI_CAE_Manufacturing"
       value="Write"/>
   <TcPropertyConstantAttach constantName="Modifiable" typeName="T8_TI_CAE Request"
       propertyName="t8_t1a141OEMtestspec" value="Write"/>
   <TcPropertyConstantAttach constantName="Modifiable" typeName="T8_TI_CAE_ModelRevision"
       propertyName="t8_TI_Tank_Wall_Thk" value="Write"/>
   <TcPropertyConstantAttach constantName="Modifiable" typeName="T8_TI_CAE_ModelRevisionMaster"
       propertyName="t8_TI_Tank_Thickness" value="Write"/>
   <TcPropertyConstantAttach constantName="Modifiable" typeName="T8_TI_CAE_ResultRevision"
       propertyName="t8_CAEOEM_Test_Spec" value="Write"/>
   <TcPropertyConstantAttach constantName="Modifiable" typeName="T8_TI_CAE_ResultRevision"
       propertyName="t8_TI_Analysis_Form_Input" value="Write"/>
   <TcPropertyConstantAttach constantName="Modifiable" typeName="T8_TI_CAE_ResultRevision"
       propertyName="t8_TI_Solver_Form_Input" value="Write"/>
   <TcPropertyConstantAttach constantName="Modifiable" typeName="T8_TI_CAE_ResultRevisionMaster"
       propertyName="t8_TI_Analysis_Type" value="Write"/>
   <TcPropertyConstantAttach constantName="Modifiable" typeName="T8_TI_CAE_ResultRevisionMaster"
       propertyName="t8_TI_SimulationTestType" value="Write"/>
   <TcPropertyConstantAttach constantName="Modifiable" typeName="T8_TI_CAE_ResultRevisionMaster"
       propertyName="t8_TI_Solver_Type" value="Write"/>
   <TcPropertyConstantAttach constantName="Modifiable" typeName="T8_TICAEAnalysisRevisionMaster"
       propertyName="t8_AnalysisReqDesc" value="Write"/>
   <TcPropertyConstantAttach constantName="Modifiable" typeName="T8_TICAEAnalysisRevisionMaster"
       propertyName="t8_AnalysisRequest" value="Write"/>
   <TcPropertyConstantAttach constantName="Modifiable" typeName="T8_TICAEAnalysisRevisionMaster"
       propertyName="t8_OEM_Automation_Rev" value="Write"/>
   <TcPropertyConstantAttach constantName="Modifiable" typeName="T8_TICAEAnalysisRevisionMaster"
       propertyName="t8_OEM_Burst_Pass_Crit" value="Write Only If Null"/>
   <TcPropertyConstantAttach constantName="Modifiable" typeName="T8_TICAEAnalysisRevisionMaster"
       propertyName="t8_OEM_Burst_Temp" value="Write Only If Null"/>
   <TcPropertyConstantAttach constantName="Modifiable" typeName="T8_TICAEAnalysisRevisionMaster"
       propertyName="t8_OEM_Drop_Fill_Vol" value="Write Only If Null"/>
   <TcPropertyConstantAttach constantName="Modifiable" typeName="T8_TICAEAnalysisRevisionMaster"
       propertyName="t8_OEM_Drop_Fluid" value="Write Only If Null"/>
   <TcPropertyConstantAttach constantName="Modifiable" typeName="T8_TICAEAnalysisRevisionMaster"
       propertyName="t8_OEM_Drop_Temp" value="Write Only If Null"/>
   <TcPropertyConstantAttach constantName="Modifiable" typeName="T8_TICAEAnalysisRevisionMaster"
       propertyName="t8_OEM_PV_Fill_Percent" value="Write Only If Null"/>
   <TcPropertyConstantAttach constantName="Modifiable" typeName="T8_TICAEAnalysisRevisionMaster"
       propertyName="t8_OEM_PV_Fluid" value="Write Only If Null"/>
   <TcPropertyConstantAttach constantName="Modifiable" typeName="T8_TICAEAnalysisRevisionMaster"
       propertyName="t8_OEM_PV_Pressure" value="Write Only If Null"/>
   <TcPropertyConstantAttach constantName="Modifiable" typeName="T8_TICAEAnalysisRevisionMaster"
       propertyName="t8_OEM_PV_Temp" value="Write Only If Null"/>
   <TcPropertyConstantAttach constantName="Modifiable" typeName="T8_TICAEAnalysisRevisionMaster"
       propertyName="t8_OEM_PV_Test_Pass" value="Write Only If Null"/>
   <TcPropertyConstantAttach constantName="Modifiable" typeName="T8_TICAEAnalysisRevisionMaster"
       propertyName="t8_OEM_PV_Vacuum" value="Write Only If Null"/>
   <TcPropertyConstantAttach constantName="Modifiable" typeName="T8_TICAEAnalysisRevisionMaster"
       propertyName="t8_OEM_Sag_Fill_Percent" value="Write Only If Null"/>
   <TcPropertyConstantAttach constantName="Modifiable" typeName="T8_TICAEAnalysisRevisionMaster"
       propertyName="t8_OEM_Sag_Fluid" value="Write Only If Null"/>
   <TcPropertyConstantAttach constantName="Modifiable" typeName="T8_TICAEAnalysisRevisionMaster"
       propertyName="t8_OEM_Sag_Temp" value="Write Only If Null"/>
   <TcPropertyConstantAttach constantName="Modifiable" typeName="T8_TICAEAnalysisRevisionMaster"
       propertyName="t8_Request_Spec" value="Write"/>
   <TcPropertyConstantAttach constantName="Modifiable" typeName="T8_TICAEAnalysisRevisionMaster"
       propertyName="t8_TI_Result_Analysis_Type" value="Write"/>
   <TcPropertyConstantAttach constantName="Modifiable" typeName="T8_TICAEAnalysisRevisionMaster"
       propertyName="t8_TI_Result_Solver_Name" value="Write"/>
   <TcPropertyConstantAttach constantName="Modifiable" typeName="T8_TICAEAnalysisRevisionMaster"
       propertyName="t8_TI_Simulation_Test_Type" value="Write"/>
</Add>
</TcBusinessData>
