<?xml version="1.0" encoding="UTF-8"?>
<TcBusinessData xmlns="http://teamcenter.com/BusinessModel/TcBusinessData" Date="">
<Add>
   <TcClass className="T8_CMTIChangedForms" parentClassName="CMRelation" isExportable="true"
       isUninstantiable="false" isUninheritable="false" description=""/>
   <TcClass className="T8_CMTIDrawingItems" parentClassName="CMRelation" isExportable="true"
       isUninstantiable="false" isUninheritable="false" description=""/>
   <TcClass className="T8_CMTIObsoleteItems" parentClassName="CMRelation" isExportable="true"
       isUninstantiable="false" isUninheritable="false" description=""/>
   <TcClass className="T8_CMTISummaryImages" parentClassName="CMRelation" isExportable="true"
       isUninstantiable="false" isUninheritable="false" description=""/>
   <TcClass className="T8_TI_Change" parentClassName="ChangeNotice" isExportable="true"
       isUninstantiable="false" isUninheritable="false" description=""/>
   <TcClass className="T8_TI_ChangeMasterS" parentClassName="ChangeNoticeMaster" isExportable="false"
       isUninstantiable="false" isUninheritable="false" description=""/>
   <TcClass className="T8_TI_ChangeRevMasterS" parentClassName="ChangeNoticeVerMaster"
       isExportable="false" isUninstantiable="false" isUninheritable="false" description=""/>
   <TcClass className="T8_TI_ChangeRevision" parentClassName="ChangeNoticeRevision"
       isExportable="true" isUninstantiable="false" isUninheritable="false" description="">
     <TcAttribute attributeName="t8_t1aobsoleteitems" description="" attributeType="POM_typed_reference"
         maxStringLength="0" isArray="true" followOnExport="false" isNullsAllowed="true"
         isUnique="false" isPublicRead="true" isPublicWrite="true" isCandidateKey="false"
         arrayLength="-1" isTransient="false" exportAsString="false" noBackpointer="false"
         typedRefClassName="Item"/>
     <TcAttribute attributeName="t8_t1achangedforms" description="" attributeType="POM_typed_reference"
         maxStringLength="0" isArray="true" followOnExport="false" isNullsAllowed="true"
         isUnique="false" isPublicRead="true" isPublicWrite="true" isCandidateKey="false"
         arrayLength="-1" isTransient="false" exportAsString="false" noBackpointer="false"
         typedRefClassName="Form"/>
     <TcAttribute attributeName="t8_appliedassignmentlist" description="" attributeType="POM_string"
         maxStringLength="128" isArray="false" followOnExport="false" isNullsAllowed="true"
         isUnique="false" isPublicRead="true" isPublicWrite="true" isCandidateKey="false"
         isTransient="false" exportAsString="false" noBackpointer="false" lowerBoundValue=""
         upperBoundValue=""/>
     <TcAttribute attributeName="t8_progressionreport" description="" attributeType="POM_long_string"
         maxStringLength="0" isArray="true" followOnExport="false" isNullsAllowed="true"
         isUnique="false" isPublicRead="true" isPublicWrite="true" isCandidateKey="false"
         arrayLength="-1" isTransient="false" exportAsString="false" noBackpointer="false"/>
   </TcClass>
   <OperationInputType typeName="T8_CMTIChangedFormsCreI" parentTypeName="CMRelationCreI"
       typeClassName="T8_CMTIChangedFormsCreI" description="" isAbstract="false" artifactName="T8_CMTIChangedFormsCreI"/>
   <OperationInputType typeName="T8_CMTIChangedFormsSvAI" parentTypeName="CMRelationSvAI"
       typeClassName="T8_CMTIChangedFormsSvAI" description="" isAbstract="false" artifactName="T8_CMTIChangedFormsSvAI"/>
   <OperationInputType typeName="T8_CMTIDrawingItemsCreI" parentTypeName="CMRelationCreI"
       typeClassName="T8_CMTIDrawingItemsCreI" description="" isAbstract="false" artifactName="T8_CMTIDrawingItemsCreI"/>
   <OperationInputType typeName="T8_CMTIDrawingItemsSvAI" parentTypeName="CMRelationSvAI"
       typeClassName="T8_CMTIDrawingItemsSvAI" description="" isAbstract="false" artifactName="T8_CMTIDrawingItemsSvAI"/>
   <OperationInputType typeName="T8_CMTIObsoleteItemsCreI" parentTypeName="CMRelationCreI"
       typeClassName="T8_CMTIObsoleteItemsCreI" description="" isAbstract="false"
       artifactName="T8_CMTIObsoleteItemsCreI"/>
   <OperationInputType typeName="T8_CMTIObsoleteItemsSvAI" parentTypeName="CMRelationSvAI"
       typeClassName="T8_CMTIObsoleteItemsSvAI" description="" isAbstract="false"
       artifactName="T8_CMTIObsoleteItemsSvAI"/>
   <OperationInputType typeName="T8_CMTISummaryImagesCreI" parentTypeName="CMRelationCreI"
       typeClassName="T8_CMTISummaryImagesCreI" description="" isAbstract="false"
       artifactName="T8_CMTISummaryImagesCreI"/>
   <OperationInputType typeName="T8_CMTISummaryImagesSvAI" parentTypeName="CMRelationSvAI"
       typeClassName="T8_CMTISummaryImagesSvAI" description="" isAbstract="false"
       artifactName="T8_CMTISummaryImagesSvAI"/>
   <OperationInputType typeName="T8_TI_ChangeCreI" parentTypeName="ChangeNoticeCreI"
       typeClassName="T8_TI_ChangeCreI" description="" isAbstract="false" artifactName="T8_TI_ChangeCreI"/>
   <OperationInputType typeName="T8_TI_ChangeMasterCreI" parentTypeName="ChangeNotice MasterCreI"
       typeClassName="T8_TI_ChangeMasterCreI" description="" isAbstract="false" artifactName="T8_TI_ChangeMasterCreI"/>
   <OperationInputType typeName="T8_TI_ChangeMasterSCreI" parentTypeName="ChangeNoticeMasterCreI"
       typeClassName="T8_TI_ChangeMasterSCreI" description="" isAbstract="false" artifactName="T8_TI_ChangeMasterSCreI"/>
   <OperationInputType typeName="T8_TI_ChangeMasterSSvAI" parentTypeName="ChangeNoticeMasterSvAI"
       typeClassName="T8_TI_ChangeMasterSSvAI" description="" isAbstract="false" artifactName="T8_TI_ChangeMasterSSvAI"/>
   <OperationInputType typeName="T8_TI_ChangeMasterSvAI" parentTypeName="ChangeNotice MasterSvAI"
       typeClassName="T8_TI_ChangeMasterSvAI" description="" isAbstract="false" artifactName="T8_TI_ChangeMasterSvAI"/>
   <OperationInputType typeName="T8_TI_ChangeRevMasterSCreI" parentTypeName="ChangeNoticeVerMasterCreI"
       typeClassName="T8_TI_ChangeRevMasterSCreI" description="" isAbstract="false"
       artifactName="T8_TI_ChangeRevMasterSCreI"/>
   <OperationInputType typeName="T8_TI_ChangeRevMasterSSvAI" parentTypeName="ChangeNoticeVerMasterSvAI"
       typeClassName="T8_TI_ChangeRevMasterSSvAI" description="" isAbstract="false"
       artifactName="T8_TI_ChangeRevMasterSSvAI"/>
   <OperationInputType typeName="T8_TI_ChangeRevisionCreI" parentTypeName="ChangeNoticeRevisionCreI"
       typeClassName="T8_TI_ChangeRevisionCreI" description="" isAbstract="false"
       artifactName="T8_TI_ChangeRevisionCreI"/>
   <OperationInputType typeName="T8_TI_ChangeRevisionMasterCreI" parentTypeName="ChangeNoticeRevision MasterCreI"
       typeClassName="T8_TI_ChangeRevisionMasterCreI" description="" isAbstract="false"
       artifactName="T8_TI_ChangeRevisionMasterCreI"/>
   <OperationInputType typeName="T8_TI_ChangeRevisionMasterSvAI" parentTypeName="ChangeNoticeRevision MasterSvAI"
       typeClassName="T8_TI_ChangeRevisionMasterSvAI" description="" isAbstract="false"
       artifactName="T8_TI_ChangeRevisionMasterSvAI"/>
   <OperationInputType typeName="T8_TI_ChangeRevisionRevI" parentTypeName="ChangeNoticeRevisionRevI"
       typeClassName="T8_TI_ChangeRevisionRevI" description="" isAbstract="false"
       artifactName="T8_TI_ChangeRevisionRevI"/>
   <OperationInputType typeName="T8_TI_ChangeRevisionSvAI" parentTypeName="ChangeNoticeRevisionSvAI"
       typeClassName="T8_TI_ChangeRevisionSvAI" description="" isAbstract="false"
       artifactName="T8_TI_ChangeRevisionSvAI"/>
   <OperationInputType typeName="T8_TI_ChangeSvAI" parentTypeName="ChangeNoticeSvAI"
       typeClassName="T8_TI_ChangeSvAI" description="" isAbstract="false" artifactName="T8_TI_ChangeSvAI"/>
   <TcForm typeName="T8_TI_ChangeMaster" parentTypeName="ChangeNotice Master" typeClassName="Form"
       description="" isAbstract="false" artifactName="T8_TI_ChangeMaster" formStorageClassName="T8_TI_ChangeMasterS"/>
   <TcForm typeName="T8_TI_ChangeRevisionMaster" parentTypeName="ChangeNoticeRevision Master"
       typeClassName="Form" description="" isAbstract="false" artifactName="T8_TI_ChangeRevisionMaster"
       formStorageClassName="T8_TI_ChangeRevMasterS"/>
   <TcStandardType typeName="T8_CMTIChangedForms" parentTypeName="CMRelation" typeClassName="T8_CMTIChangedForms"
       description="" isAbstract="false" artifactName="T8_CMTIChangedForms"/>
   <TcStandardType typeName="T8_CMTIDrawingItems" parentTypeName="CMRelation" typeClassName="T8_CMTIDrawingItems"
       description="" isAbstract="false" artifactName="T8_CMTIDrawingItems"/>
   <TcStandardType typeName="T8_CMTIObsoleteItems" parentTypeName="CMRelation" typeClassName="T8_CMTIObsoleteItems"
       description="Obsolete Items" isAbstract="false" artifactName="T8_CMTIObsoleteItems"/>
   <TcStandardType typeName="T8_CMTISummaryImages" parentTypeName="CMRelation" typeClassName="T8_CMTISummaryImages"
       description="" isAbstract="false" artifactName="T8_CMTISummaryImages"/>
   <TcStandardType typeName="T8_TI_Change" parentTypeName="ChangeNotice" typeClassName="T8_TI_Change"
       description="" isAbstract="false" artifactName="T8_TI_Change"/>
   <TcStandardType typeName="T8_TI_ChangeMasterS" parentTypeName="ChangeNoticeMaster"
       typeClassName="T8_TI_ChangeMasterS" description="" isAbstract="false" artifactName="T8_TI_ChangeMasterS"/>
   <TcStandardType typeName="T8_TI_ChangeRevMasterS" parentTypeName="ChangeNoticeVerMaster"
       typeClassName="T8_TI_ChangeRevMasterS" description="" isAbstract="false" artifactName="T8_TI_ChangeRevMasterS"/>
   <TcStandardType typeName="T8_TI_ChangeRevision" parentTypeName="ChangeNoticeRevision"
       typeClassName="T8_TI_ChangeRevision" description="" isAbstract="false" artifactName="T8_TI_ChangeRevision">
     <TcProperty propName="T8_CMTIChangedForms" propTypeName="Relation" propValueType="PROP_untyped_relation"
         propMaxStringLength="0" isArray="true" arrayLength="-1" description="" referencedTypeConstant=""
         referencedType=""/>
     <TcProperty propName="T8_CMTIObsoleteItems" propTypeName="Relation" propValueType="PROP_untyped_relation"
         propMaxStringLength="0" isArray="true" arrayLength="-1" description="" referencedTypeConstant=""
         referencedType=""/>
     <TcProperty propName="t8_taskstartdate" propTypeName="Runtime" propValueType="PROP_string"
         propMaxStringLength="128" isArray="false" arrayLength="0" description=""
         referencedTypeConstant="" referencedType=""/>
     <TcProperty propName="t8_responsibleparty" propTypeName="Runtime" propValueType="PROP_string"
         propMaxStringLength="512" isArray="false" arrayLength="0" description=""
         referencedTypeConstant="" referencedType=""/>
     <TcProperty propName="t8_activetask" propTypeName="Runtime" propValueType="PROP_string"
         propMaxStringLength="256" isArray="false" arrayLength="0" description=""
         referencedTypeConstant="" referencedType=""/>
     <TcProperty propName="T8_CMTIDrawingItems" propTypeName="Relation" propValueType="PROP_untyped_relation"
         propMaxStringLength="0" isArray="true" arrayLength="-1" description="" referencedTypeConstant=""
         referencedType=""/>
     <TcProperty propName="T8_CMTISummaryImages" propTypeName="Relation" propValueType="PROP_untyped_relation"
         propMaxStringLength="0" isArray="true" arrayLength="-1" description="" referencedTypeConstant=""
         referencedType=""/>
     <TcProperty propName="T8_CMTIRPAForms" propTypeName="Relation" propValueType="PROP_untyped_relation"
         propMaxStringLength="0" isArray="true" arrayLength="-1" description="" referencedTypeConstant=""
         referencedType=""/>
   </TcStandardType>
   <TcPropertyAttach typeName="EngChange Revision">
     <TcProperty propName="CMImpactedItems" propTypeName="Runtime" propValueType="PROP_untyped_reference"
         propMaxStringLength="0" isArray="true" arrayLength="-1" description="" referencedTypeConstant=""
         referencedType=""/>
   </TcPropertyAttach>
   <TcPropertyAttach typeName="EngChange Revision">
     <TcProperty propName="CMProblemItems" propTypeName="Runtime" propValueType="PROP_untyped_reference"
         propMaxStringLength="0" isArray="true" arrayLength="-1" description="" referencedTypeConstant=""
         referencedType=""/>
   </TcPropertyAttach>
   <TcPropertyAttach typeName="EngChange Revision">
     <TcProperty propName="CMReferenceItems" propTypeName="Runtime" propValueType="PROP_untyped_reference"
         propMaxStringLength="0" isArray="true" arrayLength="-1" description="" referencedTypeConstant=""
         referencedType=""/>
   </TcPropertyAttach>
   <TcPropertyAttach typeName="EngChange Revision">
     <TcProperty propName="CMSolutionItems" propTypeName="Runtime" propValueType="PROP_untyped_reference"
         propMaxStringLength="0" isArray="true" arrayLength="-1" description="" referencedTypeConstant=""
         referencedType=""/>
   </TcPropertyAttach>
   <TcPropertyAttach typeName="EngChange Revision">
     <TcProperty propName="t8_t1achangedforms" propTypeName="Runtime" propValueType="PROP_untyped_reference"
         propMaxStringLength="0" isArray="true" arrayLength="-1" description="" referencedTypeConstant=""
         referencedType=""/>
   </TcPropertyAttach>
   <TcPropertyAttach typeName="EngChange Revision">
     <TcProperty propName="t8_t1aobsoleteitems" propTypeName="Runtime" propValueType="PROP_untyped_reference"
         propMaxStringLength="0" isArray="true" arrayLength="-1" description="" referencedTypeConstant=""
         referencedType=""/>
   </TcPropertyAttach>
   <Condition name="T8_isT8_TI_ChangeCreatable" expression="Condition::isTrue()" secured="false"
       description="This condition determines if T8_TI_Change is creatable by user.">
     <ConditionParameter name="u" parameterTypeName="UserSession"/>
   </Condition>
   <Condition name="T8_isTICMHasImpactedItemCreatable" expression="Condition::isTrue()"
       secured="false" description="">
     <ConditionParameter name="o" parameterTypeName="T8_TI_ChangeRevision"/>
     <ConditionParameter name="u" parameterTypeName="UserSession"/>
   </Condition>
   <Condition name="T8_isTICMHasProblemItemCreatable" expression="Condition::isTrue()"
       secured="false" description="">
     <ConditionParameter name="o" parameterTypeName="T8_TI_ChangeRevision"/>
     <ConditionParameter name="u" parameterTypeName="UserSession"/>
   </Condition>
   <Condition name="T8_isTICMHasSolutionItemCreatable" expression="Condition::isTrue()"
       secured="false" description="">
     <ConditionParameter name="o" parameterTypeName="T8_TI_ChangeRevision"/>
     <ConditionParameter name="u" parameterTypeName="UserSession"/>
   </Condition>
   <Condition name="T8_isTICMReferencesCreatable" expression="Condition::isTrue()"
       secured="false" description="">
     <ConditionParameter name="o" parameterTypeName="T8_TI_ChangeRevision"/>
     <ConditionParameter name="u" parameterTypeName="UserSession"/>
   </Condition>
   <TcTypeConstantAttach constantName="Cm0AnalystAssignableCondition" typeName="T8_TI_ChangeRevision"
       value="isAnalystAssignable"/>
   <TcTypeConstantAttach constantName="CMHasImpactedItemCreCondition" typeName="T8_TI_ChangeRevision"
       value="isTrue"/>
   <TcTypeConstantAttach constantName="CMHasProblemItemCreCondition" typeName="T8_TI_ChangeRevision"
       value="isTrue"/>
   <TcTypeConstantAttach constantName="CMHasSolutionItemCreCondition" typeName="T8_TI_ChangeRevision"
       value="isTrue"/>
   <TcTypeConstantAttach constantName="CMReferencesCreCondition" typeName="T8_TI_ChangeRevision"
       value="isTrue"/>
   <TcTypeConstantAttach constantName="CreateInput" typeName="T8_CMTIChangedForms"
       value="T8_CMTIChangedFormsCreI"/>
   <TcTypeConstantAttach constantName="CreateInput" typeName="T8_CMTIDrawingItems"
       value="T8_CMTIDrawingItemsCreI"/>
   <TcTypeConstantAttach constantName="CreateInput" typeName="T8_CMTIObsoleteItems"
       value="T8_CMTIObsoleteItemsCreI"/>
   <TcTypeConstantAttach constantName="CreateInput" typeName="T8_CMTISummaryImages"
       value="T8_CMTISummaryImagesCreI"/>
   <TcTypeConstantAttach constantName="CreateInput" typeName="T8_TI_Change" value="T8_TI_ChangeCreI"/>
   <TcTypeConstantAttach constantName="CreateInput" typeName="T8_TI_ChangeMaster"
       value="T8_TI_ChangeMasterCreI"/>
   <TcTypeConstantAttach constantName="CreateInput" typeName="T8_TI_ChangeMasterS"
       value="T8_TI_ChangeMasterSCreI"/>
   <TcTypeConstantAttach constantName="CreateInput" typeName="T8_TI_ChangeRevision"
       value="T8_TI_ChangeRevisionCreI"/>
   <TcTypeConstantAttach constantName="CreateInput" typeName="T8_TI_ChangeRevisionMaster"
       value="T8_TI_ChangeRevisionMasterCreI"/>
   <TcTypeConstantAttach constantName="CreateInput" typeName="T8_TI_ChangeRevMasterS"
       value="T8_TI_ChangeRevMasterSCreI"/>
   <TcTypeConstantAttach constantName="DisplayName" typeName="T8_TI_ChangeRevision"
       value="$item_id+&quot;/&quot;+$item_revision_id+&quot;-&quot;+$object_name"/>
   <TcTypeConstantAttach constantName="Fnd0EnableSubmitToWorkflow" typeName="ChangeItemCreI"
       value="true"/>
   <TcTypeConstantAttach constantName="Fnd0EnableSubmitToWorkflow" typeName="ItemCreI"
       value="false"/>
   <TcTypeConstantAttach constantName="Fnd0EnableSubmitToWorkflow" typeName="ItemSvAI"
       value="false"/>
   <TcTypeConstantAttach constantName="Fnd0EnableSubmitToWorkflow" typeName="T8_TI_ChangeCreI"
       value="false"/>
   <TcTypeConstantAttach constantName="Fnd0EnableSubmitToWorkflow" typeName="T8_TI_ChangeSvAI"
       value="true"/>
   <TcTypeConstantAttach constantName="ItemRevision" typeName="T8_TI_Change" value="T8_TI_ChangeRevision"/>
   <TcTypeConstantAttach constantName="MasterForm" typeName="T8_TI_Change" value="T8_TI_ChangeMaster"/>
   <TcTypeConstantAttach constantName="MasterForm" typeName="T8_TI_ChangeRevision"
       value="T8_TI_ChangeRevisionMaster"/>
   <TcTypeConstantAttach constantName="ReviseInput" typeName="T8_TI_ChangeRevision"
       value="T8_TI_ChangeRevisionRevI"/>
   <TcTypeConstantAttach constantName="SaveAsInput" typeName="T8_CMTIChangedForms"
       value="T8_CMTIChangedFormsSvAI"/>
   <TcTypeConstantAttach constantName="SaveAsInput" typeName="T8_CMTIDrawingItems"
       value="T8_CMTIDrawingItemsSvAI"/>
   <TcTypeConstantAttach constantName="SaveAsInput" typeName="T8_CMTIObsoleteItems"
       value="T8_CMTIObsoleteItemsSvAI"/>
   <TcTypeConstantAttach constantName="SaveAsInput" typeName="T8_CMTISummaryImages"
       value="T8_CMTISummaryImagesSvAI"/>
   <TcTypeConstantAttach constantName="SaveAsInput" typeName="T8_TI_Change" value="T8_TI_ChangeSvAI"/>
   <TcTypeConstantAttach constantName="SaveAsInput" typeName="T8_TI_ChangeMaster"
       value="T8_TI_ChangeMasterSvAI"/>
   <TcTypeConstantAttach constantName="SaveAsInput" typeName="T8_TI_ChangeMasterS"
       value="T8_TI_ChangeMasterSSvAI"/>
   <TcTypeConstantAttach constantName="SaveAsInput" typeName="T8_TI_ChangeRevision"
       value="T8_TI_ChangeRevisionSvAI"/>
   <TcTypeConstantAttach constantName="SaveAsInput" typeName="T8_TI_ChangeRevisionMaster"
       value="T8_TI_ChangeRevisionMasterSvAI"/>
   <TcTypeConstantAttach constantName="SaveAsInput" typeName="T8_TI_ChangeRevMasterS"
       value="T8_TI_ChangeRevMasterSSvAI"/>
   <TcPropertyConstantAttach constantName="CopyFromOriginal" typeName="T8_TI_ChangeRevision"
       propertyName="t8_appliedassignmentlist" value="false"/>
   <TcPropertyConstantAttach constantName="CopyFromOriginal" typeName="T8_TI_ChangeRevision"
       propertyName="t8_progressionreport" value="false"/>
   <TcPropertyConstantAttach constantName="Enabled" typeName="T8_TI_ChangeRevision"
       propertyName="t8_activetask" value="false"/>
   <TcPropertyConstantAttach constantName="Enabled" typeName="T8_TI_ChangeRevision"
       propertyName="t8_appliedassignmentlist" value="false"/>
   <TcPropertyConstantAttach constantName="Enabled" typeName="T8_TI_ChangeRevision"
       propertyName="T8_CMTIChangedForms" value="true"/>
   <TcPropertyConstantAttach constantName="Enabled" typeName="T8_TI_ChangeRevision"
       propertyName="T8_CMTIDrawingItems" value="true"/>
   <TcPropertyConstantAttach constantName="Enabled" typeName="T8_TI_ChangeRevision"
       propertyName="T8_CMTIObsoleteItems" value="true"/>
   <TcPropertyConstantAttach constantName="Enabled" typeName="T8_TI_ChangeRevision"
       propertyName="T8_CMTISummaryImages" value="true"/>
   <TcPropertyConstantAttach constantName="Enabled" typeName="T8_TI_ChangeRevision"
       propertyName="t8_progressionreport" value="false"/>
   <TcPropertyConstantAttach constantName="Enabled" typeName="T8_TI_ChangeRevision"
       propertyName="t8_responsibleparty" value="false"/>
   <TcPropertyConstantAttach constantName="Enabled" typeName="T8_TI_ChangeRevision"
       propertyName="t8_t1achangedforms" value="true"/>
   <TcPropertyConstantAttach constantName="Enabled" typeName="T8_TI_ChangeRevision"
       propertyName="t8_t1aobsoleteitems" value="true"/>
   <TcPropertyConstantAttach constantName="Enabled" typeName="T8_TI_ChangeRevision"
       propertyName="t8_taskstartdate" value="false"/>
   <TcPropertyConstantAttach constantName="Modifiable" typeName="T8_TI_Change" propertyName="item_id"
       value="Write Only If Null"/>
   <TcPropertyConstantAttach constantName="Modifiable" typeName="T8_TI_ChangeRevision"
       propertyName="item_revision_id" value="Write Only If Null"/>
   <TcPropertyConstantAttach constantName="Modifiable" typeName="T8_TI_ChangeRevision"
       propertyName="t8_activetask" value="Write"/>
   <TcPropertyConstantAttach constantName="Modifiable" typeName="T8_TI_ChangeRevision"
       propertyName="t8_appliedassignmentlist" value="Write"/>
   <TcPropertyConstantAttach constantName="Modifiable" typeName="T8_TI_ChangeRevision"
       propertyName="T8_CMTIChangedForms" value="Write"/>
   <TcPropertyConstantAttach constantName="Modifiable" typeName="T8_TI_ChangeRevision"
       propertyName="T8_CMTIDrawingItems" value="Write"/>
   <TcPropertyConstantAttach constantName="Modifiable" typeName="T8_TI_ChangeRevision"
       propertyName="T8_CMTIObsoleteItems" value="Write"/>
   <TcPropertyConstantAttach constantName="Modifiable" typeName="T8_TI_ChangeRevision"
       propertyName="T8_CMTISummaryImages" value="Write"/>
   <TcPropertyConstantAttach constantName="Modifiable" typeName="T8_TI_ChangeRevision"
       propertyName="t8_progressionreport" value="Write"/>
   <TcPropertyConstantAttach constantName="Modifiable" typeName="T8_TI_ChangeRevision"
       propertyName="t8_responsibleparty" value="Write"/>
   <TcPropertyConstantAttach constantName="Modifiable" typeName="T8_TI_ChangeRevision"
       propertyName="t8_t1achangedforms" value="Write"/>
   <TcPropertyConstantAttach constantName="Modifiable" typeName="T8_TI_ChangeRevision"
       propertyName="t8_t1aobsoleteitems" value="Write"/>
   <TcPropertyConstantAttach constantName="Modifiable" typeName="T8_TI_ChangeRevision"
       propertyName="t8_taskstartdate" value="Write"/>
   <TcDeepCopyRule typeName="T8_TI_ChangeRevision" relRefPropName="CMHasImpactedItem"
       propertyType="Relation" objectTypeName="ItemRevision" conditionName="isTrue"
       operationName="ITEM_copy_rev" copyType="NoCopy" isTargetPrimary="true" secured="true"
       copyRelationAttributes="true" isRequired="false" description=""/>
   <TcDeepCopyRule typeName="T8_TI_ChangeRevision" relRefPropName="CMHasProblemItem"
       propertyType="Relation" objectTypeName="ItemRevision" conditionName="isTrue"
       operationName="ITEM_copy_rev" copyType="NoCopy" isTargetPrimary="true" secured="true"
       copyRelationAttributes="true" isRequired="false" description=""/>
   <TcDeepCopyRule typeName="T8_TI_ChangeRevision" relRefPropName="CMHasSolutionItem"
       propertyType="Relation" objectTypeName="ItemRevision" conditionName="isTrue"
       operationName="ITEM_copy_rev" copyType="NoCopy" isTargetPrimary="true" secured="true"
       copyRelationAttributes="true" isRequired="false" description=""/>
   <TcDeepCopyRule typeName="T8_TI_ChangeRevision" relRefPropName="CMReferences" propertyType="Relation"
       objectTypeName="WorkspaceObject" conditionName="isTrue" operationName="ITEM_copy_rev"
       copyType="NoCopy" isTargetPrimary="true" secured="true" copyRelationAttributes="true"
       isRequired="false" description=""/>
   <TcDeepCopyRule typeName="T8_TI_ChangeRevision" relRefPropName="IMAN_master_form"
       propertyType="Relation" objectTypeName="T8_TI_ChangeRevisionMaster" conditionName="isTrue"
       operationName="ITEM_copy_rev" copyType="CopyAsObject" isTargetPrimary="true"
       secured="true" copyRelationAttributes="true" isRequired="false" description=""/>
   <TcDeepCopyRule typeName="T8_TI_ChangeRevision" relRefPropName="IMAN_specification"
       propertyType="Relation" objectTypeName="Form" conditionName="isTrue" operationName="ITEM_copy_rev"
       copyType="NoCopy" isTargetPrimary="true" secured="true" copyRelationAttributes="true"
       isRequired="false" description=""/>
   <TcDeepCopyRule typeName="T8_TI_ChangeRevision" relRefPropName="T8_CMTIChangedForms"
       propertyType="Relation" objectTypeName="Form" conditionName="isTrue" operationName="ITEM_copy_rev"
       copyType="NoCopy" isTargetPrimary="true" secured="true" copyRelationAttributes="true"
       isRequired="false" description=""/>
   <TcDeepCopyRule typeName="T8_TI_ChangeRevision" relRefPropName="T8_CMTIDrawingItems"
       propertyType="Relation" objectTypeName="ItemRevision" conditionName="isTrue"
       operationName="ITEM_copy_rev" copyType="NoCopy" isTargetPrimary="true" secured="true"
       copyRelationAttributes="true" isRequired="false" description=""/>
   <TcDeepCopyRule typeName="T8_TI_ChangeRevision" relRefPropName="T8_CMTIObsoleteItems"
       propertyType="Relation" objectTypeName="Item" conditionName="isTrue" operationName="ITEM_copy_rev"
       copyType="NoCopy" isTargetPrimary="true" secured="true" copyRelationAttributes="true"
       isRequired="false" description=""/>
   <TcDeepCopyRule typeName="T8_TI_ChangeRevision" relRefPropName="T8_CMTISummaryImages"
       propertyType="Relation" objectTypeName="ItemRevision" conditionName="isTrue"
       operationName="ITEM_copy_rev" copyType="NoCopy" isTargetPrimary="true" secured="true"
       copyRelationAttributes="true" isRequired="false" description=""/>
   <TcDeepCopyRule typeName="T8_TI_ChangeRevision" relRefPropName="CMHasImpactedItem"
       propertyType="Relation" objectTypeName="ItemRevision" conditionName="isTrue"
       operationName="ITEM_create_from_rev" copyType="NoCopy" isTargetPrimary="true"
       secured="true" copyRelationAttributes="true" isRequired="false" description=""/>
   <TcDeepCopyRule typeName="T8_TI_ChangeRevision" relRefPropName="CMHasProblemItem"
       propertyType="Relation" objectTypeName="ItemRevision" conditionName="isTrue"
       operationName="ITEM_create_from_rev" copyType="NoCopy" isTargetPrimary="true"
       secured="true" copyRelationAttributes="true" isRequired="false" description=""/>
   <TcDeepCopyRule typeName="T8_TI_ChangeRevision" relRefPropName="CMHasSolutionItem"
       propertyType="Relation" objectTypeName="ItemRevision" conditionName="isTrue"
       operationName="ITEM_create_from_rev" copyType="NoCopy" isTargetPrimary="true"
       secured="true" copyRelationAttributes="true" isRequired="false" description=""/>
   <TcDeepCopyRule typeName="T8_TI_ChangeRevision" relRefPropName="CMReferences" propertyType="Relation"
       objectTypeName="WorkspaceObject" conditionName="isTrue" operationName="ITEM_create_from_rev"
       copyType="NoCopy" isTargetPrimary="true" secured="true" copyRelationAttributes="true"
       isRequired="false" description=""/>
   <TcDeepCopyRule typeName="T8_TI_ChangeRevision" relRefPropName="IMAN_master_form"
       propertyType="Relation" objectTypeName="T8_TI_ChangeRevisionMaster" conditionName="isTrue"
       operationName="ITEM_create_from_rev" copyType="CopyAsObject" isTargetPrimary="true"
       secured="true" copyRelationAttributes="true" isRequired="false" description=""/>
   <TcDeepCopyRule typeName="T8_TI_ChangeRevision" relRefPropName="IMAN_specification"
       propertyType="Relation" objectTypeName="Form" conditionName="isTrue" operationName="ITEM_create_from_rev"
       copyType="NoCopy" isTargetPrimary="true" secured="true" copyRelationAttributes="true"
       isRequired="false" description=""/>
   <TcDeepCopyRule typeName="T8_TI_ChangeRevision" relRefPropName="T8_CMTIChangedForms"
       propertyType="Relation" objectTypeName="Form" conditionName="isTrue" operationName="ITEM_create_from_rev"
       copyType="NoCopy" isTargetPrimary="true" secured="true" copyRelationAttributes="true"
       isRequired="false" description=""/>
   <TcDeepCopyRule typeName="T8_TI_ChangeRevision" relRefPropName="T8_CMTIDrawingItems"
       propertyType="Relation" objectTypeName="ItemRevision" conditionName="isTrue"
       operationName="ITEM_create_from_rev" copyType="NoCopy" isTargetPrimary="true"
       secured="true" copyRelationAttributes="true" isRequired="false" description=""/>
   <TcDeepCopyRule typeName="T8_TI_ChangeRevision" relRefPropName="T8_CMTIObsoleteItems"
       propertyType="Relation" objectTypeName="Item" conditionName="isTrue" operationName="ITEM_create_from_rev"
       copyType="NoCopy" isTargetPrimary="true" secured="true" copyRelationAttributes="true"
       isRequired="false" description=""/>
   <TcDeepCopyRule typeName="T8_TI_ChangeRevision" relRefPropName="T8_CMTISummaryImages"
       propertyType="Relation" objectTypeName="ItemRevision" conditionName="isTrue"
       operationName="ITEM_create_from_rev" copyType="NoCopy" isTargetPrimary="true"
       secured="true" copyRelationAttributes="true" isRequired="false" description=""/>
   <TcGRMRule primaryTypeName="T8_TI_Change" secondaryTypeName="WorkspaceObject" relationTypeName="CMHasImpactedItem"
       primaryCardinality="0" secondaryCardinality="0" secured="false" attachability="WriteAccessReq"
       changeability="Changeable" detachability="WriteAccessReq" description=""/>
   <TcGRMRule primaryTypeName="T8_TI_ChangeRevision" secondaryTypeName="Form" relationTypeName="IMAN_master_form"
       primaryCardinality="-1" secondaryCardinality="1" secured="false" attachability="WriteAccessReq"
       changeability="Frozen" detachability="WriteAccessReq" description=""/>
   <TcGRMRule primaryTypeName="T8_TI_ChangeRevision" secondaryTypeName="Form" relationTypeName="IMAN_specification"
       primaryCardinality="0" secondaryCardinality="0" secured="false" attachability="WriteAccessReq"
       changeability="AddOnly" detachability="WriteAccessReq" description=""/>
   <TcGRMRule primaryTypeName="T8_TI_ChangeRevision" secondaryTypeName="Form" relationTypeName="T8_CMTIChangedForms"
       primaryCardinality="-1" secondaryCardinality="-1" secured="false" attachability="WriteAccessReq"
       changeability="Changeable" detachability="WriteAccessReq" description=""/>
   <TcGRMRule primaryTypeName="T8_TI_ChangeRevision" secondaryTypeName="Item" relationTypeName="T8_CMTIObsoleteItems"
       primaryCardinality="-1" secondaryCardinality="-1" secured="false" attachability="WriteAccessReq"
       changeability="Changeable" detachability="WriteAccessReq" description=""/>
   <TcGRMRule primaryTypeName="T8_TI_ChangeRevision" secondaryTypeName="ItemRevision"
       relationTypeName="CMHasImpactedItem" primaryCardinality="-1" secondaryCardinality="-1"
       secured="false" attachability="WriteAccessReq" changeability="Changeable" detachability="WriteAccessReq"
       description=""/>
   <TcGRMRule primaryTypeName="T8_TI_ChangeRevision" secondaryTypeName="ItemRevision"
       relationTypeName="CMHasProblemItem" primaryCardinality="-1" secondaryCardinality="-1"
       secured="false" attachability="WriteAccessReq" changeability="Changeable" detachability="WriteAccessReq"
       description=""/>
   <TcGRMRule primaryTypeName="T8_TI_ChangeRevision" secondaryTypeName="ItemRevision"
       relationTypeName="CMHasSolutionItem" primaryCardinality="-1" secondaryCardinality="-1"
       secured="false" attachability="WriteAccessReq" changeability="Changeable" detachability="WriteAccessReq"
       description=""/>
   <TcGRMRule primaryTypeName="T8_TI_ChangeRevision" secondaryTypeName="ItemRevision"
       relationTypeName="T8_CMTIDrawingItems" primaryCardinality="-1" secondaryCardinality="-1"
       secured="false" attachability="WriteAccessReq" changeability="Changeable" detachability="WriteAccessReq"
       description=""/>
   <TcGRMRule primaryTypeName="T8_TI_ChangeRevision" secondaryTypeName="T8_TI_AQP"
       relationTypeName="IMAN_specification" primaryCardinality="1" secondaryCardinality="1"
       secured="false" attachability="WriteAccessReq" changeability="AddOnly" detachability="WriteAccessReq"
       description=""/>
   <TcGRMRule primaryTypeName="T8_TI_ChangeRevision" secondaryTypeName="T8_TI_CAP2"
       relationTypeName="IMAN_specification" primaryCardinality="1" secondaryCardinality="1"
       secured="false" attachability="WriteAccessReq" changeability="AddOnly" detachability="WriteAccessReq"
       description=""/>
   <TcGRMRule primaryTypeName="T8_TI_ChangeRevision" secondaryTypeName="T8_TI_CAP"
       relationTypeName="IMAN_specification" primaryCardinality="1" secondaryCardinality="1"
       secured="false" attachability="WriteAccessReq" changeability="AddOnly" detachability="WriteAccessReq"
       description=""/>
   <TcGRMRule primaryTypeName="T8_TI_ChangeRevision" secondaryTypeName="T8_TI_CCR2"
       relationTypeName="IMAN_specification" primaryCardinality="1" secondaryCardinality="1"
       secured="false" attachability="WriteAccessReq" changeability="AddOnly" detachability="WriteAccessReq"
       description=""/>
   <TcGRMRule primaryTypeName="T8_TI_ChangeRevision" secondaryTypeName="T8_TI_ChangeTiming"
       relationTypeName="IMAN_specification" primaryCardinality="1" secondaryCardinality="1"
       secured="false" attachability="WriteAccessReq" changeability="AddOnly" detachability="WriteAccessReq"
       description=""/>
   <TcGRMRule primaryTypeName="T8_TI_ChangeRevision" secondaryTypeName="T8_TI_CRO"
       relationTypeName="IMAN_specification" primaryCardinality="1" secondaryCardinality="1"
       secured="false" attachability="WriteAccessReq" changeability="AddOnly" detachability="WriteAccessReq"
       description=""/>
   <TcGRMRule primaryTypeName="T8_TI_ChangeRevision" secondaryTypeName="T8_TI_ECR"
       relationTypeName="IMAN_specification" primaryCardinality="1" secondaryCardinality="1"
       secured="false" attachability="WriteAccessReq" changeability="AddOnly" detachability="WriteAccessReq"
       description=""/>
   <TcGRMRule primaryTypeName="T8_TI_ChangeRevision" secondaryTypeName="T8_TI_Eng_Feas2"
       relationTypeName="IMAN_specification" primaryCardinality="1" secondaryCardinality="1"
       secured="false" attachability="WriteAccessReq" changeability="AddOnly" detachability="WriteAccessReq"
       description=""/>
   <TcGRMRule primaryTypeName="T8_TI_ChangeRevision" secondaryTypeName="T8_TI_FinExecution"
       relationTypeName="IMAN_specification" primaryCardinality="1" secondaryCardinality="1"
       secured="false" attachability="WriteAccessReq" changeability="AddOnly" detachability="WriteAccessReq"
       description=""/>
   <TcGRMRule primaryTypeName="T8_TI_ChangeRevision" secondaryTypeName="T8_TI_Logistics"
       relationTypeName="IMAN_specification" primaryCardinality="1" secondaryCardinality="1"
       secured="false" attachability="WriteAccessReq" changeability="AddOnly" detachability="WriteAccessReq"
       description=""/>
   <TcGRMRule primaryTypeName="T8_TI_ChangeRevision" secondaryTypeName="T8_TI_MfgExecution"
       relationTypeName="IMAN_specification" primaryCardinality="1" secondaryCardinality="1"
       secured="false" attachability="WriteAccessReq" changeability="AddOnly" detachability="WriteAccessReq"
       description=""/>
   <TcGRMRule primaryTypeName="T8_TI_ChangeRevision" secondaryTypeName="T8_TI_PCI"
       relationTypeName="IMAN_specification" primaryCardinality="1" secondaryCardinality="1"
       secured="false" attachability="WriteAccessReq" changeability="AddOnly" detachability="WriteAccessReq"
       description=""/>
   <TcGRMRule primaryTypeName="T8_TI_ChangeRevision" secondaryTypeName="T8_TI_PMR"
       relationTypeName="IMAN_specification" primaryCardinality="1" secondaryCardinality="1"
       secured="false" attachability="WriteAccessReq" changeability="AddOnly" detachability="WriteAccessReq"
       description=""/>
   <TcGRMRule primaryTypeName="T8_TI_ChangeRevision" secondaryTypeName="T8_TI_PurchaseExec"
       relationTypeName="IMAN_specification" primaryCardinality="1" secondaryCardinality="1"
       secured="false" attachability="WriteAccessReq" changeability="AddOnly" detachability="WriteAccessReq"
       description=""/>
   <TcGRMRule primaryTypeName="T8_TI_ChangeRevision" secondaryTypeName="T8_TI_QualityExec"
       relationTypeName="IMAN_specification" primaryCardinality="1" secondaryCardinality="1"
       secured="false" attachability="WriteAccessReq" changeability="AddOnly" detachability="WriteAccessReq"
       description=""/>
   <TcGRMRule primaryTypeName="T8_TI_ChangeRevision" secondaryTypeName="T8_TI_StandardForm"
       relationTypeName="IMAN_specification" primaryCardinality="1" secondaryCardinality="1"
       secured="false" attachability="WriteAccessReq" changeability="AddOnly" detachability="WriteAccessReq"
       description=""/>
   <TcGRMRule primaryTypeName="T8_TI_ChangeRevision" secondaryTypeName="T8_TI_SummImageRevision"
       relationTypeName="T8_CMTISummaryImages" primaryCardinality="1" secondaryCardinality="1"
       secured="false" attachability="WriteAccessReq" changeability="AddOnly" detachability="WriteAccessReq"
       description=""/>
   <TcGRMRule primaryTypeName="T8_TI_ChangeRevision" secondaryTypeName="TI_CCR" relationTypeName="IMAN_specification"
       primaryCardinality="1" secondaryCardinality="1" secured="false" attachability="WriteAccessReq"
       changeability="AddOnly" detachability="WriteAccessReq" description=""/>
   <TcGRMRule primaryTypeName="T8_TI_ChangeRevision" secondaryTypeName="TI_DEV" relationTypeName="IMAN_specification"
       primaryCardinality="1" secondaryCardinality="1" secured="false" attachability="WriteAccessReq"
       changeability="AddOnly" detachability="WriteAccessReq" description=""/>
   <TcGRMRule primaryTypeName="T8_TI_ChangeRevision" secondaryTypeName="TI_Eng_Feas"
       relationTypeName="IMAN_specification" primaryCardinality="1" secondaryCardinality="1"
       secured="false" attachability="WriteAccessReq" changeability="AddOnly" detachability="WriteAccessReq"
       description=""/>
   <TcGRMRule primaryTypeName="T8_TI_ChangeRevision" secondaryTypeName="TI_Mfg_Feas"
       relationTypeName="IMAN_specification" primaryCardinality="1" secondaryCardinality="1"
       secured="false" attachability="WriteAccessReq" changeability="AddOnly" detachability="WriteAccessReq"
       description=""/>
   <TcGRMRule primaryTypeName="T8_TI_ChangeRevision" secondaryTypeName="TI_OBS" relationTypeName="IMAN_specification"
       primaryCardinality="1" secondaryCardinality="1" secured="false" attachability="WriteAccessReq"
       changeability="AddOnly" detachability="WriteAccessReq" description=""/>
   <TcGRMRule primaryTypeName="T8_TI_ChangeRevision" secondaryTypeName="TI_PMR" relationTypeName="IMAN_specification"
       primaryCardinality="1" secondaryCardinality="1" secured="false" attachability="WriteAccessReq"
       changeability="AddOnly" detachability="WriteAccessReq" description=""/>
   <TcGRMRule primaryTypeName="T8_TI_ChangeRevision" secondaryTypeName="TI_PurchasedParts"
       relationTypeName="IMAN_specification" primaryCardinality="-1" secondaryCardinality="-1"
       secured="false" attachability="WriteAccessReq" changeability="AddOnly" detachability="WriteAccessReq"
       description=""/>
   <TcGRMRule primaryTypeName="T8_TI_ChangeRevision" secondaryTypeName="WorkspaceObject"
       relationTypeName="*" primaryCardinality="0" secondaryCardinality="0" secured="false"
       attachability="WriteAccessReq" changeability="Changeable" detachability="WriteAccessReq"
       description=""/>
   <TcGRMRule primaryTypeName="T8_TI_ChangeRevision" secondaryTypeName="WorkspaceObject"
       relationTypeName="CMHasImpactedItem" primaryCardinality="0" secondaryCardinality="0"
       secured="false" attachability="WriteAccessReq" changeability="Changeable" detachability="WriteAccessReq"
       description=""/>
   <TcGRMRule primaryTypeName="T8_TI_ChangeRevision" secondaryTypeName="WorkspaceObject"
       relationTypeName="CMHasProblemItem" primaryCardinality="0" secondaryCardinality="0"
       secured="false" attachability="WriteAccessReq" changeability="Changeable" detachability="WriteAccessReq"
       description=""/>
   <TcGRMRule primaryTypeName="T8_TI_ChangeRevision" secondaryTypeName="WorkspaceObject"
       relationTypeName="CMHasSolutionItem" primaryCardinality="0" secondaryCardinality="0"
       secured="false" attachability="WriteAccessReq" changeability="Changeable" detachability="WriteAccessReq"
       description=""/>
   <TcGRMRule primaryTypeName="T8_TI_ChangeRevision" secondaryTypeName="WorkspaceObject"
       relationTypeName="CMReferences" primaryCardinality="-1" secondaryCardinality="-1"
       secured="false" attachability="WriteAccessReq" changeability="Changeable" detachability="WriteAccessReq"
       description=""/>
   <TcGRMRule primaryTypeName="T8_TI_ChangeRevision" secondaryTypeName="WorkspaceObject"
       relationTypeName="ImanRelation" primaryCardinality="0" secondaryCardinality="0"
       secured="false" attachability="WriteAccessReq" changeability="Changeable" detachability="WriteAccessReq"
       description=""/>
   <TcGRMRule primaryTypeName="T8_TI_ChangeRevision" secondaryTypeName="WorkspaceObject"
       relationTypeName="T8_CMTIChangedForms" primaryCardinality="0" secondaryCardinality="0"
       secured="false" attachability="WriteAccessReq" changeability="Changeable" detachability="WriteAccessReq"
       description=""/>
   <TcGRMRule primaryTypeName="T8_TI_ChangeRevision" secondaryTypeName="WorkspaceObject"
       relationTypeName="T8_CMTIDrawingItems" primaryCardinality="0" secondaryCardinality="0"
       secured="false" attachability="WriteAccessReq" changeability="Changeable" detachability="WriteAccessReq"
       description=""/>
   <TcGRMRule primaryTypeName="T8_TI_ChangeRevision" secondaryTypeName="WorkspaceObject"
       relationTypeName="T8_CMTIObsoleteItems" primaryCardinality="0" secondaryCardinality="0"
       secured="false" attachability="WriteAccessReq" changeability="Changeable" detachability="WriteAccessReq"
       description=""/>
   <TcTypeDisplayRule hiddenTypeName="ChangeItem" accessorName="Organization" accessorType="Organization"
       conditionName="isTrue" description=""/>
   <TcTypeDisplayRule hiddenTypeName="ChangeNotice" accessorName="Organization" accessorType="Organization"
       conditionName="isTrue" description=""/>
   <TcTypeDisplayRule hiddenTypeName="ChangeRequest" accessorName="Organization" accessorType="Organization"
       conditionName="isTrue" description=""/>
   <TcTypeDisplayRule hiddenTypeName="Cm0ActionItem" accessorName="Organization" accessorType="Organization"
       conditionName="isTrue" description=""/>
   <TcTypeDisplayRule hiddenTypeName="Cm0CfgAudit" accessorName="Organization" accessorType="Organization"
       conditionName="isTrue" description=""/>
   <TcTypeDisplayRule hiddenTypeName="Cm0DevRqst" accessorName="Organization" accessorType="Organization"
       conditionName="isTrue" description=""/>
   <TcTypeDisplayRule hiddenTypeName="Cm0GnReview" accessorName="Organization" accessorType="Organization"
       conditionName="isTrue" description=""/>
   <TcTypeDisplayRule hiddenTypeName="Cm0GnWorkOrder" accessorName="Organization"
       accessorType="Organization" conditionName="isTrue" description=""/>
   <TcTypeDisplayRule hiddenTypeName="GnChangeNotice" accessorName="Organization"
       accessorType="Organization" conditionName="isTrue" description=""/>
   <TcTypeDisplayRule hiddenTypeName="GnChangeRequest" accessorName="Organization"
       accessorType="Organization" conditionName="isTrue" description=""/>
   <TcTypeDisplayRule hiddenTypeName="GnProblemReport" accessorName="Organization"
       accessorType="Organization" conditionName="isTrue" description=""/>
   <TcTypeDisplayRule hiddenTypeName="ProblemReport" accessorName="Organization" accessorType="Organization"
       conditionName="isTrue" description=""/>
   <TcExtension name="T8_TIAVerifyChangeAttachments" internal="false" cannedExtension="false"
       languageType="ANSI_C" libraryName="libT8_TIAutoExt" description="">
     <TcExtensionValidity parameter="TYPE:CMRelation:GRM_create:1"/>
   </TcExtension>
   <TcExtensionAttach extensionName="T8_TIAIsCreateRelationAllowedDocsOnly" operationName="GRM_create"
       isActive="true" extendableElementName="CMReferences" extendableElementType="Type"
       extensionPointType="PreCondition" conditionName="isTrue" description=""/>
   <TcExtensionAttach extensionName="T8_TIAIsCreateRelationAllowed_Soln_Item" operationName="GRM_create"
       isActive="true" extendableElementName="T8_CMTIChangedForms" extendableElementType="Type"
       extensionPointType="PreCondition" conditionName="isTrue" description="">
     <TcExtensionArguments parameter="t1a_RelationSecurity_ChangedForm"/>
   </TcExtensionAttach>
   <TcExtensionAttach extensionName="T8_TIAIsCreateRelationAllowed_Soln_Item" operationName="GRM_create"
       isActive="true" extendableElementName="CMHasImpactedItem" extendableElementType="Type"
       extensionPointType="PreCondition" conditionName="isTrue" description="">
     <TcExtensionArguments parameter="t1a_RelationSecurity_ChangeFold"/>
   </TcExtensionAttach>
   <TcExtensionAttach extensionName="T8_TIAIsCreateRelationAllowed_Soln_Item" operationName="GRM_create"
       isActive="true" extendableElementName="CMHasSolutionItem" extendableElementType="Type"
       extensionPointType="PreCondition" conditionName="isTrue" description="">
     <TcExtensionArguments parameter="t1a_RelationSecurity_ChangeFold"/>
   </TcExtensionAttach>
   <TcExtensionAttach extensionName="T8_TIAIsDeleteRelationAllowed_Soln_Item" operationName="IMAN_delete"
       isActive="true" extendableElementName="T8_CMTIChangedForms" extendableElementType="Type"
       extensionPointType="PreCondition" conditionName="isTrue" description="">
     <TcExtensionArguments parameter="t1a_RelationSecurity_ChangedForm"/>
   </TcExtensionAttach>
   <TcExtensionAttach extensionName="T8_TIAIsDeleteRelationAllowed_Soln_Item" operationName="IMAN_delete"
       isActive="true" extendableElementName="CMHasImpactedItem" extendableElementType="Type"
       extensionPointType="PreCondition" conditionName="isTrue" description="">
     <TcExtensionArguments parameter="t1a_RelationSecurity_ChangeFold"/>
   </TcExtensionAttach>
   <TcExtensionAttach extensionName="T8_TIAIsDeleteRelationAllowed_Soln_Item" operationName="IMAN_delete"
       isActive="true" extendableElementName="CMHasSolutionItem" extendableElementType="Type"
       extensionPointType="PreCondition" conditionName="isTrue" description="">
     <TcExtensionArguments parameter="t1a_RelationSecurity_ChangeFold"/>
   </TcExtensionAttach>
   <TcExtensionAttach extensionName="TIACheckNonDocumentITRStatus" operationName="GRM_create"
       isActive="true" extendableElementName="CMHasImpactedItem" extendableElementType="Type"
       extensionPointType="PreCondition" conditionName="isTrue" description=""/>
   <TcExtensionAttach extensionName="TIACheckNonDocumentITRStatus" operationName="GRM_create"
       isActive="true" extendableElementName="CMHasSolutionItem" extendableElementType="Type"
       extensionPointType="PreCondition" conditionName="isTrue" description=""/>
   <TcExtensionAttach extensionName="TIAPreventDeleteRelation" operationName="IMAN_delete"
       isActive="true" extendableElementName="CMHasImpactedItem" extendableElementType="Type"
       extensionPointType="PreCondition" conditionName="isTrue" description=""/>
   <TcExtensionAttach extensionName="TIAPreventDeleteRelation" operationName="IMAN_delete"
       isActive="true" extendableElementName="CMHasProblemItem" extendableElementType="Type"
       extensionPointType="PreCondition" conditionName="isTrue" description=""/>
   <TcExtensionAttach extensionName="TIAPreventDeleteRelation" operationName="IMAN_delete"
       isActive="true" extendableElementName="CMHasSolutionItem" extendableElementType="Type"
       extensionPointType="PreCondition" conditionName="isTrue" description=""/>
   <TcExtensionAttach extensionName="TIAPreventPrematureRelation" operationName="GRM_create"
       isActive="true" extendableElementName="CMHasImpactedItem" extendableElementType="Type"
       extensionPointType="PreCondition" conditionName="isTrue" description=""/>
   <TcExtensionAttach extensionName="TIAPreventPrematureRelation" operationName="GRM_create"
       isActive="true" extendableElementName="CMHasProblemItem" extendableElementType="Type"
       extensionPointType="PreCondition" conditionName="isTrue" description=""/>
   <TcExtensionAttach extensionName="TIAPreventPrematureRelation" operationName="GRM_create"
       isActive="true" extendableElementName="CMHasSolutionItem" extendableElementType="Type"
       extensionPointType="PreCondition" conditionName="isTrue" description=""/>
   <TcExtensionAttach extensionName="TIAVerifyCreateCheckout" operationName="GRM_create"
       isActive="true" extendableElementName="CMHasImpactedItem" extendableElementType="Type"
       extensionPointType="PreCondition" conditionName="isTrue" description=""/>
   <TcExtensionAttach extensionName="TIAVerifyCreateCheckout" operationName="GRM_create"
       isActive="true" extendableElementName="CMHasProblemItem" extendableElementType="Type"
       extensionPointType="PreCondition" conditionName="isTrue" description=""/>
   <TcExtensionAttach extensionName="TIAVerifyCreateCheckout" operationName="GRM_create"
       isActive="true" extendableElementName="CMHasSolutionItem" extendableElementType="Type"
       extensionPointType="PreCondition" conditionName="isTrue" description=""/>
   <TcExtensionAttach extensionName="TIAVerifyCreateCheckout" operationName="GRM_create"
       isActive="true" extendableElementName="CMReferences" extendableElementType="Type"
       extensionPointType="PreCondition" conditionName="isTrue" description=""/>
   <TcExtensionAttach extensionName="TIAVerifyCreateCheckout" operationName="GRM_create"
       isActive="true" extendableElementName="T8_CMTIChangedForms" extendableElementType="Type"
       extensionPointType="PreCondition" conditionName="isTrue" description=""/>
   <TcExtensionAttach extensionName="TIAVerifyDeleteCheckout" operationName="IMAN_delete"
       isActive="true" extendableElementName="CMHasImpactedItem" extendableElementType="Type"
       extensionPointType="PreCondition" conditionName="isTrue" description=""/>
   <TcExtensionAttach extensionName="TIAVerifyDeleteCheckout" operationName="IMAN_delete"
       isActive="true" extendableElementName="CMHasProblemItem" extendableElementType="Type"
       extensionPointType="PreCondition" conditionName="isTrue" description=""/>
   <TcExtensionAttach extensionName="TIAVerifyDeleteCheckout" operationName="IMAN_delete"
       isActive="true" extendableElementName="CMHasSolutionItem" extendableElementType="Type"
       extensionPointType="PreCondition" conditionName="isTrue" description=""/>
   <TcExtensionAttach extensionName="TIAVerifyDeleteCheckout" operationName="IMAN_delete"
       isActive="true" extendableElementName="CMReferences" extendableElementType="Type"
       extensionPointType="PreCondition" conditionName="isTrue" description=""/>
   <TcExtensionAttach extensionName="TIAVerifyDeleteCheckout" operationName="IMAN_delete"
       isActive="true" extendableElementName="T8_CMTIChangedForms" extendableElementType="Type"
       extensionPointType="PreCondition" conditionName="isTrue" description=""/>
   <TcExtensionAttach extensionName="T8_TIAChangeFormRemovalHistory" operationName="IMAN_delete"
       isActive="true" extendableElementName="T8_CMTIChangedForms" extendableElementType="Type"
       extensionPointType="PreAction" conditionName="isTrue" description=""/>
   <TcExtensionAttach extensionName="T8_TIACreateFormHistory" operationName="GRM_create"
       isActive="true" extendableElementName="T8_CMTIChangedForms" extendableElementType="Type"
       extensionPointType="PostAction" conditionName="isTrue" description=""/>
   <TcExtensionAttach extensionName="T8_TIAVerifyChangeFormAttachment" operationName="GRM_create"
       isActive="true" extendableElementName="T8_CMTIChangedForms" extendableElementType="Type"
       extensionPointType="PreCondition" conditionName="isTrue" description=""/>
   <TcExtensionAttach extensionName="T8_TIAVerifyChangeFormRemoval" operationName="IMAN_delete"
       isActive="true" extendableElementName="T8_CMTIChangedForms" extendableElementType="Type"
       extensionPointType="PreCondition" conditionName="isTrue" description=""/>
   <TcExtensionAttach extensionName="T8_TIAVerifyChangeAttachments" operationName="GRM_create"
       isActive="true" extendableElementName="CMRelation" extendableElementType="Type"
       extensionPointType="PreCondition" conditionName="isTrue" description=""/>
   <TcNamingRuleAttach ruleName="t1aProductRevisionID" typeName="T8_TI_Change" propertyName="item_revision_id"
       case="Mix" conditionName="isTrue" override="true" ruleType="NamingRule" description=""/>
</Add>
</TcBusinessData>
