<?xml version="1.0" encoding="UTF-8"?>
<TcBusinessData xmlns="http://teamcenter.com/BusinessModel/TcBusinessData" Date="">
<Add>
   <TcDatasetReferenceAttach datasetType="Image">
      <TcDatasetReference name="T8_Image">
         <TcDatasetReferenceInfo template="*.rtf" format="BINARY"/>
      </TcDatasetReference>
   </TcDatasetReferenceAttach>
   <TcDatasetReferenceAttach datasetType="Text">
      <TcDatasetReference name="T8_Text">
         <TcDatasetReferenceInfo template="*.met" format="BINARY"/>
         <TcDatasetReferenceInfo template="*.sma" format="BINARY"/>
         <TcDatasetReferenceInfo template="*.bak" format="BINARY"/>
         <TcDatasetReferenceInfo template="*.tim" format="BINARY"/>
         <TcDatasetReferenceInfo template="*.T8_VDAFS" format="BINARY"/>
      </TcDatasetReference>
   </TcDatasetReferenceAttach>
   <TcDatasetToolAttach datasetType="CATwrl">
      <TcDSViewTool name="PV"/>
   </TcDatasetToolAttach>
   <TcTool toolName="AdobeAcrobat" toolMimeType="application/pdf" toolSymbol="$IMAN_BIN/adobe"
         toolVersion="1.0" toolReleaseDate="14-Sep-2007 15:42" toolLaunchCommandMac=""
         toolLaunchCommandWin="" toolDownloadRequired="false" toolCallbackEnabled="false"
         toolViewCapable="false" toolMarkupCapable="false" toolEmbedApplication="false"
         toolVviRequired="false" toolDigitalSignatureCapable="false" description="">
      <TcToolInputFormat formatName="BINARY"/>
      <TcToolOutputFormat formatName="BINARY"/>
   </TcTool>
   <TcTool toolName="CADKEY" toolMimeType="application/CADKEY" toolSymbol="$IMAN_BIN/CADKEY"
         toolVersion="1.0" toolReleaseDate="18-Jun-2010 19:57" toolLaunchCommandMac=""
         toolLaunchCommandWin="" toolDownloadRequired="false" toolCallbackEnabled="false"
         toolViewCapable="false" toolMarkupCapable="false" toolEmbedApplication="false"
         toolVviRequired="false" toolDigitalSignatureCapable="false" description="">
      <TcToolInputFormat formatName="BINARY"/>
      <TcToolOutputFormat formatName="BINARY"/>
   </TcTool>
   <TcTool toolName="Generic" toolMimeType="application/none" toolSymbol="$IMAN_BIN/Generic"
         toolVersion="1.0" toolReleaseDate="14-Sep-2007 15:42" toolLaunchCommandMac=""
         toolLaunchCommandWin="" toolDownloadRequired="false" toolCallbackEnabled="false"
         toolViewCapable="false" toolMarkupCapable="false" toolEmbedApplication="false"
         toolVviRequired="false" toolDigitalSignatureCapable="false" description="">
      <TcToolInputFormat formatName="BINARY"/>
      <TcToolOutputFormat formatName="BINARY"/>
   </TcTool>
   <TcTool toolName="IGES" toolMimeType="application/iges" toolSymbol="$IMAN_BIN/IGES"
         toolVersion="1.0" toolReleaseDate="19-Mar-2010 19:39" toolLaunchCommandMac=""
         toolLaunchCommandWin="" toolDownloadRequired="false" toolCallbackEnabled="false"
         toolViewCapable="false" toolMarkupCapable="false" toolEmbedApplication="false"
         toolVviRequired="false" toolDigitalSignatureCapable="false" description="">
      <TcToolInputFormat formatName="BINARY"/>
      <TcToolOutputFormat formatName="BINARY"/>
   </TcTool>
   <TcTool toolName="MSPublisher" toolMimeType="application/x-mspublisher" toolSymbol="$IMAN_BIN/mspublisher"
         toolVersion="1.0" toolReleaseDate="21-Mar-2009 11:38" toolLaunchCommandMac=""
         toolLaunchCommandWin="" toolDownloadRequired="false" toolCallbackEnabled="false"
         toolViewCapable="false" toolMarkupCapable="false" toolEmbedApplication="false"
         toolVviRequired="false" toolDigitalSignatureCapable="false" description="">
      <TcToolInputFormat formatName="BINARY"/>
      <TcToolOutputFormat formatName="BINARY"/>
   </TcTool>
   <TcTool toolName="MSVisio" toolMimeType="application/visio" toolSymbol="$IMAN_BIN/visio"
         toolVersion="1.0" toolReleaseDate="14-Sep-2007 15:42" toolLaunchCommandMac=""
         toolLaunchCommandWin="" toolDownloadRequired="false" toolCallbackEnabled="false"
         toolViewCapable="false" toolMarkupCapable="false" toolEmbedApplication="false"
         toolVviRequired="false" toolDigitalSignatureCapable="false" description="">
      <TcToolInputFormat formatName="BINARY"/>
      <TcToolOutputFormat formatName="BINARY"/>
   </TcTool>
   <TcTool toolName="Minitab" toolMimeType="application/CADKEY" toolSymbol="$IMAN_BIN/Minitab"
         toolVersion="1.0" toolReleaseDate="16-Apr-2011 13:19" toolLaunchCommandMac=""
         toolLaunchCommandWin="" toolDownloadRequired="false" toolCallbackEnabled="false"
         toolViewCapable="false" toolMarkupCapable="false" toolEmbedApplication="false"
         toolVviRequired="false" toolDigitalSignatureCapable="false" description="">
      <TcToolInputFormat formatName="BINARY"/>
      <TcToolOutputFormat formatName="BINARY"/>
   </TcTool>
   <TcTool toolName="Movie" toolMimeType="application/STEP" toolSymbol="$IMAN_BIN/Movie"
         toolVersion="1.0" toolReleaseDate="18-Jun-2010 19:57" toolLaunchCommandMac=""
         toolLaunchCommandWin="" toolDownloadRequired="false" toolCallbackEnabled="false"
         toolViewCapable="false" toolMarkupCapable="false" toolEmbedApplication="false"
         toolVviRequired="false" toolDigitalSignatureCapable="false" description="">
      <TcToolInputFormat formatName="BINARY"/>
      <TcToolOutputFormat formatName="BINARY"/>
   </TcTool>
   <TcTool toolName="STEP" toolMimeType="application/STEP" toolSymbol="$IMAN_BIN/STEP"
         toolVersion="1.0" toolReleaseDate="19-Mar-2010 19:39" toolLaunchCommandMac=""
         toolLaunchCommandWin="" toolDownloadRequired="false" toolCallbackEnabled="false"
         toolViewCapable="false" toolMarkupCapable="false" toolEmbedApplication="false"
         toolVviRequired="false" toolDigitalSignatureCapable="false" description="">
      <TcToolInputFormat formatName="BINARY"/>
      <TcToolOutputFormat formatName="BINARY"/>
   </TcTool>
   <TcTool toolName="T8_APIS_FMEA" toolMimeType="application/fmea" toolSymbol="$IMAN_BIN/fmea"
         toolVersion="1.0" toolVendorName="" toolReleaseDate="25-Apr-2016 14:51" toolLaunchCommandMac=""
         toolLaunchCommandWin="" toolDownloadRequired="false" toolCallbackEnabled="false"
         toolViewCapable="false" toolMarkupCapable="false" toolEmbedApplication="false"
         toolVviRequired="false" toolDigitalSignatureCapable="false" description=".">
      <TcToolInputFormat formatName="BINARY"/>
      <TcToolOutputFormat formatName="BINARY"/>
   </TcTool>
   <TcTool toolName="T8_VisualBasic" toolMimeType="application/VisualBasic" toolSymbol="$TC_BIN/VisualBasic"
         toolVersion="1.0" toolVendorName="" toolReleaseDate="06-Jul-2012 09:01" toolLaunchCommandMac=""
         toolLaunchCommandWin="" toolDownloadRequired="false" toolCallbackEnabled="false"
         toolViewCapable="false" toolMarkupCapable="false" toolEmbedApplication="false"
         toolVviRequired="false" toolDigitalSignatureCapable="false" description="">
      <TcToolInputFormat formatName="BINARY"/>
      <TcToolOutputFormat formatName="BINARY"/>
   </TcTool>
   <TcTool toolName="TI_BOMReport" toolMimeType="application/none" toolSymbol="$IMAN_BIN/ti_bomreport"
         toolVersion="1.0" toolReleaseDate="04-Feb-2010 17:30" toolLaunchCommandMac=""
         toolLaunchCommandWin="" toolDownloadRequired="false" toolCallbackEnabled="false"
         toolViewCapable="false" toolMarkupCapable="false" toolEmbedApplication="false"
         toolVviRequired="false" toolDigitalSignatureCapable="false" description="">
      <TcToolInputFormat formatName="TEXT"/>
      <TcToolOutputFormat formatName="TEXT"/>
   </TcTool>
</Add>
<Delete>
   <TcDatasetToolAttach datasetType="JPEG">
      <TcDSViewTool name="Netscape_Tool"/>
   </TcDatasetToolAttach>
   <TcDatasetToolAttach datasetType="JPEG">
      <TcDSEditTool name="Netscape_Tool"/>
   </TcDatasetToolAttach>
   <TcDatasetToolActionAttach datasetType="JPEG" tool="Netscape_Tool" action="Open">
      <TcToolActionReference export="true" referenceName="JPEG_Reference"/>
      <TcToolParameter name="$JPEG_Reference"/>
   </TcDatasetToolActionAttach>
   <TcDatasetToolAttach datasetType="CATwrl">
      <TcDSViewTool name="CatiaExport"/>
   </TcDatasetToolAttach>
</Delete>
</TcBusinessData>
