<?xml version="1.0" encoding="UTF-8"?>
<TcBusinessData xmlns="http://teamcenter.com/BusinessModel/TcBusinessData" Date="">
<Add>
   <TcClass className="T8_CATCatalog" parentClassName="Dataset" isExportable="false"
       isUninstantiable="false" isUninheritable="false" description=""/>
   <TcClass className="T8_CATMaterial" parentClassName="Dataset" isExportable="false"
       isUninstantiable="false" isUninheritable="false" description=""/>
   <TcClass className="T8_Odette" parentClassName="Dataset" isExportable="false" isUninstantiable="false"
       isUninheritable="false" description=""/>
   <TcClass className="T8_Parasolid" parentClassName="Dataset" isExportable="false"
       isUninstantiable="false" isUninheritable="false" description=""/>
   <TcClass className="T8_TI_BVDef" parentClassName="Dataset" isExportable="true"
       isUninstantiable="false" isUninheritable="false" description=""/>
   <TcClass className="T8_TI_BVP" parentClassName="Dataset" isExportable="true" isUninstantiable="false"
       isUninheritable="false" description=""/>
   <TcClass className="T8_TI_ContractedCostReport" parentClassName="Dataset" isExportable="false"
       isUninstantiable="false" isUninheritable="false" description=""/>
   <TcClass className="T8_TI_FluentCase" parentClassName="Dataset" isExportable="true"
       isUninstantiable="false" isUninheritable="false" description=""/>
   <TcClass className="T8_TI_FluentJournal" parentClassName="Dataset" isExportable="true"
       isUninstantiable="false" isUninheritable="false" description=""/>
   <TcClass className="T8_TI_FluentResults" parentClassName="Dataset" isExportable="true"
       isUninstantiable="false" isUninheritable="false" description=""/>
   <TcClass className="T8_TI_StandardCostReport" parentClassName="Dataset" isExportable="false"
       isUninstantiable="false" isUninheritable="false" description=""/>
   <TcClass className="T8_TI_VRML" parentClassName="Dataset" isExportable="true" isUninstantiable="false"
       isUninheritable="false" description=""/>
   <TcClass className="T8_VDAFS" parentClassName="Dataset" isExportable="false" isUninstantiable="false"
       isUninheritable="false" description=""/>
   <TcClass className="T8_VisualBasic" parentClassName="Dataset" isExportable="true"
       isUninstantiable="false" isUninheritable="false" description=""/>
   <TcClass className="T8_X3D" parentClassName="Dataset" isExportable="false" isUninstantiable="false"
       isUninheritable="false" description=""/>
   <OperationInputType typeName="AdobeAcrobatCreI" parentTypeName="DatasetCreI" typeClassName="AdobeAcrobatCreI"
       description="CreateInput object for &quot;AdobeAcrobat&quot; business object"
       isAbstract="false" artifactName="AdobeAcrobat"/>
   <OperationInputType typeName="AdobeAcrobatSvAI" parentTypeName="DatasetSvAI" typeClassName="AdobeAcrobatSvAI"
       description="SaveAsInput object for &quot;AdobeAcrobat&quot; business object"
       isAbstract="false" artifactName="AdobeAcrobat"/>
   <OperationInputType typeName="CADKEYCreI" parentTypeName="DatasetCreI" typeClassName="CADKEYCreI"
       description="CreateInput object for &quot;CADKEY&quot; business object" isAbstract="false"
       artifactName="CADKEY"/>
   <OperationInputType typeName="CADKEYSvAI" parentTypeName="DatasetSvAI" typeClassName="CADKEYSvAI"
       description="SaveAsInput object for &quot;CADKEY&quot; business object" isAbstract="false"
       artifactName="CADKEY"/>
   <OperationInputType typeName="GenericCreI" parentTypeName="DatasetCreI" typeClassName="GenericCreI"
       description="CreateInput object for &quot;Generic&quot; business object" isAbstract="false"
       artifactName="Generic"/>
   <OperationInputType typeName="GenericSvAI" parentTypeName="DatasetSvAI" typeClassName="GenericSvAI"
       description="SaveAsInput object for &quot;Generic&quot; business object" isAbstract="false"
       artifactName="Generic"/>
   <OperationInputType typeName="IGESCreI" parentTypeName="DatasetCreI" typeClassName="IGESCreI"
       description="CreateInput object for &quot;IGES&quot; business object" isAbstract="false"
       artifactName="IGES"/>
   <OperationInputType typeName="IGESSvAI" parentTypeName="DatasetSvAI" typeClassName="IGESSvAI"
       description="SaveAsInput object for &quot;IGES&quot; business object" isAbstract="false"
       artifactName="IGES"/>
   <OperationInputType typeName="MSPublisherCreI" parentTypeName="DatasetCreI" typeClassName="MSPublisherCreI"
       description="CreateInput object for &quot;MSPublisher&quot; business object"
       isAbstract="false" artifactName="MSPublisher"/>
   <OperationInputType typeName="MSPublisherSvAI" parentTypeName="DatasetSvAI" typeClassName="MSPublisherSvAI"
       description="SaveAsInput object for &quot;MSPublisher&quot; business object"
       isAbstract="false" artifactName="MSPublisher"/>
   <OperationInputType typeName="MSVisioCreI" parentTypeName="DatasetCreI" typeClassName="MSVisioCreI"
       description="CreateInput object for &quot;MSVisio&quot; business object" isAbstract="false"
       artifactName="MSVisio"/>
   <OperationInputType typeName="MSVisioSvAI" parentTypeName="DatasetSvAI" typeClassName="MSVisioSvAI"
       description="SaveAsInput object for &quot;MSVisio&quot; business object" isAbstract="false"
       artifactName="MSVisio"/>
   <OperationInputType typeName="MinitabCreI" parentTypeName="DatasetCreI" typeClassName="MinitabCreI"
       description="CreateInput object for &quot;Minitab&quot; business object" isAbstract="false"
       artifactName="Minitab"/>
   <OperationInputType typeName="MinitabSvAI" parentTypeName="DatasetSvAI" typeClassName="MinitabSvAI"
       description="SaveAsInput object for &quot;Minitab&quot; business object" isAbstract="false"
       artifactName="Minitab"/>
   <OperationInputType typeName="MovieCreI" parentTypeName="DatasetCreI" typeClassName="MovieCreI"
       description="CreateInput object for &quot;Movie&quot; business object" isAbstract="false"
       artifactName="Movie"/>
   <OperationInputType typeName="MovieSvAI" parentTypeName="DatasetSvAI" typeClassName="MovieSvAI"
       description="SaveAsInput object for &quot;Movie&quot; business object" isAbstract="false"
       artifactName="Movie"/>
   <OperationInputType typeName="STEPCreI" parentTypeName="DatasetCreI" typeClassName="STEPCreI"
       description="CreateInput object for &quot;STEP&quot; business object" isAbstract="false"
       artifactName="STEP"/>
   <OperationInputType typeName="STEPSvAI" parentTypeName="DatasetSvAI" typeClassName="STEPSvAI"
       description="SaveAsInput object for &quot;STEP&quot; business object" isAbstract="false"
       artifactName="STEP"/>
   <OperationInputType typeName="T8_CATCatalogCreI" parentTypeName="DatasetCreI" typeClassName="T8_CATCatalogCreI"
       description="CreateInput object for &quot;T8_CATCatalog&quot; business object"
       isAbstract="false" artifactName="T8_CATCatalogCreI"/>
   <OperationInputType typeName="T8_CATCatalogSvAI" parentTypeName="DatasetSvAI" typeClassName="T8_CATCatalogSvAI"
       description="SaveAsInput object for &quot;T8_CATCatalog&quot; business object"
       isAbstract="false" artifactName="T8_CATCatalogSvAI"/>
   <OperationInputType typeName="T8_CATMaterialCreI" parentTypeName="DatasetCreI"
       typeClassName="T8_CATMaterialCreI" description="CreateInput object for &quot;T8_CATMaterial&quot; business object"
       isAbstract="false" artifactName="T8_CATMaterialCreI"/>
   <OperationInputType typeName="T8_CATMaterialSvAI" parentTypeName="DatasetSvAI"
       typeClassName="T8_CATMaterialSvAI" description="SaveAsInput object for &quot;T8_CATMaterial&quot; business object"
       isAbstract="false" artifactName="T8_CATMaterialSvAI"/>
   <OperationInputType typeName="T8_FMEACreI" parentTypeName="DatasetCreI" typeClassName="T8_FMEACreI"
       description="CreateInput object for &quot;T8_FMEA&quot; business object" isAbstract="false"
       artifactName="T8_FMEACreI"/>
   <OperationInputType typeName="T8_FMEASvAI" parentTypeName="DatasetSvAI" typeClassName="T8_FMEASvAI"
       description="SaveAsInput object for &quot;T8_FMEA&quot; business object" isAbstract="false"
       artifactName="T8_FMEASvAI"/>
   <OperationInputType typeName="T8_OdetteCreI" parentTypeName="DatasetCreI" typeClassName="T8_OdetteCreI"
       description="CreateInput object for &quot;T8_Odette&quot; business object"
       isAbstract="false" artifactName="T8_OdetteCreI"/>
   <OperationInputType typeName="T8_OdetteSvAI" parentTypeName="DatasetSvAI" typeClassName="T8_OdetteSvAI"
       description="SaveAsInput object for &quot;T8_Odette&quot; business object"
       isAbstract="false" artifactName="T8_OdetteSvAI"/>
   <OperationInputType typeName="T8_ParasolidCreI" parentTypeName="DatasetCreI" typeClassName="T8_ParasolidCreI"
       description="CreateInput object for &quot;T8_Parasolid&quot; business object"
       isAbstract="false" artifactName="T8_ParasolidCreI"/>
   <OperationInputType typeName="T8_ParasolidSvAI" parentTypeName="DatasetSvAI" typeClassName="T8_ParasolidSvAI"
       description="SaveAsInput object for &quot;T8_Parasolid&quot; business object"
       isAbstract="false" artifactName="T8_ParasolidSvAI"/>
   <OperationInputType typeName="T8_TI_BVDefCreI" parentTypeName="DatasetCreI" typeClassName="T8_TI_BVDefCreI"
       description="CreateInput object for &quot;T8_TI_BVDef&quot; business object"
       isAbstract="false" artifactName="T8_TI_BVDefCreI"/>
   <OperationInputType typeName="T8_TI_BVDefSvAI" parentTypeName="DatasetSvAI" typeClassName="T8_TI_BVDefSvAI"
       description="SaveAsInput object for &quot;T8_TI_BVDef&quot; business object"
       isAbstract="false" artifactName="T8_TI_BVDefSvAI"/>
   <OperationInputType typeName="T8_TI_BVPCreI" parentTypeName="DatasetCreI" typeClassName="T8_TI_BVPCreI"
       description="CreateInput object for &quot;T8_TI_BVP&quot; business object"
       isAbstract="false" artifactName="T8_TI_BVPCreI"/>
   <OperationInputType typeName="T8_TI_BVPSvAI" parentTypeName="DatasetSvAI" typeClassName="T8_TI_BVPSvAI"
       description="SaveAsInput object for &quot;T8_TI_BVP&quot; business object"
       isAbstract="false" artifactName="T8_TI_BVPSvAI"/>
   <OperationInputType typeName="T8_TI_CAEAutomationCreI" parentTypeName="DatasetCreI"
       typeClassName="T8_TI_CAEAutomationCreI" description="CreateInput object for &quot;T8_TI_CAEAutomation&quot; business object"
       isAbstract="false" artifactName="T8_TI_CAEAutomationCreI"/>
   <OperationInputType typeName="T8_TI_CAEAutomationSvAI" parentTypeName="DatasetSvAI"
       typeClassName="T8_TI_CAEAutomationSvAI" description="SaveAsInput object for &quot;T8_TI_CAEAutomation&quot; business object"
       isAbstract="false" artifactName="T8_TI_CAEAutomationSvAI"/>
   <OperationInputType typeName="T8_TI_CAEReportCreI" parentTypeName="DatasetCreI"
       typeClassName="T8_TI_CAEReportCreI" description="CreateInput object for &quot;T8_TI_CAEReport&quot; business object"
       isAbstract="false" artifactName="T8_TI_CAEReportCreI"/>
   <OperationInputType typeName="T8_TI_CAEReportSvAI" parentTypeName="DatasetSvAI"
       typeClassName="T8_TI_CAEReportSvAI" description="SaveAsInput object for &quot;T8_TI_CAEReport&quot; business object"
       isAbstract="false" artifactName="T8_TI_CAEReportSvAI"/>
   <OperationInputType typeName="T8_TI_ContractedCostReportCreI" parentTypeName="DatasetCreI"
       typeClassName="T8_TI_ContractedCostReportCreI" description="CreateInput object for &quot;T8_TI_ContractedCostReport&quot; business object"
       isAbstract="false" artifactName="T8_TI_ContractedCostReportCreI"/>
   <OperationInputType typeName="T8_TI_ContractedCostReportSvAI" parentTypeName="DatasetSvAI"
       typeClassName="T8_TI_ContractedCostReportSvAI" description="SaveAsInput object for &quot;T8_TI_ContractedCostReport&quot; business object"
       isAbstract="false" artifactName="T8_TI_ContractedCostReportSvAI"/>
   <OperationInputType typeName="T8_TI_FluentCaseCreI" parentTypeName="DatasetCreI"
       typeClassName="T8_TI_FluentCaseCreI" description="CreateInput object for &quot;T8_TI_FluentCase&quot; business object"
       isAbstract="false" artifactName="T8_TI_FluentCaseCreI"/>
   <OperationInputType typeName="T8_TI_FluentCaseSvAI" parentTypeName="DatasetSvAI"
       typeClassName="T8_TI_FluentCaseSvAI" description="SaveAsInput object for &quot;T8_TI_FluentCase&quot; business object"
       isAbstract="false" artifactName="T8_TI_FluentCaseSvAI"/>
   <OperationInputType typeName="T8_TI_FluentJournalCreI" parentTypeName="DatasetCreI"
       typeClassName="T8_TI_FluentJournalCreI" description="CreateInput object for &quot;T8_TI_FluentJournal&quot; business object"
       isAbstract="false" artifactName="T8_TI_FluentJournalCreI"/>
   <OperationInputType typeName="T8_TI_FluentJournalSvAI" parentTypeName="DatasetSvAI"
       typeClassName="T8_TI_FluentJournalSvAI" description="SaveAsInput object for &quot;T8_TI_FluentJournal&quot; business object"
       isAbstract="false" artifactName="T8_TI_FluentJournalSvAI"/>
   <OperationInputType typeName="T8_TI_FluentResultsCreI" parentTypeName="DatasetCreI"
       typeClassName="T8_TI_FluentResultsCreI" description="CreateInput object for &quot;T8_TI_FluentResults&quot; business object"
       isAbstract="false" artifactName="T8_TI_FluentResultsCreI"/>
   <OperationInputType typeName="T8_TI_FluentResultsSvAI" parentTypeName="DatasetSvAI"
       typeClassName="T8_TI_FluentResultsSvAI" description="SaveAsInput object for &quot;T8_TI_FluentResults&quot; business object"
       isAbstract="false" artifactName="T8_TI_FluentResultsSvAI"/>
   <OperationInputType typeName="T8_TI_StandardCostReportCreI" parentTypeName="DatasetCreI"
       typeClassName="T8_TI_StandardCostReportCreI" description="CreateInput object for &quot;T8_TI_StandardCostReport&quot; business object"
       isAbstract="false" artifactName="T8_TI_StandardCostReportCreI"/>
   <OperationInputType typeName="T8_TI_StandardCostReportSvAI" parentTypeName="DatasetSvAI"
       typeClassName="T8_TI_StandardCostReportSvAI" description="SaveAsInput object for &quot;T8_TI_StandardCostReport&quot; business object"
       isAbstract="false" artifactName="T8_TI_StandardCostReportSvAI"/>
   <OperationInputType typeName="T8_TI_VRMLCreI" parentTypeName="DatasetCreI" typeClassName="T8_TI_VRMLCreI"
       description="CreateInput object for &quot;T8_TI_VRML&quot; business object"
       isAbstract="false" artifactName="T8_TI_VRMLCreI"/>
   <OperationInputType typeName="T8_TI_VRMLSvAI" parentTypeName="DatasetSvAI" typeClassName="T8_TI_VRMLSvAI"
       description="SaveAsInput object for &quot;T8_TI_VRML&quot; business object"
       isAbstract="false" artifactName="T8_TI_VRMLSvAI"/>
   <OperationInputType typeName="T8_TarCreI" parentTypeName="DatasetCreI" typeClassName="T8_TarCreI"
       description="CreateInput object for &quot;T8_Tar&quot; business object" isAbstract="false"
       artifactName="T8_TarCreI"/>
   <OperationInputType typeName="T8_TarSvAI" parentTypeName="DatasetSvAI" typeClassName="T8_TarSvAI"
       description="SaveAsInput object for &quot;T8_Tar&quot; business object" isAbstract="false"
       artifactName="T8_TarSvAI"/>
   <OperationInputType typeName="T8_VDAFSCreI" parentTypeName="DatasetCreI" typeClassName="T8_VDAFSCreI"
       description="CreateInput object for &quot;T8_VDAFS&quot; business object" isAbstract="false"
       artifactName="T8_VDAFSCreI"/>
   <OperationInputType typeName="T8_VDAFSSvAI" parentTypeName="DatasetSvAI" typeClassName="T8_VDAFSSvAI"
       description="SaveAsInput object for &quot;T8_VDAFS&quot; business object" isAbstract="false"
       artifactName="T8_VDAFSSvAI"/>
   <OperationInputType typeName="T8_VisualBasicCreI" parentTypeName="DatasetCreI"
       typeClassName="T8_VisualBasicCreI" description="CreateInput object for &quot;T8_VisualBasic&quot; business object"
       isAbstract="false" artifactName="T8_VisualBasicCreI"/>
   <OperationInputType typeName="T8_VisualBasicSvAI" parentTypeName="DatasetSvAI"
       typeClassName="T8_VisualBasicSvAI" description="SaveAsInput object for &quot;T8_VisualBasic&quot; business object"
       isAbstract="false" artifactName="T8_VisualBasic"/>
   <OperationInputType typeName="T8_X3DCreI" parentTypeName="DatasetCreI" typeClassName="T8_X3DCreI"
       description="CreateInput object for &quot;T8_X3D&quot; business object" isAbstract="false"
       artifactName="T8_X3DCreI"/>
   <OperationInputType typeName="T8_X3DSvAI" parentTypeName="DatasetSvAI" typeClassName="T8_X3DSvAI"
       description="SaveAsInput object for &quot;T8_X3D&quot; business object" isAbstract="false"
       artifactName="T8_X3DSvAI"/>
   <OperationInputType typeName="TI_BOMReportCreI" parentTypeName="DatasetCreI" typeClassName="TI_BOMReportCreI"
       description="CreateInput object for &quot;TI_BOMReport&quot; business object"
       isAbstract="false" artifactName="TI_BOMReport"/>
   <OperationInputType typeName="TI_BOMReportSvAI" parentTypeName="DatasetSvAI" typeClassName="TI_BOMReportSvAI"
       description="SaveAsInput object for &quot;TI_BOMReport&quot; business object"
       isAbstract="false" artifactName="TI_BOMReport"/>
   <TcDataset typeName="AdobeAcrobat" parentTypeName="Dataset" typeClassName="Dataset"
       description="" isAbstract="false" artifactName="AdobeAcrobat">
     <TcProperty propName="DMI_markup" propTypeName="Relation" propValueType="PROP_untyped_relation"
         propMaxStringLength="0" isArray="true" arrayLength="-1" description="Relationship for 2D markups"
         referencedTypeConstant="" referencedType=""/>
     <TcDSViewTool name="AdobeAcrobat"/>
     <TcDSEditTool name="AdobeAcrobat"/>
     <TcDatasetReference name="PDF">
       <TcDatasetReferenceInfo template="*.pdf" format="BINARY"/>
     </TcDatasetReference>
     <TcDatasetToolAction tool="AdobeAcrobat" action="Open">
       <TcToolActionReference export="true" referenceName="PDF"/>
       <TcToolParameter name="$PDF"/>
     </TcDatasetToolAction>
     <TcDatasetToolAction tool="AdobeAcrobat" action="OpenUsing">
       <TcToolActionReference export="true" referenceName="PDF"/>
       <TcToolParameter name="$PDF"/>
     </TcDatasetToolAction>
   </TcDataset>
   <TcDataset typeName="CADKEY" parentTypeName="Dataset" typeClassName="Dataset" description=""
       isAbstract="false" artifactName="CADKEY">
     <TcDSViewTool name="CADKEY"/>
     <TcDSEditTool name="CADKEY"/>
     <TcDatasetReference name="CADKEY">
       <TcDatasetReferenceInfo template="*.ckd" format="BINARY"/>
       <TcDatasetReferenceInfo template="*.ckt" format="BINARY"/>
       <TcDatasetReferenceInfo template="*.prt" format="BINARY"/>
       <TcDatasetReferenceInfo template="*.ptn" format="BINARY"/>
     </TcDatasetReference>
     <TcDatasetToolAction tool="CADKEY" action="Open">
       <TcToolActionReference export="true" referenceName="CADKEY"/>
       <TcToolParameter name="$CADKEY"/>
     </TcDatasetToolAction>
     <TcDatasetToolAction tool="CADKEY" action="OpenUsing">
       <TcToolActionReference export="true" referenceName="CADKEY"/>
       <TcToolParameter name="$CADKEY"/>
     </TcDatasetToolAction>
   </TcDataset>
   <TcDataset typeName="Generic" parentTypeName="Dataset" typeClassName="Dataset"
       description="" isAbstract="false" artifactName="Generic">
     <TcDSViewTool name="Generic"/>
     <TcDSEditTool name="Generic"/>
     <TcDatasetReference name="all">
       <TcDatasetReferenceInfo template="*" format="BINARY"/>
     </TcDatasetReference>
     <TcDatasetToolAction tool="Generic" action="Open">
       <TcToolActionReference export="true" referenceName="all"/>
       <TcToolParameter name="$all"/>
     </TcDatasetToolAction>
     <TcDatasetToolAction tool="Generic" action="OpenUsing">
       <TcToolActionReference export="true" referenceName="all"/>
       <TcToolParameter name="$all"/>
     </TcDatasetToolAction>
   </TcDataset>
   <TcDataset typeName="IGES" parentTypeName="Dataset" typeClassName="Dataset" description=""
       isAbstract="false" artifactName="IGES">
     <TcDSViewTool name="IGES"/>
     <TcDSEditTool name="IGES"/>
     <TcDatasetReference name="IGES">
       <TcDatasetReferenceInfo template="*.iges" format="TEXT"/>
       <TcDatasetReferenceInfo template="*.igs" format="TEXT"/>
       <TcDatasetReferenceInfo template="*.zip" format="BINARY"/>
     </TcDatasetReference>
     <TcDatasetToolAction tool="IGES" action="Open">
       <TcToolActionReference export="true" referenceName="IGES"/>
       <TcToolParameter name="$IGES"/>
     </TcDatasetToolAction>
     <TcDatasetToolAction tool="IGES" action="OpenUsing">
       <TcToolActionReference export="true" referenceName="IGES"/>
       <TcToolParameter name="$IGES"/>
     </TcDatasetToolAction>
   </TcDataset>
   <TcDataset typeName="MSPublisher" parentTypeName="Dataset" typeClassName="Dataset"
       description="" isAbstract="false" artifactName="MSPublisher">
     <TcDSViewTool name="MSPublisher"/>
     <TcDSEditTool name="MSPublisher"/>
     <TcDatasetReference name="PUB">
       <TcDatasetReferenceInfo template="*.pub" format="BINARY"/>
     </TcDatasetReference>
     <TcDatasetToolAction tool="MSPublisher" action="Open">
       <TcToolActionReference export="true" referenceName="PUB"/>
       <TcToolParameter name="$PUB"/>
     </TcDatasetToolAction>
     <TcDatasetToolAction tool="MSPublisher" action="OpenUsing">
       <TcToolActionReference export="true" referenceName="PUB"/>
       <TcToolParameter name="$PUB"/>
     </TcDatasetToolAction>
   </TcDataset>
   <TcDataset typeName="MSVisio" parentTypeName="Dataset" typeClassName="Dataset"
       description="" isAbstract="false" artifactName="MSVisio">
     <TcDSViewTool name="MSVisio"/>
     <TcDSEditTool name="MSVisio"/>
     <TcDatasetReference name="VSD">
       <TcDatasetReferenceInfo template="*.vsd" format="BINARY"/>
     </TcDatasetReference>
     <TcDatasetToolAction tool="MSVisio" action="Open">
       <TcToolActionReference export="true" referenceName="VSD"/>
       <TcToolParameter name="$VSD"/>
     </TcDatasetToolAction>
     <TcDatasetToolAction tool="MSVisio" action="OpenUsing">
       <TcToolActionReference export="true" referenceName="VSD"/>
       <TcToolParameter name="$VSD"/>
     </TcDatasetToolAction>
   </TcDataset>
   <TcDataset typeName="Minitab" parentTypeName="Dataset" typeClassName="Dataset"
       description="" isAbstract="false" artifactName="Minitab">
     <TcDSViewTool name="Minitab"/>
     <TcDSEditTool name="Minitab"/>
     <TcDatasetReference name="Minitab">
       <TcDatasetReferenceInfo template="*.mpj" format="BINARY"/>
       <TcDatasetReferenceInfo template="*.mtw" format="BINARY"/>
     </TcDatasetReference>
     <TcDatasetToolAction tool="Minitab" action="Open">
       <TcToolActionReference export="true" referenceName="Minitab"/>
       <TcToolParameter name="$Minitab"/>
     </TcDatasetToolAction>
     <TcDatasetToolAction tool="Minitab" action="OpenUsing">
       <TcToolActionReference export="true" referenceName="Minitab"/>
       <TcToolParameter name="$Minitab"/>
     </TcDatasetToolAction>
   </TcDataset>
   <TcDataset typeName="Movie" parentTypeName="Dataset" typeClassName="Dataset" description=""
       isAbstract="false" artifactName="Movie">
     <TcDSViewTool name="Movie"/>
     <TcDSEditTool name="Movie"/>
     <TcDatasetReference name="Movie">
       <TcDatasetReferenceInfo template="*.mov" format="BINARY"/>
       <TcDatasetReferenceInfo template="*.mpg" format="BINARY"/>
       <TcDatasetReferenceInfo template="*.mpeg" format="BINARY"/>
       <TcDatasetReferenceInfo template="*.avi" format="BINARY"/>
     </TcDatasetReference>
     <TcDatasetReference name="T8_Movie">
       <TcDatasetReferenceInfo template="*.qvw" format="BINARY"/>
       <TcDatasetReferenceInfo template="*.mp4" format="BINARY"/>
     </TcDatasetReference>
     <TcDatasetToolAction tool="Movie" action="Open">
       <TcToolActionReference export="true" referenceName="Movie"/>
       <TcToolParameter name="$Movie"/>
     </TcDatasetToolAction>
     <TcDatasetToolAction tool="Movie" action="OpenUsing">
       <TcToolActionReference export="true" referenceName="Movie"/>
       <TcToolParameter name="$Movie"/>
     </TcDatasetToolAction>
   </TcDataset>
   <TcDataset typeName="STEP" parentTypeName="Dataset" typeClassName="Dataset" description=""
       isAbstract="false" artifactName="STEP">
     <TcDSViewTool name="STEP"/>
     <TcDSEditTool name="STEP"/>
     <TcDatasetReference name="STEP">
       <TcDatasetReferenceInfo template="*.stp" format="TEXT"/>
       <TcDatasetReferenceInfo template="*.step" format="TEXT"/>
       <TcDatasetReferenceInfo template="*.zip" format="BINARY"/>
     </TcDatasetReference>
     <TcDatasetToolAction tool="STEP" action="Open">
       <TcToolActionReference export="true" referenceName="STEP"/>
       <TcToolParameter name="$STEP"/>
     </TcDatasetToolAction>
     <TcDatasetToolAction tool="STEP" action="OpenUsing">
       <TcToolActionReference export="true" referenceName="STEP"/>
       <TcToolParameter name="$STEP"/>
     </TcDatasetToolAction>
   </TcDataset>
   <TcDataset typeName="T8_CATCatalog" parentTypeName="Dataset" typeClassName="T8_CATCatalog"
       description="CATCatalog" isAbstract="false" artifactName="T8_CATCatalog">
     <TcDSViewTool name="Generic"/>
     <TcDSEditTool name="Generic"/>
     <TcDatasetReference name="T8_CATCatalog">
       <TcDatasetReferenceInfo template=".CATCatalog" format="BINARY"/>
     </TcDatasetReference>
   </TcDataset>
   <TcDataset typeName="T8_CATMaterial" parentTypeName="Dataset" typeClassName="T8_CATMaterial"
       description="CATMaterial" isAbstract="false" artifactName="T8_CATMaterial">
     <TcDSViewTool name="Generic"/>
     <TcDSEditTool name="Generic"/>
     <TcDatasetReference name="T8_CATMaterial">
       <TcDatasetReferenceInfo template=".CATMaterial" format="BINARY"/>
     </TcDatasetReference>
   </TcDataset>
   <TcDataset typeName="T8_FMEA" parentTypeName="Dataset" typeClassName="Dataset"
       description="." isAbstract="false" artifactName="T8_FMEA">
     <TcDSViewTool name="T8_APIS_FMEA"/>
     <TcDSEditTool name="T8_APIS_FMEA"/>
     <TcDatasetReference name="T8_FMEA">
       <TcDatasetReferenceInfo template="*.fme" format="BINARY"/>
     </TcDatasetReference>
     <TcDatasetToolAction tool="T8_APIS_FMEA" action="Open">
       <TcToolActionReference export="false" referenceName="T8_FMEA"/>
       <TcToolParameter name="$T8_FMEA"/>
     </TcDatasetToolAction>
     <TcDatasetToolAction tool="T8_APIS_FMEA" action="OpenUsing">
       <TcToolActionReference export="false" referenceName="T8_FMEA"/>
       <TcToolParameter name="$T8_FMEA"/>
     </TcDatasetToolAction>
   </TcDataset>
   <TcDataset typeName="T8_Odette" parentTypeName="Dataset" typeClassName="T8_Odette"
       description="" isAbstract="false" artifactName="T8_Odette">
     <TcDSViewTool name="Generic"/>
     <TcDSEditTool name="Generic"/>
     <TcDatasetReference name="T8_EngData">
       <TcDatasetReferenceInfo template=".engdat" format="BINARY"/>
     </TcDatasetReference>
   </TcDataset>
   <TcDataset typeName="T8_Parasolid" parentTypeName="Dataset" typeClassName="T8_Parasolid"
       description="" isAbstract="false" artifactName="T8_Parasolid">
     <TcDSViewTool name="Generic"/>
     <TcDSEditTool name="Generic"/>
     <TcDatasetReference name="T8_XT">
       <TcDatasetReferenceInfo template=".x_t" format="BINARY"/>
     </TcDatasetReference>
     <TcDatasetReference name="T8_XB">
       <TcDatasetReferenceInfo template=".x_b" format="BINARY"/>
     </TcDatasetReference>
   </TcDataset>
   <TcDataset typeName="T8_TI_BVDef" parentTypeName="Dataset" typeClassName="T8_TI_BVDef"
       description="BlowSim Definition files" isAbstract="false" artifactName="T8_TI_BVDef">
     <TcDSViewTool name="TextEditor"/>
     <TcDSEditTool name="TextEditor"/>
     <TcDatasetReference name="T8_TI_BVDef">
       <TcDatasetReferenceInfo template="*.def" format="TEXT"/>
     </TcDatasetReference>
   </TcDataset>
   <TcDataset typeName="T8_TI_BVP" parentTypeName="Dataset" typeClassName="T8_TI_BVP"
       description="BlowView project files" isAbstract="false" artifactName="T8_TI_BVP">
     <TcDSViewTool name="TextEditor"/>
     <TcDSEditTool name="TextEditor"/>
     <TcDatasetReference name="T8_TI_BVP">
       <TcDatasetReferenceInfo template="*.bvp" format="TEXT"/>
     </TcDatasetReference>
     <TcDatasetReference name="T8_Patran_Neutral">
       <TcDatasetReferenceInfo template="*.pat" format="TEXT"/>
     </TcDatasetReference>
   </TcDataset>
   <TcDataset typeName="T8_TI_CAEAutomation" parentTypeName="Dataset" typeClassName="T8_TI_CAEAutomation"
       description="Dataset to manage scripts for automation of tc4sim tools" isAbstract="false"
       artifactName="T8_TI_CAEAutomation">
     <TcDSViewTool name="TextEditor"/>
     <TcDSViewTool name="Notepad"/>
     <TcDSViewTool name="NoteEditor"/>
     <TcDSViewTool name="TextEditorNT"/>
     <TcDSViewTool name="SmtpTool"/>
     <TcDSEditTool name="TextEditor"/>
     <TcDSEditTool name="Notepad"/>
     <TcDSEditTool name="NoteEditor"/>
     <TcDSEditTool name="TextEditorNT"/>
     <TcDSEditTool name="SmtpTool"/>
     <TcDatasetReference name="T8_Text">
       <TcDatasetReferenceInfo template="*.txt" format="TEXT"/>
     </TcDatasetReference>
     <TcDatasetReference name="T8_BAT">
       <TcDatasetReferenceInfo template="*.bat" format="BINARY"/>
     </TcDatasetReference>
     <TcDatasetReference name="T8_EXE">
       <TcDatasetReferenceInfo template="*.exe" format="BINARY"/>
     </TcDatasetReference>
     <TcDatasetReference name="T8_VB">
       <TcDatasetReferenceInfo template="*.vb" format="BINARY"/>
     </TcDatasetReference>
     <TcDatasetReference name="T8_Pat_Session">
       <TcDatasetReferenceInfo template="*.ses" format="BINARY"/>
     </TcDatasetReference>
     <TcDatasetReference name="T8_Pat_Neutral">
       <TcDatasetReferenceInfo template="*.pat" format="BINARY"/>
     </TcDatasetReference>
     <TcDatasetReference name="T8_Perl_Scr">
       <TcDatasetReferenceInfo template="*.pl" format="BINARY"/>
     </TcDatasetReference>
     <TcDatasetReference name="T8_BVP">
       <TcDatasetReferenceInfo template="*.bvp" format="BINARY"/>
     </TcDatasetReference>
     <TcDatasetToolAction tool="TextEditor" action="Open">
       <TcToolActionReference export="true" referenceName="T8_Text"/>
       <TcToolParameter name="$T8_Text"/>
     </TcDatasetToolAction>
     <TcDatasetToolAction tool="TextEditor" action="Print">
       <TcToolActionReference export="true" referenceName="T8_Text"/>
       <TcToolParameter name="$T8_Text"/>
     </TcDatasetToolAction>
     <TcDatasetToolAction tool="TextEditor" action="OpenUsing">
       <TcToolActionReference export="true" referenceName="T8_Text"/>
       <TcToolParameter name="$T8_Text"/>
     </TcDatasetToolAction>
     <TcDatasetToolAction tool="TextEditor" action="PrintUsing">
       <TcToolActionReference export="true" referenceName="T8_Text"/>
       <TcToolParameter name="$T8_Text"/>
     </TcDatasetToolAction>
     <TcDatasetToolAction tool="Notepad" action="Open">
       <TcToolActionReference export="true" referenceName="T8_Text"/>
       <TcToolParameter name="$T8_Text"/>
     </TcDatasetToolAction>
     <TcDatasetToolAction tool="Notepad" action="OpenUsing">
       <TcToolActionReference export="true" referenceName="T8_Text"/>
       <TcToolParameter name="$T8_Text"/>
     </TcDatasetToolAction>
     <TcDatasetToolAction tool="Notepad" action="Print">
       <TcToolActionReference export="true" referenceName="T8_Text"/>
       <TcToolParameter name="$T8_Text"/>
     </TcDatasetToolAction>
     <TcDatasetToolAction tool="Notepad" action="PrintUsing">
       <TcToolActionReference export="true" referenceName="T8_Text"/>
       <TcToolParameter name="$T8_Text"/>
     </TcDatasetToolAction>
     <TcDatasetToolAction tool="NoteEditor" action="Open">
       <TcToolActionReference export="true" referenceName="T8_Text"/>
       <TcToolParameter name="$T8_Text"/>
     </TcDatasetToolAction>
     <TcDatasetToolAction tool="NoteEditor" action="Print">
       <TcToolActionReference export="true" referenceName="T8_Text"/>
       <TcToolParameter name="$T8_Text"/>
     </TcDatasetToolAction>
     <TcDatasetToolAction tool="NoteEditor" action="OpenUsing">
       <TcToolActionReference export="true" referenceName="T8_Text"/>
       <TcToolParameter name="$T8_Text"/>
     </TcDatasetToolAction>
     <TcDatasetToolAction tool="NoteEditor" action="PrintUsing">
       <TcToolActionReference export="true" referenceName="T8_Text"/>
       <TcToolParameter name="$T8_Text"/>
     </TcDatasetToolAction>
     <TcDatasetToolAction tool="TextEditorNT" action="Open">
       <TcToolActionReference export="true" referenceName="T8_Text"/>
       <TcToolParameter name="$T8_Text"/>
     </TcDatasetToolAction>
     <TcDatasetToolAction tool="TextEditorNT" action="Print">
       <TcToolActionReference export="true" referenceName="T8_Text"/>
       <TcToolParameter name="$T8_Text"/>
     </TcDatasetToolAction>
     <TcDatasetToolAction tool="TextEditorNT" action="OpenUsing">
       <TcToolActionReference export="true" referenceName="T8_Text"/>
       <TcToolParameter name="$T8_Text"/>
     </TcDatasetToolAction>
     <TcDatasetToolAction tool="TextEditorNT" action="PrintUsing">
       <TcToolActionReference export="true" referenceName="T8_Text"/>
       <TcToolParameter name="$T8_Text"/>
     </TcDatasetToolAction>
     <TcDatasetToolAction tool="SmtpTool" action="Send">
       <TcToolActionReference export="true" referenceName="T8_Text"/>
       <TcToolParameter name="$T8_Text"/>
     </TcDatasetToolAction>
   </TcDataset>
   <TcDataset typeName="T8_TI_CAEReport" parentTypeName="Dataset" typeClassName="T8_TI_CAEReport"
       description="Dataset to manage CAE Reports" isAbstract="false" artifactName="T8_TI_CAEReport">
     <TcDSViewTool name="MSWord"/>
     <TcDSEditTool name="MSWord"/>
     <TcDatasetReference name="T8_CAEReport">
       <TcDatasetReferenceInfo template="*.docx" format="BINARY"/>
     </TcDatasetReference>
     <TcDatasetReference name="T8_propsync">
       <TcDatasetReferenceInfo template="OBJECT" format="OBJECT"/>
     </TcDatasetReference>
     <TcDatasetToolAction tool="MSWord" action="Open">
       <TcToolActionReference export="false" referenceName="T8_CAEReport"/>
       <TcToolParameter name="$T8_CAEReport"/>
     </TcDatasetToolAction>
     <TcDatasetToolAction tool="MSWord" action="OpenUsing">
       <TcToolActionReference export="false" referenceName="T8_CAEReport"/>
       <TcToolParameter name="$T8_CAEReport"/>
     </TcDatasetToolAction>
     <TcDatasetToolAction tool="MSWord" action="Print">
       <TcToolActionReference export="false" referenceName="T8_CAEReport"/>
       <TcToolParameter name="$T8_CAEReport"/>
     </TcDatasetToolAction>
     <TcDatasetToolAction tool="MSWord" action="PrintUsing">
       <TcToolActionReference export="false" referenceName="T8_CAEReport"/>
       <TcToolParameter name="$T8_CAEReport"/>
     </TcDatasetToolAction>
   </TcDataset>
   <TcDataset typeName="T8_TI_ContractedCostReport" parentTypeName="Dataset" typeClassName="T8_TI_ContractedCostReport"
       description="" isAbstract="false" artifactName="T8_TI_ContractedCostReport">
     <TcDSViewTool name="TI_BOMReport"/>
     <TcDSEditTool name="TI_BOMReport"/>
     <TcDatasetReference name="T8_HTML">
       <TcDatasetReferenceInfo template="*.html" format="TEXT"/>
     </TcDatasetReference>
     <TcDatasetReference name="XML">
       <TcDatasetReferenceInfo template="*.xml" format="TEXT"/>
     </TcDatasetReference>
     <TcDatasetReference name="T8_Secondary">
       <TcDatasetReferenceInfo template="*.*" format="BINARY"/>
     </TcDatasetReference>
     <TcDatasetToolAction tool="TI_BOMReport" action="Open">
       <TcToolActionReference export="true" referenceName="T8_HTML"/>
       <TcToolParameter name="$T8_HTML"/>
     </TcDatasetToolAction>
     <TcDatasetToolAction tool="TI_BOMReport" action="OpenUsing">
       <TcToolActionReference export="true" referenceName="T8_HTML"/>
       <TcToolParameter name="$T8_HTML"/>
     </TcDatasetToolAction>
   </TcDataset>
   <TcDataset typeName="T8_TI_FluentCase" parentTypeName="Dataset" typeClassName="T8_TI_FluentCase"
       description="Dataset to manage case files for use by Fluent" isAbstract="false"
       artifactName="T8_TI_FluentCase">
     <TcDSViewTool name="TextEditor"/>
     <TcDSEditTool name="TextEditor"/>
     <TcDatasetReference name="T8_CASE">
       <TcDatasetReferenceInfo template="*.cas" format="BINARY"/>
     </TcDatasetReference>
     <TcDatasetReference name="T8_CASE_GZ">
       <TcDatasetReferenceInfo template="*.cas.gz" format="BINARY"/>
     </TcDatasetReference>
     <TcDatasetReference name="T8_CAE_VIEW">
       <TcDatasetReferenceInfo template="*.vw" format="BINARY"/>
     </TcDatasetReference>
   </TcDataset>
   <TcDataset typeName="T8_TI_FluentJournal" parentTypeName="Dataset" typeClassName="T8_TI_FluentJournal"
       description="Dataset to manage Fluent journal files used to store the Fluent template settings."
       isAbstract="false" artifactName="T8_TI_FluentJournal">
     <TcDSViewTool name="TextEditor"/>
     <TcDSViewTool name="Notepad"/>
     <TcDSViewTool name="NoteEditor"/>
     <TcDSViewTool name="TextEditorNT"/>
     <TcDSEditTool name="TextEditor"/>
     <TcDSEditTool name="Notepad"/>
     <TcDSEditTool name="NoteEditor"/>
     <TcDSEditTool name="TextEditorNT"/>
     <TcDatasetReference name="T8_JOURNAL">
       <TcDatasetReferenceInfo template="*.jou" format="TEXT"/>
     </TcDatasetReference>
     <TcDatasetToolAction tool="TextEditor" action="Open">
       <TcToolActionReference export="false" referenceName="T8_JOURNAL"/>
       <TcToolParameter name="$T8_JOURNAL"/>
     </TcDatasetToolAction>
     <TcDatasetToolAction tool="TextEditor" action="OpenUsing">
       <TcToolActionReference export="false" referenceName="T8_JOURNAL"/>
       <TcToolParameter name="$T8_JOURNAL"/>
     </TcDatasetToolAction>
     <TcDatasetToolAction tool="Notepad" action="Open">
       <TcToolActionReference export="false" referenceName="T8_JOURNAL"/>
       <TcToolParameter name="$T8_JOURNAL"/>
     </TcDatasetToolAction>
     <TcDatasetToolAction tool="Notepad" action="OpenUsing">
       <TcToolActionReference export="false" referenceName="T8_JOURNAL"/>
       <TcToolParameter name="$T8_JOURNAL"/>
     </TcDatasetToolAction>
     <TcDatasetToolAction tool="NoteEditor" action="Open">
       <TcToolActionReference export="false" referenceName="T8_JOURNAL"/>
       <TcToolParameter name="$T8_JOURNAL"/>
     </TcDatasetToolAction>
     <TcDatasetToolAction tool="NoteEditor" action="OpenUsing">
       <TcToolActionReference export="false" referenceName="T8_JOURNAL"/>
       <TcToolParameter name="$T8_JOURNAL"/>
     </TcDatasetToolAction>
     <TcDatasetToolAction tool="TextEditorNT" action="Open">
       <TcToolActionReference export="false" referenceName="T8_JOURNAL"/>
       <TcToolParameter name="$T8_JOURNAL"/>
     </TcDatasetToolAction>
     <TcDatasetToolAction tool="TextEditorNT" action="OpenUsing">
       <TcToolActionReference export="false" referenceName="T8_JOURNAL"/>
       <TcToolParameter name="$T8_JOURNAL"/>
     </TcDatasetToolAction>
   </TcDataset>
   <TcDataset typeName="T8_TI_FluentResults" parentTypeName="Dataset" typeClassName="T8_TI_FluentResults"
       description="Dataset to manage results of fluent analysis" isAbstract="false"
       artifactName="T8_TI_FluentResults">
     <TcDSViewTool name="TextEditor"/>
     <TcDSEditTool name="TextEditor"/>
     <TcDatasetReference name="T8_DAT">
       <TcDatasetReferenceInfo template="*.dat" format="BINARY"/>
     </TcDatasetReference>
     <TcDatasetReference name="T8_DAT_GZ">
       <TcDatasetReferenceInfo template="*.dat.gz" format="BINARY"/>
     </TcDatasetReference>
   </TcDataset>
   <TcDataset typeName="T8_TI_StandardCostReport" parentTypeName="Dataset" typeClassName="T8_TI_StandardCostReport"
       description="" isAbstract="false" artifactName="T8_TI_StandardCostReport">
     <TcDSViewTool name="TI_BOMReport"/>
     <TcDSEditTool name="TI_BOMReport"/>
     <TcDatasetReference name="T8_HTML">
       <TcDatasetReferenceInfo template="*.html" format="TEXT"/>
     </TcDatasetReference>
     <TcDatasetReference name="XML">
       <TcDatasetReferenceInfo template="*.xml" format="TEXT"/>
     </TcDatasetReference>
     <TcDatasetReference name="T8_Secondary">
       <TcDatasetReferenceInfo template="*.*" format="BINARY"/>
     </TcDatasetReference>
     <TcDatasetToolAction tool="TI_BOMReport" action="Open">
       <TcToolActionReference export="true" referenceName="T8_HTML"/>
       <TcToolParameter name="$T8_HTML"/>
     </TcDatasetToolAction>
     <TcDatasetToolAction tool="TI_BOMReport" action="OpenUsing">
       <TcToolActionReference export="true" referenceName="T8_HTML"/>
       <TcToolParameter name="$T8_HTML"/>
     </TcDatasetToolAction>
   </TcDataset>
   <TcDataset typeName="T8_TI_VRML" parentTypeName="Dataset" typeClassName="T8_TI_VRML"
       description="Dataset to manage VRML file generated by Tc4SIM" isAbstract="false"
       artifactName="T8_TI_VRML">
     <TcProperty propName="3DMarkup" propTypeName="Relation" propValueType="PROP_untyped_relation"
         propMaxStringLength="0" isArray="true" arrayLength="-1" description="Relationship for 3D markup files"
         referencedTypeConstant="" referencedType=""/>
     <TcDSViewTool name="PV"/>
     <TcDSEditTool name="PV"/>
     <TcDatasetReference name="T8_VRML">
       <TcDatasetReferenceInfo template="*.wrl" format="BINARY"/>
     </TcDatasetReference>
   </TcDataset>
   <TcDataset typeName="T8_Tar" parentTypeName="Dataset" typeClassName="Dataset" description=""
       isAbstract="false" artifactName="T8_Tar">
     <TcDSViewTool name="UnZip"/>
     <TcDSEditTool name="UnZip"/>
     <TcDatasetReference name="T8_TAR">
       <TcDatasetReferenceInfo template="*.tar" format="BINARY"/>
       <TcDatasetReferenceInfo template="*.rar" format="BINARY"/>
       <TcDatasetReferenceInfo template="*.gz" format="BINARY"/>
       <TcDatasetReferenceInfo template="*.7z" format="BINARY"/>
       <TcDatasetReferenceInfo template="*.arc" format="BINARY"/>
       <TcDatasetReferenceInfo template="*.gzip" format="BINARY"/>
     </TcDatasetReference>
     <TcDatasetToolAction tool="UnZip" action="Open">
       <TcToolActionReference export="true" referenceName="T8_TAR"/>
       <TcToolParameter name="$T8_TAR"/>
     </TcDatasetToolAction>
   </TcDataset>
   <TcDataset typeName="T8_VDAFS" parentTypeName="Dataset" typeClassName="T8_VDAFS"
       description="" isAbstract="false" artifactName="T8_VDAFS">
     <TcDSViewTool name="Generic"/>
     <TcDSEditTool name="Generic"/>
     <TcDatasetReference name="T8_VDA">
       <TcDatasetReferenceInfo template=".vda" format="BINARY"/>
     </TcDatasetReference>
   </TcDataset>
   <TcDataset typeName="T8_VisualBasic" parentTypeName="Dataset" typeClassName="T8_VisualBasic"
       description="" isAbstract="false" artifactName="T8_VisualBasic">
     <TcDSViewTool name="T8_VisualBasic"/>
     <TcDSEditTool name="T8_VisualBasic"/>
     <TcDatasetReference name="T8_VisualBasic">
       <TcDatasetReferenceInfo template="*.vb" format="BINARY"/>
     </TcDatasetReference>
     <TcDatasetToolAction tool="T8_VisualBasic" action="Open">
       <TcToolActionReference export="false" referenceName="T8_VisualBasic"/>
       <TcToolParameter name="$T8_VisualBasic"/>
     </TcDatasetToolAction>
   </TcDataset>
   <TcDataset typeName="T8_X3D" parentTypeName="Dataset" typeClassName="T8_X3D" description=""
       isAbstract="false" artifactName="T8_X3D">
     <TcDSViewTool name="Generic"/>
     <TcDSEditTool name="Generic"/>
     <TcDatasetReference name="T8_X3D">
       <TcDatasetReferenceInfo template=".x3d" format="BINARY"/>
     </TcDatasetReference>
   </TcDataset>
   <TcDataset typeName="TI_BOMReport" parentTypeName="Dataset" typeClassName="Dataset"
       description="" isAbstract="false" artifactName="TI_BOMReport">
     <TcDSViewTool name="TI_BOMReport"/>
     <TcDSEditTool name="TI_BOMReport"/>
     <TcDatasetReference name="T8_HTML">
       <TcDatasetReferenceInfo template="*.html" format="TEXT"/>
     </TcDatasetReference>
     <TcDatasetReference name="XML">
       <TcDatasetReferenceInfo template="*.xml" format="TEXT"/>
     </TcDatasetReference>
     <TcDatasetToolAction tool="TI_BOMReport" action="Open">
       <TcToolActionReference export="true" referenceName="T8_HTML"/>
       <TcToolParameter name="$T8_HTML"/>
     </TcDatasetToolAction>
     <TcDatasetToolAction tool="TI_BOMReport" action="OpenUsing">
       <TcToolActionReference export="true" referenceName="T8_HTML"/>
       <TcToolParameter name="$T8_HTML"/>
     </TcDatasetToolAction>
   </TcDataset>
   <TcDatasetReferenceAttach datasetType="CAEResults">
     <TcDatasetReference name="T8_BlowView_init_int_Stress">
       <TcDatasetReferenceInfo template="*.sw" format="BINARY"/>
     </TcDatasetReference>
   </TcDatasetReferenceAttach>
   <TcDatasetReferenceAttach datasetType="CAEResults">
     <TcDatasetReference name="T8_BlowView_Result">
       <TcDatasetReferenceInfo template="*.res" format="BINARY"/>
     </TcDatasetReference>
   </TcDatasetReferenceAttach>
   <TcDatasetReferenceAttach datasetType="CAEResults">
     <TcDatasetReference name="T8_Dytran_Output">
       <TcDatasetReferenceInfo template="*.arc" format="BINARY"/>
     </TcDatasetReference>
   </TcDatasetReferenceAttach>
   <TcDatasetReferenceAttach datasetType="CAEResults">
     <TcDatasetReference name="T8_Log_File">
       <TcDatasetReferenceInfo template="*.log" format="TEXT"/>
     </TcDatasetReference>
   </TcDatasetReferenceAttach>
   <TcDatasetReferenceAttach datasetType="CAEResults">
     <TcDatasetReference name="T8_Marc_Output">
       <TcDatasetReferenceInfo template="*.t16" format="BINARY"/>
     </TcDatasetReference>
   </TcDatasetReferenceAttach>
   <TcDatasetReferenceAttach datasetType="CAEResults">
     <TcDatasetReference name="T8_Patran_Neutral">
       <TcDatasetReferenceInfo template="*.pat" format="TEXT"/>
     </TcDatasetReference>
   </TcDatasetReferenceAttach>
   <TcDatasetReferenceAttach datasetType="CAEResults">
     <TcDatasetReference name="T8_Patran_Nodal">
       <TcDatasetReferenceInfo template="*.nod" format="TEXT"/>
     </TcDatasetReference>
   </TcDatasetReferenceAttach>
   <TcDatasetReferenceAttach datasetType="CAEResults">
     <TcDatasetReference name="T8_Universal">
       <TcDatasetReferenceInfo template="*.unv" format="TEXT"/>
     </TcDatasetReference>
   </TcDatasetReferenceAttach>
   <TcDatasetReferenceAttach datasetType="CAEResults">
     <TcDatasetReference name="T8_ZIP">
       <TcDatasetReferenceInfo template="*.zip" format="BINARY"/>
     </TcDatasetReference>
   </TcDatasetReferenceAttach>
   <TcDatasetReferenceAttach datasetType="CAESolver">
     <TcDatasetReference name="T8_Marc/Dytran-Bulkdata">
       <TcDatasetReferenceInfo template="*.dat" format="TEXT"/>
     </TcDatasetReference>
   </TcDatasetReferenceAttach>
   <TcDatasetReferenceAttach datasetType="MSExcelX">
     <TcDatasetReference name="T8_excel">
       <TcDatasetReferenceInfo template="*.csv" format="BINARY"/>
     </TcDatasetReference>
   </TcDatasetReferenceAttach>
   <TcDatasetReferenceAttach datasetType="UGMASTER">
     <TcDatasetReference name="T8_CADAttributes">
       <TcDatasetReferenceInfo template="OBJECT" format="OBJECT"/>
     </TcDatasetReference>
   </TcDatasetReferenceAttach>
   <TcDatasetReferenceAttach datasetType="UGPART">
     <TcDatasetReference name="T8_CADAttributes">
       <TcDatasetReferenceInfo template="OBJECT" format="OBJECT"/>
     </TcDatasetReference>
   </TcDatasetReferenceAttach>
   <TcDatasetReferenceAttach datasetType="MSProject">
     <TcDatasetReference name="MPP">
       <TcDatasetReferenceInfo template="*.mpp" format="BINARY"/>
     </TcDatasetReference>
   </TcDatasetReferenceAttach>
   <TcDatasetToolAttach datasetType="Vis_Session">
     <TcDSViewTool name="PV"/>
   </TcDatasetToolAttach>
   <TcDatasetToolAttach datasetType="Vis_Session">
     <TcDSEditTool name="PV"/>
   </TcDatasetToolAttach>
   <TcDatasetToolActionAttach datasetType="Vis_Session" tool="PV" action="Open">
     <TcToolActionReference export="false" referenceName="Package"/>
     <TcToolActionReference export="false" referenceName="Session"/>
     <TcToolParameter name="$Package"/>
     <TcToolParameter name="$Session"/>
   </TcDatasetToolActionAttach>
   <TcDatasetToolActionAttach datasetType="Vis_Session" tool="PV" action="OpenUsing">
     <TcToolActionReference export="false" referenceName="Package"/>
     <TcToolActionReference export="false" referenceName="Session"/>
     <TcToolParameter name="$Package"/>
     <TcToolParameter name="$Session"/>
   </TcDatasetToolActionAttach>
   <TcDatasetReferenceAttach datasetType="ACADDWG">
     <TcDatasetReference name="T8_CADAttributes">
       <TcDatasetReferenceInfo template="OBJECT" format="OBJECT"/>
     </TcDatasetReference>
   </TcDatasetReferenceAttach>
   <TcDatasetReferenceAttach datasetType="ACADTMPL">
     <TcDatasetReference name="T8_CADAttributes">
       <TcDatasetReferenceInfo template="OBJECT" format="OBJECT"/>
     </TcDatasetReference>
   </TcDatasetReferenceAttach>
   <TcDatasetReferenceAttach datasetType="ACADDWF">
     <TcDatasetReference name="T8_CADAttributes">
       <TcDatasetReferenceInfo template="OBJECT" format="OBJECT"/>
     </TcDatasetReference>
   </TcDatasetReferenceAttach>
   <TcDatasetReferenceAttach datasetType="CATDrawing">
     <TcDatasetReference name="T8_CADAttributes">
       <TcDatasetReferenceInfo template="OBJECT" format="OBJECT"/>
     </TcDatasetReference>
   </TcDatasetReferenceAttach>
   <TcDatasetReferenceAttach datasetType="CATPart">
     <TcDatasetReference name="T8_CADAttributes">
       <TcDatasetReferenceInfo template="OBJECT" format="OBJECT"/>
     </TcDatasetReference>
   </TcDatasetReferenceAttach>
   <TcDatasetReferenceAttach datasetType="CATProduct">
     <TcDatasetReference name="T8_CADAttributes">
       <TcDatasetReferenceInfo template="OBJECT" format="OBJECT"/>
     </TcDatasetReference>
   </TcDatasetReferenceAttach>
   <TcDatasetReferenceAttach datasetType="CATSecondaryPart">
     <TcDatasetReference name="T8_CADAttributes">
       <TcDatasetReferenceInfo template="OBJECT" format="OBJECT"/>
     </TcDatasetReference>
   </TcDatasetReferenceAttach>
   <TcDatasetReferenceAttach datasetType="CATcgm">
     <TcDatasetReference name="T8_CADAttributes">
       <TcDatasetReferenceInfo template="OBJECT" format="OBJECT"/>
     </TcDatasetReference>
   </TcDatasetReferenceAttach>
   <TcDatasetReferenceAttach datasetType="CATwrl">
     <TcDatasetReference name="T8_CADAttributes">
       <TcDatasetReferenceInfo template="OBJECT" format="OBJECT"/>
     </TcDatasetReference>
   </TcDatasetReferenceAttach>
   <TcDatasetReferenceAttach datasetType="catia">
     <TcDatasetReference name="T8_CADAttributes">
       <TcDatasetReferenceInfo template="OBJECT" format="OBJECT"/>
     </TcDatasetReference>
   </TcDatasetReferenceAttach>
   <TcDatasetReferenceAttach datasetType="catia2D">
     <TcDatasetReference name="T8_CADAttributes">
       <TcDatasetReferenceInfo template="OBJECT" format="OBJECT"/>
     </TcDatasetReference>
   </TcDatasetReferenceAttach>
   <TcDatasetReferenceAttach datasetType="catiaSecondary">
     <TcDatasetReference name="T8_CADAttributes">
       <TcDatasetReferenceInfo template="OBJECT" format="OBJECT"/>
     </TcDatasetReference>
   </TcDatasetReferenceAttach>
   <TcDatasetReferenceAttach datasetType="ProAsm">
     <TcDatasetReference name="T8_CADAttributes">
       <TcDatasetReferenceInfo template="OBJECT" format="OBJECT"/>
     </TcDatasetReference>
   </TcDatasetReferenceAttach>
   <TcDatasetReferenceAttach datasetType="ProDrw">
     <TcDatasetReference name="T8_CADAttributes">
       <TcDatasetReferenceInfo template="OBJECT" format="OBJECT"/>
     </TcDatasetReference>
   </TcDatasetReferenceAttach>
   <TcDatasetReferenceAttach datasetType="ProPrt">
     <TcDatasetReference name="T8_CADAttributes">
       <TcDatasetReferenceInfo template="OBJECT" format="OBJECT"/>
     </TcDatasetReference>
   </TcDatasetReferenceAttach>
   <TcDatasetReferenceAttach datasetType="AIAssembly">
     <TcDatasetReference name="T8_CADAttributes">
       <TcDatasetReferenceInfo template="OBJECT" format="OBJECT"/>
     </TcDatasetReference>
   </TcDatasetReferenceAttach>
   <TcDatasetReferenceAttach datasetType="AIDrawing">
     <TcDatasetReference name="T8_CADAttributes">
       <TcDatasetReferenceInfo template="OBJECT" format="OBJECT"/>
     </TcDatasetReference>
   </TcDatasetReferenceAttach>
   <TcDatasetReferenceAttach datasetType="AIPart">
     <TcDatasetReference name="T8_CADAttributes">
       <TcDatasetReferenceInfo template="OBJECT" format="OBJECT"/>
     </TcDatasetReference>
   </TcDatasetReferenceAttach>
   <TcDatasetReferenceAttach datasetType="AIPresentation">
     <TcDatasetReference name="T8_CADAttributes">
       <TcDatasetReferenceInfo template="OBJECT" format="OBJECT"/>
     </TcDatasetReference>
   </TcDatasetReferenceAttach>
   <TcDatasetReferenceAttach datasetType="IdeasAssembly">
     <TcDatasetReference name="T8_CADAttributes">
       <TcDatasetReferenceInfo template="OBJECT" format="OBJECT"/>
     </TcDatasetReference>
   </TcDatasetReferenceAttach>
   <TcDatasetReferenceAttach datasetType="IdeasDrawing">
     <TcDatasetReference name="T8_CADAttributes">
       <TcDatasetReferenceInfo template="OBJECT" format="OBJECT"/>
     </TcDatasetReference>
   </TcDatasetReferenceAttach>
   <TcDatasetReferenceAttach datasetType="IdeasPart">
     <TcDatasetReference name="T8_CADAttributes">
       <TcDatasetReferenceInfo template="OBJECT" format="OBJECT"/>
     </TcDatasetReference>
   </TcDatasetReferenceAttach>
   <TcDatasetReferenceAttach datasetType="SWAsm">
     <TcDatasetReference name="T8_CADAttributes">
       <TcDatasetReferenceInfo template="OBJECT" format="OBJECT"/>
     </TcDatasetReference>
   </TcDatasetReferenceAttach>
   <TcDatasetReferenceAttach datasetType="SWDrw">
     <TcDatasetReference name="T8_CADAttributes">
       <TcDatasetReferenceInfo template="OBJECT" format="OBJECT"/>
     </TcDatasetReference>
   </TcDatasetReferenceAttach>
   <TcDatasetReferenceAttach datasetType="SWPrt">
     <TcDatasetReference name="T8_CADAttributes">
       <TcDatasetReferenceInfo template="OBJECT" format="OBJECT"/>
     </TcDatasetReference>
   </TcDatasetReferenceAttach>
   <TcTypeConstantAttach constantName="CreateInput" typeName="AdobeAcrobat" value="AdobeAcrobatCreI"/>
   <TcTypeConstantAttach constantName="CreateInput" typeName="CADKEY" value="CADKEYCreI"/>
   <TcTypeConstantAttach constantName="CreateInput" typeName="Generic" value="GenericCreI"/>
   <TcTypeConstantAttach constantName="CreateInput" typeName="IGES" value="IGESCreI"/>
   <TcTypeConstantAttach constantName="CreateInput" typeName="Minitab" value="MinitabCreI"/>
   <TcTypeConstantAttach constantName="CreateInput" typeName="Movie" value="MovieCreI"/>
   <TcTypeConstantAttach constantName="CreateInput" typeName="MSPublisher" value="MSPublisherCreI"/>
   <TcTypeConstantAttach constantName="CreateInput" typeName="MSVisio" value="MSVisioCreI"/>
   <TcTypeConstantAttach constantName="CreateInput" typeName="STEP" value="STEPCreI"/>
   <TcTypeConstantAttach constantName="CreateInput" typeName="T8_CATCatalog" value="T8_CATCatalogCreI"/>
   <TcTypeConstantAttach constantName="CreateInput" typeName="T8_CATMaterial" value="T8_CATMaterialCreI"/>
   <TcTypeConstantAttach constantName="CreateInput" typeName="T8_FMEA" value="T8_FMEACreI"/>
   <TcTypeConstantAttach constantName="CreateInput" typeName="T8_Odette" value="T8_OdetteCreI"/>
   <TcTypeConstantAttach constantName="CreateInput" typeName="T8_Parasolid" value="T8_ParasolidCreI"/>
   <TcTypeConstantAttach constantName="CreateInput" typeName="T8_TI_BVDef" value="T8_TI_BVDefCreI"/>
   <TcTypeConstantAttach constantName="CreateInput" typeName="T8_TI_BVP" value="T8_TI_BVPCreI"/>
   <TcTypeConstantAttach constantName="CreateInput" typeName="T8_TI_CAEAutomation"
       value="T8_TI_CAEAutomationCreI"/>
   <TcTypeConstantAttach constantName="CreateInput" typeName="T8_TI_CAEReport" value="T8_TI_CAEReportCreI"/>
   <TcTypeConstantAttach constantName="CreateInput" typeName="T8_TI_ContractedCostReport"
       value="T8_TI_ContractedCostReportCreI"/>
   <TcTypeConstantAttach constantName="CreateInput" typeName="T8_TI_FluentCase" value="T8_TI_FluentCaseCreI"/>
   <TcTypeConstantAttach constantName="CreateInput" typeName="T8_TI_FluentJournal"
       value="T8_TI_FluentJournalCreI"/>
   <TcTypeConstantAttach constantName="CreateInput" typeName="T8_TI_FluentResults"
       value="T8_TI_FluentResultsCreI"/>
   <TcTypeConstantAttach constantName="CreateInput" typeName="T8_TI_StandardCostReport"
       value="T8_TI_StandardCostReportCreI"/>
   <TcTypeConstantAttach constantName="CreateInput" typeName="T8_TI_VRML" value="T8_TI_VRMLCreI"/>
   <TcTypeConstantAttach constantName="CreateInput" typeName="T8_VDAFS" value="T8_VDAFSCreI"/>
   <TcTypeConstantAttach constantName="CreateInput" typeName="T8_VisualBasic" value="T8_VisualBasicCreI"/>
   <TcTypeConstantAttach constantName="CreateInput" typeName="T8_X3D" value="T8_X3DCreI"/>
   <TcTypeConstantAttach constantName="CreateInput" typeName="T_MarkUpDrawing" value="T_MarkUpDrawingCreI"/>
   <TcTypeConstantAttach constantName="CreateInput" typeName="TI_BOMReport" value="TI_BOMReportCreI"/>
   <TcTypeConstantAttach constantName="Fnd0Icon" typeName="ACADDWF" value="T8_ds_ACADDWF.gif"/>
   <TcTypeConstantAttach constantName="Fnd0Icon" typeName="ACADDWG" value="T8_ds_ACADDWG.gif"/>
   <TcTypeConstantAttach constantName="Fnd0Icon" typeName="ACADTMPL" value="T8_ds_ACADTMPL.gif"/>
   <TcTypeConstantAttach constantName="Fnd0Icon" typeName="AdobeAcrobat" value="T8_ds_AdobeAcrobat.gif"/>
   <TcTypeConstantAttach constantName="Fnd0Icon" typeName="AIAssembly" value="T8_ds_AIAssembly.gif"/>
   <TcTypeConstantAttach constantName="Fnd0Icon" typeName="AIDrawing" value="T8_ds_AIDrawing.gif"/>
   <TcTypeConstantAttach constantName="Fnd0Icon" typeName="AIPart" value="T8_ds_AIPart.gif"/>
   <TcTypeConstantAttach constantName="Fnd0Icon" typeName="AIPresentation" value="T8_ds_AIPresentation.gif"/>
   <TcTypeConstantAttach constantName="Fnd0Icon" typeName="CADKEY" value="T8_ds_CADKEY.gif"/>
   <TcTypeConstantAttach constantName="Fnd0Icon" typeName="CAEGeom" value="T8_ds_CAEGeom.gif"/>
   <TcTypeConstantAttach constantName="Fnd0Icon" typeName="CAEMesh" value="T8_ds_CAEMesh.gif"/>
   <TcTypeConstantAttach constantName="Fnd0Icon" typeName="CAEResults" value="T8_ds_CAEResults.gif"/>
   <TcTypeConstantAttach constantName="Fnd0Icon" typeName="CAESolution" value="T8_ds_CAESolution.gif"/>
   <TcTypeConstantAttach constantName="Fnd0Icon" typeName="CAESolver" value="T8_ds_CAESolver.gif"/>
   <TcTypeConstantAttach constantName="Fnd0Icon" typeName="catia2D" value="T8_ds_catia2D.gif"/>
   <TcTypeConstantAttach constantName="Fnd0Icon" typeName="DXF" value="T8_ds_DXF.gif"/>
   <TcTypeConstantAttach constantName="Fnd0Icon" typeName="Generic" value="T8_ds_Generic.gif"/>
   <TcTypeConstantAttach constantName="Fnd0Icon" typeName="IGES" value="T8_ds_IGES.gif"/>
   <TcTypeConstantAttach constantName="Fnd0Icon" typeName="JPEG" value="T8_ds_jpeg.png"/>
   <TcTypeConstantAttach constantName="Fnd0Icon" typeName="Minitab" value="T8_ds_Minitab.gif"/>
   <TcTypeConstantAttach constantName="Fnd0Icon" typeName="Movie" value="T8_ds_Movie.gif"/>
   <TcTypeConstantAttach constantName="Fnd0Icon" typeName="MSExcel" value="T8_ds_MSExcel.gif"/>
   <TcTypeConstantAttach constantName="Fnd0Icon" typeName="MSPowerPoint" value="T8_ds_MSPowerPoint.gif"/>
   <TcTypeConstantAttach constantName="Fnd0Icon" typeName="MSProject" value="T8_ds_MSProject.gif"/>
   <TcTypeConstantAttach constantName="Fnd0Icon" typeName="MSPublisher" value="T8_ds_MSPublisher.gif"/>
   <TcTypeConstantAttach constantName="Fnd0Icon" typeName="MSVisio" value="T8_ds_MSVisio.gif"/>
   <TcTypeConstantAttach constantName="Fnd0Icon" typeName="MSWord" value="T8_ds_MSWord.gif"/>
   <TcTypeConstantAttach constantName="Fnd0Icon" typeName="STEP" value="T8_ds_STEP.gif"/>
   <TcTypeConstantAttach constantName="Fnd0Icon" typeName="STL" value="T8_ds_STL.gif"/>
   <TcTypeConstantAttach constantName="Fnd0Icon" typeName="SW2Tbx" value="T8_sw_tbx.GIF"/>
   <TcTypeConstantAttach constantName="Fnd0Icon" typeName="SWAsm" value="T8_sw_asm.gif"/>
   <TcTypeConstantAttach constantName="Fnd0Icon" typeName="SWDrw" value="T8_sw_drw.gif"/>
   <TcTypeConstantAttach constantName="Fnd0Icon" typeName="SWPrt" value="T8_sw_prt.gif"/>
   <TcTypeConstantAttach constantName="Fnd0Icon" typeName="T8_Tar" value="T8_ds_zip.png"/>
   <TcTypeConstantAttach constantName="Fnd0Icon" typeName="T8_TI_BVDef" value="T8_ds_T8_TI_BVDef.gif"/>
   <TcTypeConstantAttach constantName="Fnd0Icon" typeName="T8_TI_BVP" value="T8_ds_T8_TI_BVP.gif"/>
   <TcTypeConstantAttach constantName="Fnd0Icon" typeName="T8_TI_CAEAutomation" value="T8_ds_T8_TI_CAEAutomation.gif"/>
   <TcTypeConstantAttach constantName="Fnd0Icon" typeName="T8_TI_ContractedCostReport"
       value="T8_ds_T8_TI_ContractCostReport.gif"/>
   <TcTypeConstantAttach constantName="Fnd0Icon" typeName="T8_TI_FluentCase" value="T8_ds_T8_TI_FluentCase.gif"/>
   <TcTypeConstantAttach constantName="Fnd0Icon" typeName="T8_TI_FluentJournal" value="T8_ds_T8_TI_FluentJournal.gif"/>
   <TcTypeConstantAttach constantName="Fnd0Icon" typeName="T8_TI_FluentResults" value="T8_ds_T8_TI_FluentResults.gif"/>
   <TcTypeConstantAttach constantName="Fnd0Icon" typeName="T8_TI_StandardCostReport"
       value="T8_ds_T8_TI_StdCostReport.gif"/>
   <TcTypeConstantAttach constantName="Fnd0Icon" typeName="T8_TI_VRML" value="T8_ds_VRML.gif"/>
   <TcTypeConstantAttach constantName="Fnd0Icon" typeName="T8_VisualBasic" value="T8_ds_VisualBasic.gif"/>
   <TcTypeConstantAttach constantName="Fnd0Icon" typeName="TI_BOMReport" value="T8_ds_TI_BOMReport.gif"/>
   <TcTypeConstantAttach constantName="Fnd0Icon" typeName="Vis_Session" value="T8_ds_Vis_Session.gif"/>
   <TcTypeConstantAttach constantName="Fnd0Icon" typeName="Vis_Snapshot_2D_View_Data"
       value="T8_ds_Vis_Session.gif"/>
   <TcTypeConstantAttach constantName="Fnd0Icon" typeName="Zip" value="T8_ds_zip.png"/>
   <TcTypeConstantAttach constantName="SaveAsInput" typeName="AdobeAcrobat" value="AdobeAcrobatSvAI"/>
   <TcTypeConstantAttach constantName="SaveAsInput" typeName="CADKEY" value="CADKEYSvAI"/>
   <TcTypeConstantAttach constantName="SaveAsInput" typeName="Generic" value="GenericSvAI"/>
   <TcTypeConstantAttach constantName="SaveAsInput" typeName="IGES" value="IGESSvAI"/>
   <TcTypeConstantAttach constantName="SaveAsInput" typeName="Minitab" value="MinitabSvAI"/>
   <TcTypeConstantAttach constantName="SaveAsInput" typeName="Movie" value="MovieSvAI"/>
   <TcTypeConstantAttach constantName="SaveAsInput" typeName="MSPublisher" value="MSPublisherSvAI"/>
   <TcTypeConstantAttach constantName="SaveAsInput" typeName="MSVisio" value="MSVisioSvAI"/>
   <TcTypeConstantAttach constantName="SaveAsInput" typeName="STEP" value="STEPSvAI"/>
   <TcTypeConstantAttach constantName="SaveAsInput" typeName="T8_CATCatalog" value="T8_CATCatalogSvAI"/>
   <TcTypeConstantAttach constantName="SaveAsInput" typeName="T8_CATMaterial" value="T8_CATMaterialSvAI"/>
   <TcTypeConstantAttach constantName="SaveAsInput" typeName="T8_FMEA" value="T8_FMEASvAI"/>
   <TcTypeConstantAttach constantName="SaveAsInput" typeName="T8_Odette" value="T8_OdetteSvAI"/>
   <TcTypeConstantAttach constantName="SaveAsInput" typeName="T8_Parasolid" value="T8_ParasolidSvAI"/>
   <TcTypeConstantAttach constantName="SaveAsInput" typeName="T8_Tar" value="T8_TarSvAI"/>
   <TcTypeConstantAttach constantName="SaveAsInput" typeName="T8_TI_BVDef" value="T8_TI_BVDefSvAI"/>
   <TcTypeConstantAttach constantName="SaveAsInput" typeName="T8_TI_BVP" value="T8_TI_BVPSvAI"/>
   <TcTypeConstantAttach constantName="SaveAsInput" typeName="T8_TI_CAEAutomation"
       value="T8_TI_CAEAutomationSvAI"/>
   <TcTypeConstantAttach constantName="SaveAsInput" typeName="T8_TI_CAEReport" value="T8_TI_CAEReportSvAI"/>
   <TcTypeConstantAttach constantName="SaveAsInput" typeName="T8_TI_ContractedCostReport"
       value="T8_TI_ContractedCostReportSvAI"/>
   <TcTypeConstantAttach constantName="SaveAsInput" typeName="T8_TI_FluentCase" value="T8_TI_FluentCaseSvAI"/>
   <TcTypeConstantAttach constantName="SaveAsInput" typeName="T8_TI_FluentJournal"
       value="T8_TI_FluentJournalSvAI"/>
   <TcTypeConstantAttach constantName="SaveAsInput" typeName="T8_TI_FluentResults"
       value="T8_TI_FluentResultsSvAI"/>
   <TcTypeConstantAttach constantName="SaveAsInput" typeName="T8_TI_StandardCostReport"
       value="T8_TI_StandardCostReportSvAI"/>
   <TcTypeConstantAttach constantName="SaveAsInput" typeName="T8_TI_VRML" value="T8_TI_VRMLSvAI"/>
   <TcTypeConstantAttach constantName="SaveAsInput" typeName="T8_VDAFS" value="T8_VDAFSSvAI"/>
   <TcTypeConstantAttach constantName="SaveAsInput" typeName="T8_VisualBasic" value="T8_VisualBasicSvAI"/>
   <TcTypeConstantAttach constantName="SaveAsInput" typeName="T8_X3D" value="T8_X3DSvAI"/>
   <TcTypeConstantAttach constantName="SaveAsInput" typeName="TI_BOMReport" value="TI_BOMReportSvAI"/>
   <TcPropertyConstantAttach constantName="Enabled" typeName="T8_t1a206PRP" propertyName="t8_t1a206affectedplants"
       value="true"/>
   <TcPropertyConstantAttach constantName="Enabled" typeName="T8_TI_PRP" propertyName="t8_t1a206affectedplants"
       value="true"/>
   <TcPropertyConstantAttach constantName="Modifiable" typeName="Dataset" propertyName="t8_dataset_volume"
       value="Write"/>
   <TcPropertyConstantAttach constantName="Modifiable" typeName="T8_t1a206PRP" propertyName="t8_t1a206affectedplants"
       value="Write"/>
   <TcPropertyConstantAttach constantName="Modifiable" typeName="T8_TI_PRP" propertyName="t8_t1a206affectedplants"
       value="Write"/>
   <TcPropertyConstantAttach constantName="Modifiable" typeName="T8_TI_VRML" propertyName="3DMarkup"
       value="Write"/>
   <TcLOV name="T8_bl_makebuy" lovType="ListOfValuesString" usage="Exhaustive" description="">
     <TcLOVValue value="Buy - Purchase External" description="" conditionName="isTrue"/>
     <TcLOVValue value="Make - Finish Goods External" description="" conditionName="isTrue"/>
     <TcLOVValue value="Customer Supplied No Charge" description="" conditionName="isTrue"/>
     <TcLOVValue value="Customer Supplied Charged" description="" conditionName="isTrue"/>
     <TcLOVValue value="Make - Semifinished" description="" conditionName="isTrue"/>
   </TcLOV>
   <TcLOV name="T8_bl_spendtype" lovType="ListOfValuesString" usage="Exhaustive" description="">
     <TcLOVValue value="Free Spend" description="" conditionName="isTrue"/>
     <TcLOVValue value="Customer Mandated" description="" conditionName="isTrue"/>
     <TcLOVValue value="Customer Supplied" description="" conditionName="isTrue"/>
   </TcLOV>
   <TcLOVAttach lovName="t1aTICompanies" typeName="T8_t1a206PRP">
     <TcLOVAttachPropertyInfo valuePropertyName="t8_t1a206affectedplants" conditionName="isTrue"
         override="false" level="0"/>
   </TcLOVAttach>
</Add>
</TcBusinessData>
