<?xml version="1.0" encoding="UTF-8"?>
<TcBusinessData xmlns="http://teamcenter.com/BusinessModel/TcBusinessData" Date="">
<Add>
   <TcGlobalConstantAttach constantName="Fnd0SelectedLocales" value="en_US"/>
   <TcTypeConstantAttach constantName="DisplayName" typeName="_OEM Revision" value="$item_id+&quot;/&quot;+$item_revision_id+&quot;-&quot;+$object_name"/>
   <TcTypeConstantAttach constantName="DisplayName" typeName="TI_AltTool Revision"
       value="$item_id+&quot;/&quot;+$item_revision_id+&quot;-&quot;+$object_name"/>
   <TcTypeConstantAttach constantName="DisplayName" typeName="TI_CADConstruct Revision"
       value="$item_id+&quot;/&quot;+$item_revision_id+&quot;-&quot;+$object_name"/>
   <TcTypeConstantAttach constantName="DisplayName" typeName="TI_CADSeed Revision"
       value="$item_id+&quot;/&quot;+$item_revision_id+&quot;-&quot;+$object_name"/>
   <TcTypeConstantAttach constantName="DisplayName" typeName="TI_Currency Revision"
       value="$item_id+&quot;/&quot;+$item_revision_id+&quot;-&quot;+$object_name"/>
   <TcTypeConstantAttach constantName="DisplayName" typeName="TI_Document Revision"
       value="$item_id+&quot;/&quot;+$item_revision_id+&quot;-&quot;+$object_name"/>
   <TcTypeConstantAttach constantName="DisplayName" typeName="TI_DWGFormat Revision"
       value="$item_id+&quot;/&quot;+$item_revision_id+&quot;-&quot;+$object_name"/>
   <TcTypeConstantAttach constantName="DisplayName" typeName="TI_Material Revision"
       value="$item_id+&quot;/&quot;+$item_revision_id+&quot;-&quot;+$object_name"/>
   <TcTypeConstantAttach constantName="DisplayName" typeName="TI_Prg_Variant Revision"
       value="$item_id+&quot;/&quot;+$item_revision_id+&quot;-&quot;+$object_name"/>
   <TcTypeConstantAttach constantName="DisplayName" typeName="TI_Product Revision"
       value="$item_id+&quot;/&quot;+$item_revision_id+&quot;-&quot;+$object_name"/>
   <TcTypeConstantAttach constantName="DisplayName" typeName="TI_Program Revision"
       value="$item_id+&quot;/&quot;+$item_revision_id+&quot;-&quot;+$object_name"/>
   <TcTypeConstantAttach constantName="DisplayName" typeName="TI_Tooling Revision"
       value="$item_id+&quot;/&quot;+$item_revision_id+&quot;-&quot;+$object_name"/>
</Add>
</TcBusinessData>
