<?xml version="1.0" encoding="UTF-8"?>
<TcBusinessData xmlns="http://teamcenter.com/BusinessModel/TcBusinessData" Date="">
<Add>
   <TcOperation operationName="BOMLine_save" operationType="TypeOperation" description=""/>
   <TcPropertyAttach typeName="BOMLine">
      <TcProperty propName="Launch Model Year" propTypeName="Runtime" propValueType="PROP_string"
          propMaxStringLength="256" isArray="false" arrayLength="0" description=""
          referencedTypeConstant="" referencedType=""/>
   </TcPropertyAttach>
   <TcPropertyAttach typeName="BOMLine">
      <TcProperty propName="Program" propTypeName="Runtime" propValueType="PROP_string"
          propMaxStringLength="256" isArray="false" arrayLength="0" description=""
          referencedTypeConstant="" referencedType=""/>
   </TcPropertyAttach>
   <TcPropertyAttach typeName="BOMLine">
      <TcProperty propName="Programs" propTypeName="Runtime" propValueType="PROP_string"
          propMaxStringLength="256" isArray="false" arrayLength="0" description=""
          referencedTypeConstant="" referencedType=""/>
   </TcPropertyAttach>
   <TcPropertyAttach typeName="DrawingSheet">
      <TcProperty propName="catia_CgmLink" propTypeName="Relation" propValueType="PROP_untyped_relation"
          propMaxStringLength="0" isArray="true" arrayLength="-1" description="" referencedTypeConstant=""
          referencedType=""/>
   </TcPropertyAttach>
   <TcPropertyAttach typeName="IdeasDrawing">
      <TcProperty propName="IMAN_Drawing" propTypeName="Relation" propValueType="PROP_untyped_relation"
          propMaxStringLength="0" isArray="true" arrayLength="-1" description="" referencedTypeConstant=""
          referencedType=""/>
   </TcPropertyAttach>
   <TcPropertyAttach typeName="Form">
      <TcProperty propName="TI_FormHistory" propTypeName="Relation" propValueType="PROP_untyped_relation"
          propMaxStringLength="0" isArray="true" arrayLength="-1" description="" referencedTypeConstant=""
          referencedType=""/>
   </TcPropertyAttach>
   <TcPropertyAttach typeName="EngChange Revision">
      <TcProperty propName="Active Task" propTypeName="Runtime" propValueType="PROP_string"
          propMaxStringLength="256" isArray="false" arrayLength="0" description=""
          referencedTypeConstant="" referencedType=""/>
   </TcPropertyAttach>
   <TcPropertyAttach typeName="EngChange Revision">
      <TcProperty propName="Responsible Party" propTypeName="Runtime" propValueType="PROP_string"
          propMaxStringLength="512" isArray="false" arrayLength="0" description=""
          referencedTypeConstant="" referencedType=""/>
   </TcPropertyAttach>
   <TcPropertyAttach typeName="EngChange Revision">
      <TcProperty propName="t1achanged_forms" propTypeName="Runtime" propValueType="PROP_untyped_reference"
          propMaxStringLength="0" isArray="true" arrayLength="-1" description="" referencedTypeConstant=""
          referencedType=""/>
   </TcPropertyAttach>
   <TcPropertyAttach typeName="EngChange Revision">
      <TcProperty propName="t1aobsolete_folder" propTypeName="Runtime" propValueType="PROP_untyped_reference"
          propMaxStringLength="0" isArray="true" arrayLength="-1" description="" referencedTypeConstant=""
          referencedType=""/>
   </TcPropertyAttach>
   <TcPropertyAttach typeName="EngChange Revision">
      <TcProperty propName="Task Start Date" propTypeName="Runtime" propValueType="PROP_string"
          propMaxStringLength="256" isArray="false" arrayLength="0" description=""
          referencedTypeConstant="" referencedType=""/>
   </TcPropertyAttach>
   <TcOperationAttach operationName="BOMLine_save" extendableElementName="BOMLine"
        extendableElementType="Type" description="">
      <TcExtensionPoint extensionPointType="PreCondition" isOverridable="true"/>
      <TcExtensionPoint extensionPointType="PreAction" isOverridable="true"/>
      <TcExtensionPoint extensionPointType="BaseAction" isOverridable="false"/>
      <TcExtensionPoint extensionPointType="PostAction" isOverridable="true"/>
   </TcOperationAttach>
   <TcPropertyConstantAttach constantName="CopyFromOriginal" typeName="ItemRevisionSvAI"
        propertyName="object_name" value="true"/>
   <TcPropertyConstantAttach constantName="Enabled" typeName="BOMLine" propertyName="bl_item_current_desc"
        value="false"/>
   <TcPropertyConstantAttach constantName="Enabled" typeName="BOMLine" propertyName="bl_item_object_desc"
        value="false"/>
   <TcPropertyConstantAttach constantName="Enabled" typeName="BOMLine" propertyName="bl_rev_current_desc"
        value="false"/>
   <TcPropertyConstantAttach constantName="Enabled" typeName="BOMLine" propertyName="bl_rev_object_desc"
        value="false"/>
   <TcPropertyConstantAttach constantName="Visible" typeName="User" propertyName="last_login_time"
        value="true"/>
</Add>
<Delete>
   <TcChange changeName="CN" isEffectivityShared="true" packageName="com.teamcenter.core.options.change"
       description="">
     <TcChangeForm formTypeName="ECMAttributesTab"/>
     <TcChangeForm formTypeName="ECMReferencersTab"/>
     <TcChangeForm formTypeName="CMII CN Form"/>
     <TcChangeProcessTemplate processTemplateName="Process"/>
     <TcChangeIdFormat formatElementRange="1-2" formatElementValue="CN" formatElementType="Static"/>
     <TcChangeIdFormat formatElementRange="3-6" formatElementValue="0001" formatElementType="Running"/>
     <TcChangeRevIdFormat formatElementRange="1" formatElementValue="A" formatElementType="Running"/>
   </TcChange>
   <TcChange changeName="CR" isEffectivityShared="true" packageName="com.teamcenter.core.options.change"
       description="">
     <TcChangeForm formTypeName="ECMAttributesTab"/>
     <TcChangeForm formTypeName="ECMReferencersTab"/>
     <TcChangeForm formTypeName="CMII CR Form"/>
     <TcChangeProcessTemplate processTemplateName="Process"/>
     <TcChangeIdFormat formatElementRange="1-2" formatElementValue="CR" formatElementType="Static"/>
     <TcChangeIdFormat formatElementRange="3-6" formatElementValue="0001" formatElementType="Running"/>
     <TcChangeRevIdFormat formatElementRange="1" formatElementValue="A" formatElementType="Running"/>
   </TcChange>
   <TcChange changeName="WA" isEffectivityShared="true" packageName="com.teamcenter.core.options.change"
       description="">
     <TcChangeForm formTypeName="ECMAttributesTab"/>
     <TcChangeForm formTypeName="ECMReferencersTab"/>
     <TcChangeProcessTemplate processTemplateName="Process"/>
     <TcChangeIdFormat formatElementRange="1-2" formatElementValue="WA" formatElementType="Static"/>
     <TcChangeIdFormat formatElementRange="3-6" formatElementValue="0001" formatElementType="Running"/>
     <TcChangeRevIdFormat formatElementRange="1" formatElementValue="A" formatElementType="Running"/>
   </TcChange>
</Delete>
</TcBusinessData>
