<?xml version="1.0" encoding="UTF-8" standalone="no"?>
<TcBusinessDataIncludes currentTemplateVersion="11.2_4" displayName="TI Common Template" enableOpsDataDeploy="true" guid="D5588D0F8B0123A5D8DF4BB5F7D90A39" isDescriptionMandatory="false" name="ticommon" optional="true" prefixes="T8_" teamcenterTemplate="false">
    <include file="foundation_template.xml"/>
    <include file="autocad_template.xml"/>
    <include file="aws2_template.xml"/>
    <include file="cae_template.xml"/>
    <include file="cm_template.xml"/>
    <include file="integration4catia_template.xml"/>
    <include file="ipem_template.xml"/>
    <include file="nx0tcin_template.xml"/>
    <include file="swim_template.xml"/>
    <include file="tcai_template.xml"/>
    <include file="tcii_template.xml"/>
    <include file="translationservice_template.xml"/>
    <include file="Cm1cmaws_template.xml"/>
    <include file="activeworkspacebom_template.xml"/>
    <include file="rb0reportingaw_template.xml"/>
    <include file="relationshipviewer_template.xml"/>
</TcBusinessDataIncludes>
