<?xml version="1.0" encoding="UTF-8"?>
<TcBusinessData xmlns="http://teamcenter.com/BusinessModel/TcBusinessData" Date="">
<Add>
   <TcPropertyConstantAttach constantName="Modifiable" typeName="BOMLine" propertyName="t8_bl_CCost_cal_year"
       value="Write"/>
   <TcPropertyConstantAttach constantName="Modifiable" typeName="BOMLine" propertyName="t8_bl_CCost_comments"
       value="Write"/>
   <TcPropertyConstantAttach constantName="Modifiable" typeName="BOMLine" propertyName="t8_bl_CCost_coststatus"
       value="Write"/>
   <TcPropertyConstantAttach constantName="Modifiable" typeName="BOMLine" propertyName="t8_bl_CCost_currency"
       value="Write"/>
   <TcPropertyConstantAttach constantName="Modifiable" typeName="BOMLine" propertyName="t8_bl_CCost_cust_paid_tool"
       value="Write"/>
   <TcPropertyConstantAttach constantName="Modifiable" typeName="BOMLine" propertyName="t8_bl_CCost_del_duty_paid"
       value="Write"/>
   <TcPropertyConstantAttach constantName="Modifiable" typeName="BOMLine" propertyName="t8_bl_CCost_erpint"
       value="Write"/>
   <TcPropertyConstantAttach constantName="Modifiable" typeName="BOMLine" propertyName="t8_bl_CCost_exwrkcost"
       value="Write"/>
   <TcPropertyConstantAttach constantName="Modifiable" typeName="BOMLine" propertyName="t8_bl_CCost_frm_cmpny_par"
       value="Write"/>
   <TcPropertyConstantAttach constantName="Modifiable" typeName="BOMLine" propertyName="t8_bl_CCost_fromcity"
       value="Write"/>
   <TcPropertyConstantAttach constantName="Modifiable" typeName="BOMLine" propertyName="t8_bl_CCost_fromcmpny"
       value="Write"/>
   <TcPropertyConstantAttach constantName="Modifiable" typeName="BOMLine" propertyName="t8_bl_CCost_fromcmpnytyp"
       value="Write"/>
   <TcPropertyConstantAttach constantName="Modifiable" typeName="BOMLine" propertyName="t8_bl_CCost_fromcntry"
       value="Write"/>
   <TcPropertyConstantAttach constantName="Modifiable" typeName="BOMLine" propertyName="t8_bl_CCost_lcl_ven_id"
       value="Write"/>
   <TcPropertyConstantAttach constantName="Modifiable" typeName="BOMLine" propertyName="t8_bl_CCost_min_prod_ord_qty"
       value="Write"/>
   <TcPropertyConstantAttach constantName="Modifiable" typeName="BOMLine" propertyName="t8_bl_CCost_min_prot_ord_qty"
       value="Write"/>
   <TcPropertyConstantAttach constantName="Modifiable" typeName="BOMLine" propertyName="t8_bl_CCost_quote_dis"
       value="Write"/>
   <TcPropertyConstantAttach constantName="Modifiable" typeName="BOMLine" propertyName="t8_bl_CCost_quote_eff"
       value="Write"/>
   <TcPropertyConstantAttach constantName="Modifiable" typeName="BOMLine" propertyName="t8_bl_CCost_supplierid"
       value="Write"/>
   <TcPropertyConstantAttach constantName="Modifiable" typeName="BOMLine" propertyName="t8_bl_CCost_supplierparentid"
       value="Write"/>
   <TcPropertyConstantAttach constantName="Modifiable" typeName="BOMLine" propertyName="t8_bl_CCost_supplierstatus"
       value="Write"/>
   <TcPropertyConstantAttach constantName="Modifiable" typeName="BOMLine" propertyName="t8_bl_CCost_tocity"
       value="Write"/>
   <TcPropertyConstantAttach constantName="Modifiable" typeName="BOMLine" propertyName="t8_bl_CCost_tocmpny"
       value="Write"/>
   <TcPropertyConstantAttach constantName="Modifiable" typeName="BOMLine" propertyName="t8_bl_CCost_tocmpnytyp"
       value="Write"/>
   <TcPropertyConstantAttach constantName="Modifiable" typeName="BOMLine" propertyName="t8_bl_CCost_tocntry"
       value="Write"/>
   <TcPropertyConstantAttach constantName="Modifiable" typeName="BOMLine" propertyName="t8_bl_CCost_tool_cap_cpv"
       value="Write"/>
   <TcPropertyConstantAttach constantName="Modifiable" typeName="BOMLine" propertyName="t8_bl_CCost_tool_cap_life"
       value="Write"/>
   <TcPropertyConstantAttach constantName="Modifiable" typeName="BOMLine" propertyName="t8_bl_CCost_toolcost"
       value="Write"/>
   <TcPropertyConstantAttach constantName="Modifiable" typeName="BOMLine" propertyName="t8_bl_CCost_toolown"
       value="Write"/>
   <TcPropertyConstantAttach constantName="Modifiable" typeName="BOMLine" propertyName="t8_bl_CCost_yrly_ddp_cost"
       value="Write"/>
   <TcPropertyConstantAttach constantName="Modifiable" typeName="BOMLine" propertyName="t8_bl_CCost_yrly_exwrk_cost"
       value="Write"/>
   <TcPropertyConstantAttach constantName="Modifiable" typeName="BOMLine" propertyName="t8_bl_irm_drawingrev"
       value="Write"/>
   <TcPropertyConstantAttach constantName="Modifiable" typeName="BOMLine" propertyName="t8_bl_irm_drw"
       value="Write"/>
   <TcPropertyConstantAttach constantName="Modifiable" typeName="BOMLine" propertyName="t8_bl_irm_erpint"
       value="Write"/>
   <TcPropertyConstantAttach constantName="Modifiable" typeName="BOMLine" propertyName="t8_bl_irm_relbychng"
       value="Write"/>
   <TcPropertyConstantAttach constantName="Modifiable" typeName="BOMLine" propertyName="t8_bl_irm_updbychn"
       value="Write"/>
   <TcPropertyConstantAttach constantName="Modifiable" typeName="BOMLine" propertyName="t8_bl_SCost_currency"
       value="Write"/>
   <TcPropertyConstantAttach constantName="Modifiable" typeName="BOMLine" propertyName="t8_bl_SCost_dutycst"
       value="Write"/>
   <TcPropertyConstantAttach constantName="Modifiable" typeName="BOMLine" propertyName="t8_bl_SCost_erpint"
       value="Write"/>
   <TcPropertyConstantAttach constantName="Modifiable" typeName="BOMLine" propertyName="t8_bl_SCost_fixohcost"
       value="Write"/>
   <TcPropertyConstantAttach constantName="Modifiable" typeName="BOMLine" propertyName="t8_bl_SCost_freightcost"
       value="Write"/>
   <TcPropertyConstantAttach constantName="Modifiable" typeName="BOMLine" propertyName="t8_bl_SCost_laborcost"
       value="Write"/>
   <TcPropertyConstantAttach constantName="Modifiable" typeName="BOMLine" propertyName="t8_bl_SCost_matlcost"
       value="Write"/>
   <TcPropertyConstantAttach constantName="Modifiable" typeName="BOMLine" propertyName="t8_bl_SCost_scrappercent"
       value="Write"/>
   <TcPropertyConstantAttach constantName="Modifiable" typeName="BOMLine" propertyName="t8_bl_SCost_tocity"
       value="Write"/>
   <TcPropertyConstantAttach constantName="Modifiable" typeName="BOMLine" propertyName="t8_bl_SCost_tocmpny"
       value="Write"/>
   <TcPropertyConstantAttach constantName="Modifiable" typeName="BOMLine" propertyName="t8_bl_SCost_tocmpnytyp"
       value="Write"/>
   <TcPropertyConstantAttach constantName="Modifiable" typeName="BOMLine" propertyName="t8_bl_SCost_tocntry"
       value="Write"/>
   <TcPropertyConstantAttach constantName="Modifiable" typeName="BOMLine" propertyName="t8_bl_SCost_ttlcost"
       value="Write"/>
   <TcPropertyConstantAttach constantName="Modifiable" typeName="BOMLine" propertyName="t8_bl_SCost_varohcost"
       value="Write"/>
   <TcPropertyConstantAttach constantName="Modifiable" typeName="BOMLine" propertyName="t8_bl_Selling_avgservprc"
       value="Write"/>
   <TcPropertyConstantAttach constantName="Modifiable" typeName="BOMLine" propertyName="t8_bl_Selling_calyear"
       value="Write"/>
   <TcPropertyConstantAttach constantName="Modifiable" typeName="BOMLine" propertyName="t8_bl_Selling_currency"
       value="Write"/>
   <TcPropertyConstantAttach constantName="Modifiable" typeName="BOMLine" propertyName="t8_bl_Selling_disdate"
       value="Write"/>
   <TcPropertyConstantAttach constantName="Modifiable" typeName="BOMLine" propertyName="t8_bl_Selling_erpint"
       value="Write"/>
   <TcPropertyConstantAttach constantName="Modifiable" typeName="BOMLine" propertyName="t8_bl_Selling_expprc"
       value="Write"/>
   <TcPropertyConstantAttach constantName="Modifiable" typeName="BOMLine" propertyName="t8_bl_Selling_frmcmpny"
       value="Write"/>
   <TcPropertyConstantAttach constantName="Modifiable" typeName="BOMLine" propertyName="t8_bl_Selling_frmcmpnytyp"
       value="Write"/>
   <TcPropertyConstantAttach constantName="Modifiable" typeName="BOMLine" propertyName="t8_bl_Selling_frmcntry"
       value="Write"/>
   <TcPropertyConstantAttach constantName="Modifiable" typeName="BOMLine" propertyName="t8_bl_Selling_frmcty"
       value="Write"/>
   <TcPropertyConstantAttach constantName="Modifiable" typeName="BOMLine" propertyName="t8_bl_Selling_prdexprc"
       value="Write"/>
   <TcPropertyConstantAttach constantName="Modifiable" typeName="BOMLine" propertyName="t8_bl_Selling_prdretprc"
       value="Write"/>
   <TcPropertyConstantAttach constantName="Modifiable" typeName="BOMLine" propertyName="t8_bl_Selling_retprc"
       value="Write"/>
   <TcPropertyConstantAttach constantName="Modifiable" typeName="BOMLine" propertyName="t8_bl_Selling_servdis"
       value="Write"/>
   <TcPropertyConstantAttach constantName="Modifiable" typeName="BOMLine" propertyName="t8_bl_Selling_serveff"
       value="Write"/>
   <TcPropertyConstantAttach constantName="Modifiable" typeName="BOMLine" propertyName="t8_bl_Selling_servprc"
       value="Write"/>
   <TcPropertyConstantAttach constantName="Modifiable" typeName="BOMLine" propertyName="t8_bl_Selling_tocmpny"
       value="Write"/>
   <TcPropertyConstantAttach constantName="Modifiable" typeName="BOMLine" propertyName="t8_bl_Selling_tocmpnytyp"
       value="Write"/>
   <TcPropertyConstantAttach constantName="Modifiable" typeName="BOMLine" propertyName="t8_bl_Selling_tocntry"
       value="Write"/>
   <TcPropertyConstantAttach constantName="Modifiable" typeName="BOMLine" propertyName="t8_bl_Selling_tocty"
       value="Write"/>
</Add>
</TcBusinessData>
