<?xml version="1.0" encoding="UTF-8"?>
<TcBusinessData xmlns="http://teamcenter.com/BusinessModel/TcBusinessData" Date="">
<Add>
   <TcLOV name="T8_ERPSellingCostCityList" lovType="ListOfValuesString" usage="Exhaustive"
       description="" isManagedExternally="true"/>
   <TcLOV name="T8_ERPSellingCostCompanyList" lovType="ListOfValuesString" usage="Exhaustive"
       description="" isManagedExternally="true"/>
   <TcLOV name="T8_ERPSellingCostCountryList" lovType="ListOfValuesString" usage="Exhaustive"
       description="" isManagedExternally="true"/>
   <TcLOV name="T8_ERPSellingCostCustomerCodeMap" lovType="ListOfValuesString" usage="Exhaustive"
       description="" isManagedExternally="true"/>
   <TcLOV name="T8_PDBSupplierCntrySwitzerland" lovType="ListOfValuesString" usage="Exhaustive"
       description="" isManagedExternally="true"/>
   <TcLOV name="T8_t1aBPCS83Category" lovType="ListOfValuesString" usage="Exhaustive"
       description="" isManagedExternally="true"/>
   <TcLOV name="T8_t1aBPCS83FamilyCode" lovType="ListOfValuesString" usage="Exhaustive"
       description="" isManagedExternally="true"/>
   <TcLOV name="T8_t1aBPCS83FamilyCodeMapping" lovType="ListOfValuesString" usage="Exhaustive"
       description="PLM FamilyName::PLM PartName::BPCS Category::BPCS Family Name::BPCS Family Code::BPCS Sub-Family Name::BPCS Sub-Family Code::"
       isManagedExternally="true"/>
   <TcLOV name="T8_t1aBPCS83FamilyName" lovType="ListOfValuesString" usage="Exhaustive"
       description="" isManagedExternally="true"/>
   <TcLOV name="T8_t1aBPCS83SubFamilyCode" lovType="ListOfValuesString" usage="Exhaustive"
       description="" isManagedExternally="true"/>
   <TcLOV name="T8_t1aBPCS83SubFamilyName" lovType="ListOfValuesString" usage="Exhaustive"
       description="" isManagedExternally="true"/>
   <TcLOV name="T8_t1aERPPLMCustomerCodeMapping" lovType="ListOfValuesString" usage="Exhaustive"
       description="ERP and PLM Customer code mapping Format:-  PLM Customer Name:ERP Customer Name:BPCS 8.2 Customer code:BPCS 8.3 Customer code"
       isManagedExternally="true"/>
   <TcLOV name="T8_t1aERPPLMFacilityCodeMapping" lovType="ListOfValuesString" usage="Exhaustive"
       description="ERP and PLM Facility code mapping Format:- PLM Affected Plant Name:ERP Affected Plant Name:ERP System Name:ERP Customer Code:PLM Change Owning Site Name:PLM Division Name:PLM Affected Program Names"
       isManagedExternally="true"/>
   <TcLOV name="T8_t1aPDBPLMSupplierCodeMapping" lovType="ListOfValuesString" usage="Exhaustive"
       description="PDB and PLM Supplier code mapping Format:- PLM SupplierName:PDB SupplierName:City:LocalVendorIDs:ERP System Name"
       isManagedExternally="true"/>
   <TcLOV name="T8_t1aPDBSupplierCityList" lovType="ListOfValuesString" usage="Exhaustive"
       description="" isManagedExternally="true"/>
   <TcLOV name="T8_t1aPDBSupplierCntryAustria" lovType="ListOfValuesString" usage="Exhaustive"
       description="" isManagedExternally="true"/>
   <TcLOV name="T8_t1aPDBSupplierCntryBelgium" lovType="ListOfValuesString" usage="Exhaustive"
       description="" isManagedExternally="true"/>
   <TcLOV name="T8_t1aPDBSupplierCntryBrazil" lovType="ListOfValuesString" usage="Exhaustive"
       description="" isManagedExternally="true"/>
   <TcLOV name="T8_t1aPDBSupplierCntryCanada" lovType="ListOfValuesString" usage="Exhaustive"
       description="" isManagedExternally="true"/>
   <TcLOV name="T8_t1aPDBSupplierCntryChina" lovType="ListOfValuesString" usage="Exhaustive"
       description="" isManagedExternally="true"/>
   <TcLOV name="T8_t1aPDBSupplierCntryCzechRepub" lovType="ListOfValuesString" usage="Exhaustive"
       description="" isManagedExternally="true"/>
   <TcLOV name="T8_t1aPDBSupplierCntryDenmark" lovType="ListOfValuesString" usage="Exhaustive"
       description="" isManagedExternally="true"/>
   <TcLOV name="T8_t1aPDBSupplierCntryFrance" lovType="ListOfValuesString" usage="Exhaustive"
       description="" isManagedExternally="true"/>
   <TcLOV name="T8_t1aPDBSupplierCntryGermany" lovType="ListOfValuesString" usage="Exhaustive"
       description="" isManagedExternally="true"/>
   <TcLOV name="T8_t1aPDBSupplierCntryHungary" lovType="ListOfValuesString" usage="Exhaustive"
       description="" isManagedExternally="true"/>
   <TcLOV name="T8_t1aPDBSupplierCntryIndia" lovType="ListOfValuesString" usage="Exhaustive"
       description="" isManagedExternally="true"/>
   <TcLOV name="T8_t1aPDBSupplierCntryIsrael" lovType="ListOfValuesString" usage="Exhaustive"
       description="" isManagedExternally="true"/>
   <TcLOV name="T8_t1aPDBSupplierCntryItaly" lovType="ListOfValuesString" usage="Exhaustive"
       description="" isManagedExternally="true"/>
   <TcLOV name="T8_t1aPDBSupplierCntryJapan" lovType="ListOfValuesString" usage="Exhaustive"
       description="" isManagedExternally="true"/>
   <TcLOV name="T8_t1aPDBSupplierCntryLA" lovType="ListOfValuesString" usage="Exhaustive"
       description="" isManagedExternally="true"/>
   <TcLOV name="T8_t1aPDBSupplierCntryLuxembourg" lovType="ListOfValuesString" usage="Exhaustive"
       description="" isManagedExternally="true"/>
   <TcLOV name="T8_t1aPDBSupplierCntryMalaysia" lovType="ListOfValuesString" usage="Exhaustive"
       description="" isManagedExternally="true"/>
   <TcLOV name="T8_t1aPDBSupplierCntryMexico" lovType="ListOfValuesString" usage="Exhaustive"
       description="" isManagedExternally="true"/>
   <TcLOV name="T8_t1aPDBSupplierCntryMonaco" lovType="ListOfValuesString" usage="Exhaustive"
       description="" isManagedExternally="true"/>
   <TcLOV name="T8_t1aPDBSupplierCntryNetherland" lovType="ListOfValuesString" usage="Exhaustive"
       description="" isManagedExternally="true"/>
   <TcLOV name="T8_t1aPDBSupplierCntryNorway" lovType="ListOfValuesString" usage="Exhaustive"
       description="" isManagedExternally="true"/>
   <TcLOV name="T8_t1aPDBSupplierCntryOthers" lovType="ListOfValuesString" usage="Exhaustive"
       description="" isManagedExternally="true"/>
   <TcLOV name="T8_t1aPDBSupplierCntryPoland" lovType="ListOfValuesString" usage="Exhaustive"
       description="" isManagedExternally="true"/>
   <TcLOV name="T8_t1aPDBSupplierCntryRomania" lovType="ListOfValuesString" usage="Exhaustive"
       description="" isManagedExternally="true"/>
   <TcLOV name="T8_t1aPDBSupplierCntrySingapore" lovType="ListOfValuesString" usage="Exhaustive"
       description="" isManagedExternally="true"/>
   <TcLOV name="T8_t1aPDBSupplierCntrySouthKorea" lovType="ListOfValuesString" usage="Exhaustive"
       description="" isManagedExternally="true"/>
   <TcLOV name="T8_t1aPDBSupplierCntrySpain" lovType="ListOfValuesString" usage="Exhaustive"
       description="" isManagedExternally="true"/>
   <TcLOV name="T8_t1aPDBSupplierCntryUK" lovType="ListOfValuesString" usage="Exhaustive"
       description="" isManagedExternally="true"/>
   <TcLOV name="T8_t1aPDBSupplierCntryUSA" lovType="ListOfValuesString" usage="Exhaustive"
       description="" isManagedExternally="true"/>
   <TcLOV name="T8_t1aPDBSupplierCountryList" lovType="ListOfValuesString" usage="Exhaustive"
       description="" isManagedExternally="true"/>
   <TcLOV name="T8_t1aPDBSupplierIDNameList" lovType="ListOfValuesString" usage="Exhaustive"
       description="" isManagedExternally="true"/>
   <TcLOV name="T8_t1aPDBSupplierNameList" lovType="ListOfValuesString" usage="Exhaustive"
       description="" isManagedExternally="true"/>
   <TcLOV name="T8_t1aPDBSupplierParentIDandName" lovType="ListOfValuesString" usage="Exhaustive"
       description="" isManagedExternally="true"/>
   <TcLOV name="T8_t1aPDBSupplierParentNameList" lovType="ListOfValuesString" usage="Exhaustive"
       description="" isManagedExternally="true"/>
   <TcLOVValueSubLOVAttach targetLOVName="t1aCompanyType" targetValue="Supplier" subLOVName="T8_t1aPDBSupplierNameList"
       conditionName="isTrue"/>
   <TcLOVAttach lovName="T8_ERPSellingCostCityList" typeName="T8_t1a175sellingcost">
     <TcLOVAttachPropertyInfo valuePropertyName="t8_175tocity" conditionName="isTrue"
         override="false" level="0"/>
   </TcLOVAttach>
   <TcLOVAttach lovName="T8_ERPSellingCostCompanyList" typeName="T8_t1a175sellingcost">
     <TcLOVAttachPropertyInfo valuePropertyName="t8_175tocompany" conditionName="isTrue"
         override="false" level="0"/>
   </TcLOVAttach>
   <TcLOVAttach lovName="T8_ERPSellingCostCountryList" typeName="T8_t1a175sellingcost">
     <TcLOVAttachPropertyInfo valuePropertyName="t8_175tocountry" conditionName="isTrue"
         override="false" level="0"/>
   </TcLOVAttach>
   <TcLOVAttach lovName="T8_t1aBPCS83Category" typeName="t1a1ProductRevMaster">
     <TcLOVAttachPropertyInfo valuePropertyName="t8_1bpcs83category" conditionName="isTrue"
         override="false" level="0"/>
   </TcLOVAttach>
   <TcLOVAttach lovName="T8_t1aBPCS83FamilyCode" typeName="t1a1ProductRevMaster">
     <TcLOVAttachPropertyInfo valuePropertyName="t8_1bpcs83familycode" conditionName="isTrue"
         override="false" level="0"/>
   </TcLOVAttach>
   <TcLOVAttach lovName="T8_t1aBPCS83FamilyName" typeName="t1a1ProductRevMaster">
     <TcLOVAttachPropertyInfo valuePropertyName="t8_1bpcs83familyname" conditionName="isTrue"
         override="false" level="0"/>
   </TcLOVAttach>
   <TcLOVAttach lovName="T8_t1aBPCS83SubFamilyCode" typeName="t1a1ProductRevMaster">
     <TcLOVAttachPropertyInfo valuePropertyName="t8_1bpcs83subfamilycode" conditionName="isTrue"
         override="false" level="0"/>
   </TcLOVAttach>
   <TcLOVAttach lovName="T8_t1aBPCS83SubFamilyName" typeName="t1a1ProductRevMaster">
     <TcLOVAttachPropertyInfo valuePropertyName="t8_1bpcs83subfamilyname" conditionName="isTrue"
         override="false" level="0"/>
   </TcLOVAttach>
   <TcLOVAttach lovName="T8_t1aPDBSupplierCountryList" typeName="T8_t1a191CCR2">
     <TcLOVAttachPropertyInfo valuePropertyName="t8_t1a191suppliercountry" conditionName="isTrue"
         override="false" level="1"/>
     <TcLOVAttachPropertyInfo valuePropertyName="t8_t1a191suppliercity" conditionName="isTrue"
         override="false" level="2" parentPropertyName="t8_t1a191suppliercountry"/>
   </TcLOVAttach>
   <TcLOVAttach lovName="T8_t1aPDBSupplierCountryList" typeName="T8_t1a193pmr2">
     <TcLOVAttachPropertyInfo valuePropertyName="t8_t1a193suppliercountry" conditionName="isTrue"
         override="false" level="1"/>
     <TcLOVAttachPropertyInfo valuePropertyName="t8_t1a193suppliercity" conditionName="isTrue"
         override="false" level="2" parentPropertyName="t8_t1a193suppliercountry"/>
   </TcLOVAttach>
   <TcLOVAttach lovName="T8_t1aPDBSupplierCountryList" typeName="t1a51DEV">
     <TcLOVAttachPropertyInfo valuePropertyName="t8_t1a51suppliercountry" conditionName="isTrue"
         override="false" level="1"/>
     <TcLOVAttachPropertyInfo valuePropertyName="t8_t1a51suppliercity" conditionName="isTrue"
         override="false" level="2" parentPropertyName="t8_t1a51suppliercountry"/>
   </TcLOVAttach>
   <TcLOVAttach lovName="T8_t1aPDBSupplierIDNameList" typeName="T8_t1a132SupplierCR_RevMast">
     <TcLOVAttachPropertyInfo valuePropertyName="t8_t1a132supplierid" conditionName="isTrue"
         override="false" level="0"/>
   </TcLOVAttach>
   <TcLOVAttach lovName="T8_t1aPDBSupplierIDNameList" typeName="T8_t1a191CCR2">
     <TcLOVAttachPropertyInfo valuePropertyName="t8_t1a191supplierid" conditionName="isTrue"
         override="false" level="0"/>
   </TcLOVAttach>
   <TcLOVAttach lovName="T8_t1aPDBSupplierIDNameList" typeName="T8_t1a193pmr2">
     <TcLOVAttachPropertyInfo valuePropertyName="t8_t1a193supplierid" conditionName="isTrue"
         override="false" level="0"/>
   </TcLOVAttach>
   <TcLOVAttach lovName="T8_t1aPDBSupplierIDNameList" typeName="t1a18PurchasedCost">
     <TcLOVAttachPropertyInfo valuePropertyName="t8_t1a18supplierid" conditionName="isTrue"
         override="false" level="0"/>
   </TcLOVAttach>
   <TcLOVAttach lovName="T8_t1aPDBSupplierIDNameList" typeName="t1a4Prg_VariantRevMaster">
     <TcLOVAttachPropertyInfo valuePropertyName="t8_t1a4tosupplierid" conditionName="isTrue"
         override="false" level="0"/>
   </TcLOVAttach>
   <TcLOVAttach lovName="T8_t1aPDBSupplierIDNameList" typeName="t1a51DEV">
     <TcLOVAttachPropertyInfo valuePropertyName="t8_t1a51supplierid" conditionName="isTrue"
         override="false" level="0"/>
   </TcLOVAttach>
   <TcLOVAttach lovName="T8_t1aPDBSupplierIDNameList" typeName="t1a57DWGFormatRevMaster">
     <TcLOVAttachPropertyInfo valuePropertyName="t8_57supplierid" conditionName="isTrue"
         override="false" level="0"/>
   </TcLOVAttach>
   <TcLOVAttach lovName="T8_t1aPDBSupplierIDNameList" typeName="t1a62T_PPAP_DocRevMaster">
     <TcLOVAttachPropertyInfo valuePropertyName="t8_t1a62supplierid" conditionName="isTrue"
         override="false" level="0"/>
   </TcLOVAttach>
   <TcLOVAttach lovName="T8_t1aPDBSupplierNameList" typeName="T8_t1a148contractedcost">
     <TcLOVAttachPropertyInfo valuePropertyName="t8_t1a148fromcompany" conditionName="isTrue"
         override="false" level="1"/>
     <TcLOVAttachPropertyInfo valuePropertyName="t8_t1a148fromcountry" conditionName="isTrue"
         override="false" level="2" parentPropertyName="t8_t1a148fromcompany"/>
     <TcLOVAttachPropertyInfo valuePropertyName="t8_t1a148fromcity" conditionName="isTrue"
         override="false" level="3" parentPropertyName="t8_t1a148fromcountry"/>
   </TcLOVAttach>
   <TcLOVAttach lovName="T8_t1aPDBSupplierParentIDandName" typeName="T8_t1a132SupplierCR_RevMast">
     <TcLOVAttachPropertyInfo valuePropertyName="t8_t1a132supplierparentid" conditionName="isTrue"
         override="false" level="0"/>
   </TcLOVAttach>
   <TcLOVAttach lovName="T8_t1aPDBSupplierParentIDandName" typeName="T8_t1a191CCR2">
     <TcLOVAttachPropertyInfo valuePropertyName="t8_t1a191supplierparentid" conditionName="isTrue"
         override="false" level="0"/>
   </TcLOVAttach>
   <TcLOVAttach lovName="T8_t1aPDBSupplierParentIDandName" typeName="T8_t1a193pmr2">
     <TcLOVAttachPropertyInfo valuePropertyName="t8_t1a193supplierparentid" conditionName="isTrue"
         override="false" level="0"/>
   </TcLOVAttach>
   <TcLOVAttach lovName="T8_t1aPDBSupplierParentIDandName" typeName="t1a18PurchasedCost">
     <TcLOVAttachPropertyInfo valuePropertyName="t8_t1a18fromsuppparentid" conditionName="isTrue"
         override="false" level="0"/>
   </TcLOVAttach>
   <TcLOVAttach lovName="T8_t1aPDBSupplierParentIDandName" typeName="t1a4Prg_VariantRevMaster">
     <TcLOVAttachPropertyInfo valuePropertyName="t8_t1a4tosupplierparentid" conditionName="isTrue"
         override="false" level="0"/>
   </TcLOVAttach>
   <TcLOVAttach lovName="T8_t1aPDBSupplierParentIDandName" typeName="t1a51DEV">
     <TcLOVAttachPropertyInfo valuePropertyName="t8_t1a51supplierparentid" conditionName="isTrue"
         override="false" level="0"/>
   </TcLOVAttach>
   <TcLOVAttach lovName="T8_t1aPDBSupplierParentIDandName" typeName="t1a57DWGFormatRevMaster">
     <TcLOVAttachPropertyInfo valuePropertyName="t8_57supplierparentid" conditionName="isTrue"
         override="false" level="0"/>
   </TcLOVAttach>
   <TcLOVAttach lovName="T8_t1aPDBSupplierParentIDandName" typeName="t1a62T_PPAP_DocRevMaster">
     <TcLOVAttachPropertyInfo valuePropertyName="t8_t1a62supplierparentid" conditionName="isTrue"
         override="false" level="0"/>
   </TcLOVAttach>
   <TcLOVAttach lovName="T8_t1aPDBSupplierParentNameList" typeName="T8_t1a132SupplierCR_RevMast">
     <TcLOVAttachPropertyInfo valuePropertyName="t8_t1a132supplierparentname" conditionName="isTrue"
         override="false" level="0"/>
   </TcLOVAttach>
   <TcLOVAttach lovName="T8_t1aPDBSupplierParentNameList" typeName="T8_t1a148contractedcost">
     <TcLOVAttachPropertyInfo valuePropertyName="t8_148fromcompanyparent" conditionName="isTrue"
         override="false" level="0"/>
   </TcLOVAttach>
   <TcLOVAttach lovName="T8_t1aPDBSupplierParentNameList" typeName="T8_t1a191CCR2">
     <TcLOVAttachPropertyInfo valuePropertyName="t8_t1a191supplierparentname" conditionName="isTrue"
         override="false" level="0"/>
   </TcLOVAttach>
   <TcLOVAttach lovName="T8_t1aPDBSupplierParentNameList" typeName="T8_t1a193pmr2">
     <TcLOVAttachPropertyInfo valuePropertyName="t8_t1a193supplierparentname" conditionName="isTrue"
         override="false" level="0"/>
   </TcLOVAttach>
   <TcLOVAttach lovName="T8_t1aPDBSupplierParentNameList" typeName="t1a18PurchasedCost">
     <TcLOVAttachPropertyInfo valuePropertyName="t8_t1a18fromsuppparentname" conditionName="isTrue"
         override="false" level="0"/>
   </TcLOVAttach>
   <TcLOVAttach lovName="T8_t1aPDBSupplierParentNameList" typeName="t1a4Prg_VariantRevMaster">
     <TcLOVAttachPropertyInfo valuePropertyName="t8_t1a4tosupplierparentname" conditionName="isTrue"
         override="false" level="0"/>
   </TcLOVAttach>
   <TcLOVAttach lovName="T8_t1aPDBSupplierParentNameList" typeName="t1a51DEV">
     <TcLOVAttachPropertyInfo valuePropertyName="t8_t1a51supplierparentname" conditionName="isTrue"
         override="false" level="0"/>
   </TcLOVAttach>
   <TcLOVAttach lovName="T8_t1aPDBSupplierParentNameList" typeName="t1a57DWGFormatRevMaster">
     <TcLOVAttachPropertyInfo valuePropertyName="t8_57supplierparentname" conditionName="isTrue"
         override="false" level="0"/>
   </TcLOVAttach>
   <TcLOVAttach lovName="T8_t1aPDBSupplierParentNameList" typeName="t1a62T_PPAP_DocRevMaster">
     <TcLOVAttachPropertyInfo valuePropertyName="t8_t1a62supplierparentname" conditionName="isTrue"
         override="false" level="0"/>
   </TcLOVAttach>
</Add>
</TcBusinessData>
