<?xml version="1.0" encoding="UTF-8"?>
<TcBusinessData xmlns="http://teamcenter.com/BusinessModel/TcBusinessData" Date="">
<Add>
   <Library name="T8_TIAutoExt" createRelease="tc8000.3.0" serviceLibrary="false"
       namespace="" isThirdParty="false" description="extension">
     <DependentOn name="metaframework"/>
     <DependentOn name="tccore"/>
     <DependentOn name="tc"/>
     <DependentOn name="cxpom"/>
     <DependentOn name="lov"/>
     <DependentOn name="qry"/>
     <DependentOn name="sa"/>
     <DependentOn name="res"/>
     <DependentOn name="req"/>
     <DependentOn name="bom"/>
     <DependentOn name="AttrMap"/>
     <DependentOn name="grm"/>
     <DependentOn name="form"/>
     <DependentOn name="ss"/>
   </Library>
   <TcGlobalConstantAttach constantName="Fnd0MigratedPostActions" value="">
     <ConstantValue value="T8_TI_CAERequestRevisions||T8_TIACreateCAEReport||GRM_create||IMAN_save"/>
   </TcGlobalConstantAttach>
   <TcGlobalConstantAttach constantName="Fnd0MigratedPostActions" value="">
     <ConstantValue value="TI_ChangedForms||T8_TIACreateFormHistory||GRM_create||IMAN_save"/>
   </TcGlobalConstantAttach>
   <TcGlobalConstantAttach constantName="Fnd0MigratedPostActions" value="">
     <ConstantValue value="TI_Prg_Variant Revision||createObjects||ITEM_create_rev||IMAN_save"/>
   </TcGlobalConstantAttach>
   <TcGlobalConstantAttach constantName="Fnd0MigratedPostActions" value="">
     <ConstantValue value="TI_Product Revision||T8_TIAPartFamilyFormCreation||ITEM_create_rev||IMAN_save"/>
   </TcGlobalConstantAttach>
   <TcGlobalConstantAttach constantName="Fnd0MigratedPostActions" value="">
     <ConstantValue value="TI_Program Revision||T8_TIAPartFamilyFormCreation||ITEM_create_rev||IMAN_save"/>
   </TcGlobalConstantAttach>
   <TcGlobalConstantAttach constantName="Fnd0MigratedPostActions" value="">
     <ConstantValue value="TI_Tooling Revision||T8_TIAPartFamilyFormCreation||ITEM_create_rev||IMAN_save"/>
   </TcGlobalConstantAttach>
   <TcGRMRule primaryTypeName="Item" secondaryTypeName="T_CriticalChar" relationTypeName="TI_Design"
       primaryCardinality="-1" secondaryCardinality="-1" secured="false" attachability="WriteAccessReq"
       changeability="Changeable" detachability="WriteAccessReq" description=""/>
   <TcExtension name="BOMLine::save" internal="true" cannedExtension="false" languageType="CPlusPlus"
       description="">
     <TcExtensionValidity parameter="TYPE:BOMLine:BOMLine_save:4"/>
   </TcExtension>
   <TcExtension name="T8_TIAAdvEngAssigntoProject" internal="false" cannedExtension="false"
       languageType="CPlusPlus" libraryName="libT8_TIAutoExt" description="">
     <TcExtensionValidity parameter="TYPE:Item:ITEM_create:3"/>
     <TcExtensionValidity parameter="TYPE:ItemRevision:IMAN_save:3"/>
     <TcExtensionValidity parameter="TYPE:T8_TI_ChangeRevision:ITEM_create_rev:3"/>
     <TcExtensionValidity parameter="TYPE:Form:IMAN_save:3"/>
   </TcExtension>
   <TcExtension name="T8_TIAAssignToProject" internal="false" cannedExtension="false"
       languageType="ANSI_C" libraryName="libT8_TIAutoExt" description="">
     <TcExtensionParameter parameter="Allowed Groups LOV Name:String:M"/>
     <TcExtensionValidity parameter="TYPE:Item:IMAN_save:3"/>
     <TcExtensionValidity parameter="TYPE:ItemRevision:IMAN_save:3"/>
   </TcExtension>
   <TcExtension name="T8_TIAChangeFormRemovalHistory" internal="false" cannedExtension="false"
       languageType="ANSI_C" libraryName="libT8_TIAutoExt" description="">
     <TcExtensionValidity parameter="TYPE:TI_ChangedForms:IMAN_delete:3"/>
     <TcExtensionValidity parameter="TYPE:TI_ChangedForms:IMAN_delete:2"/>
     <TcExtensionValidity parameter="TYPE:T8_CMTIChangedForms:IMAN_delete:2"/>
     <TcExtensionValidity parameter="TYPE:T8_CMTIChangedForms:IMAN_delete:3"/>
   </TcExtension>
   <TcExtension name="T8_TIAClearAlternateIDInfoOnReviseANDSaveAs" internal="false"
       cannedExtension="false" languageType="ANSI_C" libraryName="libT8_TIAutoExt"
       description="">
     <TcExtensionValidity parameter="TYPE:ItemRevision:ITEM_deep_copy:3"/>
   </TcExtension>
   <TcExtension name="T8_TIACreateCAEReport" internal="false" cannedExtension="false"
       languageType="ANSI_C" libraryName="libT8_TIAutoExt" description="">
     <TcExtensionValidity parameter="TYPE:T8_TI_CAERequestRevisions:GRM_create:3"/>
   </TcExtension>
   <TcExtension name="T8_TIACreateFormHistory" internal="false" cannedExtension="false"
       languageType="ANSI_C" libraryName="libT8_TIAutoExt" description="">
     <TcExtensionValidity parameter="TYPE:TI_ChangedForms:GRM_create:3"/>
     <TcExtensionValidity parameter="TYPE:T8_CMTIChangedForms:GRM_create:3"/>
   </TcExtension>
   <TcExtension name="T8_TIACreateM2MRelation" internal="false" cannedExtension="false"
       languageType="ANSI_C" libraryName="libT8_TIAutoExt" description="">
     <TcExtensionValidity parameter="TYPE:TI_DocProdRevisions:GRM_create:3"/>
   </TcExtension>
   <TcExtension name="T8_TIAIsCreateRelationAllowedAdvTech" internal="false" cannedExtension="true"
       languageType="CPlusPlus" libraryName="libT8_TIAutoExt" description="">
     <TcExtensionParameter parameter="Allowed Groups LOV Name:String:M"/>
     <TcExtensionValidity parameter="TYPE:ImanRelation:GRM_create:1"/>
   </TcExtension>
   <TcExtension name="T8_TIAIsCreateRelationAllowedDocsOnly" internal="false" cannedExtension="false"
       languageType="ANSI_C" libraryName="libT8_TIAutoExt" description="">
     <TcExtensionValidity parameter="TYPE:ImanRelation:GRM_create:1"/>
   </TcExtension>
   <TcExtension name="T8_TIAIsCreateRelationAllowed_Soln_Item" internal="false" cannedExtension="false"
       languageType="ANSI_C" libraryName="libT8_TIAutoExt" description="">
     <TcExtensionParameter parameter="Allowed Groups LOV Name:String:M"/>
     <TcExtensionValidity parameter="TYPE:EC_solution_item_rel:GRM_create:1"/>
     <TcExtensionValidity parameter="TYPE:CMRelation:GRM_create:1"/>
   </TcExtension>
   <TcExtension name="T8_TIAIsDeleteRelationAllowedAdvTech" internal="false" cannedExtension="true"
       languageType="CPlusPlus" libraryName="libT8_TIAutoExt" description="">
     <TcExtensionParameter parameter="Allowed Groups LOV Name:String:M"/>
     <TcExtensionValidity parameter="TYPE:ImanRelation:IMAN_delete:1"/>
   </TcExtension>
   <TcExtension name="T8_TIAIsDeleteRelationAllowed_Soln_Item" internal="false" cannedExtension="false"
       languageType="ANSI_C" libraryName="libT8_TIAutoExt" description="">
     <TcExtensionParameter parameter="Allowed Groups LOV Name:String:M"/>
     <TcExtensionValidity parameter="TYPE:EC_solution_item_rel:IMAN_delete:1"/>
     <TcExtensionValidity parameter="TYPE:CMRelation:IMAN_delete:1"/>
   </TcExtension>
   <TcExtension name="T8_TIAPartFamilyFormCreation" internal="false" cannedExtension="false"
       languageType="ANSI_C" libraryName="libT8_TIAutoExt" description="">
     <TcExtensionParameter parameter="Allowed Groups LOV Name:String:M"/>
     <TcExtensionValidity parameter="TYPE:ItemRevision:ITEM_create_rev:3"/>
   </TcExtension>
   <TcExtension name="T8_TIAPopulateCAEAnalysisIRMForm" internal="false" cannedExtension="false"
       languageType="ANSI_C" libraryName="libT8_TIAutoExt" description="">
     <TcExtensionValidity parameter="PROPERTY:T8_TICAEAnalysisRevisionMaster:t8_AnalysisRequest:PROP_set_value_tag:3"/>
   </TcExtension>
   <TcExtension name="T8_TIAPopulateChangeTimingForm" internal="false" cannedExtension="false"
       languageType="CPlusPlus" libraryName="libT8_TIAutoExt" description="">
     <TcExtensionValidity parameter="PROPERTY:T8_TI_CAP2:t8_t1a190affectedplants:PROP_set_value_strings:3"/>
     <TcExtensionValidity parameter="PROPERTY:T8_TI_PMR:t8_193tiplant:PROP_set_value_strings:3"/>
   </TcExtension>
   <TcExtension name="T8_TIARemoveFormAttributeValues" internal="false" cannedExtension="false"
       languageType="ANSI_C" libraryName="libT8_TIAutoExt" description="">
     <TcExtensionValidity parameter="TYPE:ItemRevision:ITEM_copy_rev:3"/>
   </TcExtension>
   <TcExtension name="T8_TIARemoveFormAttributeValuesSaveAs" internal="false" cannedExtension="false"
       languageType="ANSI_C" libraryName="libT8_TIAutoExt" description="">
     <TcExtensionValidity parameter="TYPE:ItemRevision:ITEM_copy_rev_to_existing:3"/>
   </TcExtension>
   <TcExtension name="T8_TIARemovePartnerCADImportAttrForm" internal="false" cannedExtension="false"
       languageType="ANSI_C" libraryName="libT8_TIAutoExt" description="">
     <TcExtensionValidity parameter="TYPE:ItemRevision:ITEM_deep_copy:3"/>
   </TcExtension>
   <TcExtension name="T8_TIARemovePartnerCADImportDSSaveAs" internal="false" cannedExtension="false"
       languageType="ANSI_C" libraryName="libT8_TIAutoExt" description="">
     <TcExtensionValidity parameter="TYPE:Dataset:AE_save_dataset:3"/>
   </TcExtension>
   <TcExtension name="T8_TIAUpdateBPC83AttrOnDeepCopy" internal="false" cannedExtension="false"
       languageType="ANSI_C" libraryName="libT8_TIAutoExt" description="">
     <TcExtensionParameter parameter="Allowed Groups LOV Name:String:M"/>
     <TcExtensionValidity parameter="TYPE:TI_Product Revision:ITEM_deep_copy:3"/>
   </TcExtension>
   <TcExtension name="T8_TIAUpdateSupplierInfo" internal="false" cannedExtension="false"
       languageType="ANSI_C" libraryName="libT8_TIAutoExt" description="">
     <TcExtensionValidity parameter="TYPE:T8_TI_CCR2:IMAN_save:2"/>
     <TcExtensionValidity parameter="TYPE:T8_TI_PMR:IMAN_save:2"/>
     <TcExtensionValidity parameter="TYPE:TI_DEV:IMAN_save:2"/>
     <TcExtensionValidity parameter="TYPE:TI_Prg_Variant Revision Master:IMAN_save:2"/>
     <TcExtensionValidity parameter="TYPE:TI_DWGFormat Revision Master:IMAN_save:2"/>
     <TcExtensionValidity parameter="TYPE:P_PPAP Revision Master:IMAN_save:2"/>
     <TcExtensionValidity parameter="TYPE:T_SupplierCR Revision Master:IMAN_save:2"/>
     <TcExtensionValidity parameter="TYPE:TI_PurchasedCost:IMAN_save:2"/>
   </TcExtension>
   <TcExtension name="T8_TIAVerifyChangeFormAttachment" internal="false" cannedExtension="false"
       languageType="ANSI_C" libraryName="libT8_TIAutoExt" description="">
     <TcExtensionValidity parameter="TYPE:TI_ChangedForms:GRM_create:1"/>
     <TcExtensionValidity parameter="TYPE:T8_CMTIChangedForms:GRM_create:1"/>
   </TcExtension>
   <TcExtension name="T8_TIAVerifyChangeFormRemoval" internal="false" cannedExtension="false"
       languageType="ANSI_C" libraryName="libT8_TIAutoExt" description="">
     <TcExtensionValidity parameter="TYPE:TI_ChangedForms:IMAN_delete:1"/>
     <TcExtensionValidity parameter="TYPE:T8_CMTIChangedForms:IMAN_delete:1"/>
   </TcExtension>
   <TcExtension name="T8_TIAVerifyCreateDataset" internal="false" cannedExtension="false"
       languageType="ANSI_C" libraryName="libT8_TIAutoExt" description="">
     <TcExtensionParameter parameter="Allowed Groups LOV Name:String:M"/>
     <TcExtensionValidity parameter="TYPE:ImanRelation:GRM_create:1"/>
   </TcExtension>
   <TcExtension name="T8_TIAVerifyCreationOfAltIdOnRemoteObject" internal="false"
       cannedExtension="false" languageType="ANSI_C" libraryName="libT8_TIAutoExt"
       description="">
     <TcExtensionValidity parameter="TYPE:Identifier:IDENTIFIER_create_alternate:1"/>
     <TcExtensionValidity parameter="TYPE:IdentifierRev:IDENTIFIER_create_alternate:1"/>
   </TcExtension>
   <TcExtension name="T8_TIAVerifyMRAAttributeValues" internal="false" cannedExtension="false"
       languageType="ANSI_C" libraryName="libT8_TIAutoExt" description="">
     <TcExtensionValidity parameter="PROPERTY:T8_TI_CAP2:t8_t1a190componentmra:PROP_set_value_tags:1"/>
     <TcExtensionValidity parameter="PROPERTY:T8_TI_CAP2:t8_t1a190newtoplevassembly:PROP_set_value_tags:1"/>
     <TcExtensionValidity parameter="PROPERTY:T8_TI_CAP2:t8_t1a190oldtoplevassembly:PROP_set_value_tags:1"/>
     <TcExtensionValidity parameter="PROPERTY:T8_TI_CAP:t8_120componentmra:PROP_set_value_tags:1"/>
     <TcExtensionValidity parameter="PROPERTY:T8_TI_CAP:t8_t1a120newtoplevassembly:PROP_set_value_tags:1"/>
     <TcExtensionValidity parameter="PROPERTY:T8_TI_CAP:t8_t1a120oldtoplevassembly:PROP_set_value_tags:1"/>
     <TcExtensionValidity parameter="PROPERTY:T8_TI_PMR:t8_193oldtoplevelassembly:PROP_set_value_tags:1"/>
     <TcExtensionValidity parameter="PROPERTY:T8_TI_PMR:t8_193newtoplevelassembly:PROP_set_value_tags:1"/>
     <TcExtensionValidity parameter="PROPERTY:T8_TI_PMR:t8_193componentmra:PROP_set_value_tags:1"/>
     <TcExtensionValidity parameter="PROPERTY:TI_PMR:t8_84componentmra:PROP_set_value_tags:1"/>
     <TcExtensionValidity parameter="PROPERTY:TI_PMR:t8_84newtoplevelassembly:PROP_set_value_tags:1"/>
     <TcExtensionValidity parameter="PROPERTY:TI_PMR:t8_84oldtoplevelassembly:PROP_set_value_tags:1"/>
     <TcExtensionValidity parameter="PROPERTY:T8_TI_TPR:t8_t1a201componentacd:PROP_set_value_tags:1"/>
     <TcExtensionValidity parameter="PROPERTY:T8_TI_TPR:t8_t1a201acdcollapsedassemb:PROP_set_value_tags:1"/>
     <TcExtensionValidity parameter="PROPERTY:T8_TI_TPR:t8_t1a201newacdassembly:PROP_set_value_tags:1"/>
     <TcExtensionValidity parameter="PROPERTY:T8_TI_TPR:t8_t1a201oldtoplevassembly:PROP_set_value_tags:1"/>
     <TcExtensionValidity parameter="PROPERTY:T8_TI_TER:t8_t1a205componentmra:PROP_set_value_tags:1"/>
     <TcExtensionValidity parameter="PROPERTY:T8_TI_TER:t8_t1a205mracollapsedassemb:PROP_set_value_tags:1"/>
     <TcExtensionValidity parameter="PROPERTY:T8_TI_TER:t8_t1a205newacdassembly:PROP_set_value_tags:1"/>
     <TcExtensionValidity parameter="PROPERTY:T8_TI_TER:t8_t1a205oldtoplevassembly:PROP_set_value_tags:1"/>
   </TcExtension>
   <TcExtension name="T8_TIAVerifyPRAAttributeValues" internal="false" cannedExtension="true"
       languageType="ANSI_C" libraryName="libT8_TIAutoExt" description="">
     <TcExtensionValidity parameter="PROPERTY:T8_TI_PRP:t8_t1a206oldtoplevelassem:PROP_set_value_tags:1"/>
     <TcExtensionValidity parameter="PROPERTY:T8_TI_PRP:t8_t1a206newtoplevelassem:PROP_set_value_tags:1"/>
     <TcExtensionValidity parameter="PROPERTY:T8_TI_PRP:t8_t1a206componentpra:PROP_set_value_tags:1"/>
   </TcExtension>
   <TcExtension name="T8_TIAVerifyProdSecObjRemoval" internal="false" cannedExtension="false"
       languageType="ANSI_C" libraryName="libT8_TIAutoExt" description="">
     <TcExtensionValidity parameter="TYPE:ImanRelation:IMAN_delete:1"/>
   </TcExtension>
   <TcExtension name="TIACheckNonDocumentITRStatus" internal="false" cannedExtension="false"
       languageType="ANSI_C" libraryName="libTIAutoExt" description="">
     <TcExtensionValidity parameter="TYPE:ImanRelation:GRM_create:1"/>
   </TcExtension>
   <TcExtension name="TIAIsCreateRelationAllowed" internal="false" cannedExtension="false"
       languageType="ANSI_C" libraryName="libTIAutoExt" description="">
     <TcExtensionParameter parameter="Allowed Groups LOV Name:String:M"/>
     <TcExtensionValidity parameter="TYPE:ImanRelation:GRM_create:1"/>
   </TcExtension>
   <TcExtension name="TIAIsDeleteRelationAllowed" internal="false" cannedExtension="false"
       languageType="ANSI_C" libraryName="libTIAutoExt" description="">
     <TcExtensionParameter parameter="Allowed Groups LOV Name:String:M"/>
     <TcExtensionValidity parameter="TYPE:ImanRelation:IMAN_delete:1"/>
   </TcExtension>
   <TcExtension name="TIAPreventDeleteRelation" internal="false" cannedExtension="false"
       languageType="ANSI_C" libraryName="libTIAutoExt" description="">
     <TcExtensionValidity parameter="TYPE:ImanRelation:IMAN_delete:1"/>
   </TcExtension>
   <TcExtension name="TIAPreventPrematureRelation" internal="false" cannedExtension="false"
       languageType="ANSI_C" libraryName="libTIAutoExt" description="">
     <TcExtensionValidity parameter="TYPE:ImanRelation:GRM_create:1"/>
   </TcExtension>
   <TcExtension name="TIAVerifyCreateCheckout" internal="false" cannedExtension="false"
       languageType="ANSI_C" libraryName="libTIAutoExt" description="">
     <TcExtensionValidity parameter="TYPE:ImanRelation:GRM_create:1"/>
   </TcExtension>
   <TcExtension name="TIAVerifyDeleteCheckout" internal="false" cannedExtension="false"
       languageType="ANSI_C" libraryName="libTIAutoExt" description="">
     <TcExtensionValidity parameter="TYPE:ImanRelation:IMAN_delete:1"/>
   </TcExtension>
   <TcExtensionAttach extensionName="checkLatestReleased" operationName="ITEM_copy_rev"
       isActive="true" extendableElementName="T8_TI_CAE_AutoRevision" extendableElementType="Type"
       extensionPointType="PreCondition" conditionName="isTrue" description=""/>
   <TcExtensionAttach extensionName="checkLatestReleased" operationName="ITEM_copy_rev"
       isActive="true" extendableElementName="TI_CADSeed Revision" extendableElementType="Type"
       extensionPointType="PreCondition" conditionName="isTrue" description=""/>
   <TcExtensionAttach extensionName="checkLatestReleased" operationName="ITEM_copy_rev"
       isActive="true" extendableElementName="TI_Currency Revision" extendableElementType="Type"
       extensionPointType="PreCondition" conditionName="isTrue" description=""/>
   <TcExtensionAttach extensionName="checkLatestReleased" operationName="ITEM_copy_rev"
       isActive="true" extendableElementName="TI_Document Revision" extendableElementType="Type"
       extensionPointType="PreCondition" conditionName="isTrue" description=""/>
   <TcExtensionAttach extensionName="createObjects" operationName="ITEM_create_rev"
       isActive="true" extendableElementName="TI_Prg_Variant Revision" extendableElementType="Type"
       extensionPointType="PostAction" conditionName="isTrue" description="">
     <TcExtensionArguments parameter="TI_ProgramVolumes::IMAN_specification"/>
   </TcExtensionAttach>
   <TcExtensionAttach extensionName="BOMLine::save" operationName="BOMLine_save" isActive="true"
       extendableElementName="BOMLine" extendableElementType="Type" extensionPointType="BaseAction"
       conditionName="isTrue" description=""/>
   <TcExtensionAttach extensionName="T8_TIAAdvEngAssigntoProject" operationName="IMAN_save"
       isActive="true" extendableElementName="Form" extendableElementType="Type" extensionPointType="PostAction"
       conditionName="isTrue" description=""/>
   <TcExtensionAttach extensionName="T8_TIAAdvEngAssigntoProject" operationName="IMAN_save"
       isActive="true" extendableElementName="ItemRevision" extendableElementType="Type"
       extensionPointType="PostAction" conditionName="isTrue" description=""/>
   <TcExtensionAttach extensionName="T8_TIAAssignToProject" operationName="IMAN_save"
       isActive="true" extendableElementName="_OEM Revision" extendableElementType="Type"
       extensionPointType="PostAction" conditionName="isTrue" description="">
     <TcExtensionArguments parameter="T8_TIAProjectANDItemTypeMapping"/>
   </TcExtensionAttach>
   <TcExtensionAttach extensionName="T8_TIAAssignToProject" operationName="IMAN_save"
       isActive="true" extendableElementName="_OEM" extendableElementType="Type" extensionPointType="PostAction"
       conditionName="isTrue" description="">
     <TcExtensionArguments parameter="T8_TIAProjectANDItemTypeMapping"/>
   </TcExtensionAttach>
   <TcExtensionAttach extensionName="T8_TIAChangeFormRemovalHistory" operationName="IMAN_delete"
       isActive="true" extendableElementName="TI_ChangedForms" extendableElementType="Type"
       extensionPointType="PreAction" conditionName="isTrue" description=""/>
   <TcExtensionAttach extensionName="T8_TIAClearAlternateIDInfoOnReviseANDSaveAs"
       operationName="ITEM_deep_copy" isActive="true" extendableElementName="ItemRevision"
       extendableElementType="Type" extensionPointType="PostAction" conditionName="isTrue"
       description=""/>
   <TcExtensionAttach extensionName="T8_TIACreateCAEReport" operationName="GRM_create"
       isActive="true" extendableElementName="T8_TI_CAERequestRevisions" extendableElementType="Type"
       extensionPointType="PostAction" conditionName="isTrue" description=""/>
   <TcExtensionAttach extensionName="T8_TIACreateFormHistory" operationName="GRM_create"
       isActive="true" extendableElementName="TI_ChangedForms" extendableElementType="Type"
       extensionPointType="PostAction" conditionName="isTrue" description=""/>
   <TcExtensionAttach extensionName="T8_TIACreateM2MRelation" operationName="GRM_create"
       isActive="true" extendableElementName="TI_DocProdRevisions" extendableElementType="Type"
       extensionPointType="PostAction" conditionName="isTrue" description=""/>
   <TcExtensionAttach extensionName="T8_TIAIsCreateRelationAllowedAdvTech" operationName="GRM_create"
       isActive="true" extendableElementName="T8_CAE_Request" extendableElementType="Type"
       extensionPointType="PreCondition" conditionName="isTrue" description="">
     <TcExtensionArguments parameter="T8_RelationSecurity_CAEAT"/>
   </TcExtensionAttach>
   <TcExtensionAttach extensionName="T8_TIAIsCreateRelationAllowedAdvTech" operationName="GRM_create"
       isActive="true" extendableElementName="T8_TI_Standards" extendableElementType="Type"
       extensionPointType="PreCondition" conditionName="isTrue" description="">
     <TcExtensionArguments parameter="T8_RelationSecurity_StandardsAT"/>
   </TcExtensionAttach>
   <TcExtensionAttach extensionName="T8_TIAIsCreateRelationAllowedAdvTech" operationName="GRM_create"
       isActive="true" extendableElementName="TI_AltRepItems" extendableElementType="Type"
       extensionPointType="PreCondition" conditionName="isTrue" description="">
     <TcExtensionArguments parameter="T8_t1a_RelationSecurity_AltRepAT"/>
   </TcExtensionAttach>
   <TcExtensionAttach extensionName="T8_TIAIsCreateRelationAllowedAdvTech" operationName="GRM_create"
       isActive="true" extendableElementName="TI_Commercial" extendableElementType="Type"
       extensionPointType="PreCondition" conditionName="isTrue" description="">
     <TcExtensionArguments parameter="T8_t1a_RelationSecurity_CommAT"/>
   </TcExtensionAttach>
   <TcExtensionAttach extensionName="T8_TIAIsCreateRelationAllowedAdvTech" operationName="GRM_create"
       isActive="true" extendableElementName="TI_CostForms" extendableElementType="Type"
       extensionPointType="PreCondition" conditionName="isTrue" description="">
     <TcExtensionArguments parameter="T8_t1a_RelationSecurity_CostFmAT"/>
   </TcExtensionAttach>
   <TcExtensionAttach extensionName="T8_TIAIsCreateRelationAllowedAdvTech" operationName="GRM_create"
       isActive="true" extendableElementName="TI_Design" extendableElementType="Type"
       extensionPointType="PreCondition" conditionName="isTrue" description="">
     <TcExtensionArguments parameter="T8_t1a_RelationSecurity_DesignAT"/>
   </TcExtensionAttach>
   <TcExtensionAttach extensionName="T8_TIAIsCreateRelationAllowedAdvTech" operationName="GRM_create"
       isActive="true" extendableElementName="TI_Engineering" extendableElementType="Type"
       extensionPointType="PreCondition" conditionName="isTrue" description="">
     <TcExtensionArguments parameter="T8_t1a_RelationSecurity_EnggAT"/>
   </TcExtensionAttach>
   <TcExtensionAttach extensionName="T8_TIAIsCreateRelationAllowedAdvTech" operationName="GRM_create"
       isActive="true" extendableElementName="TI_Materials" extendableElementType="Type"
       extensionPointType="PreCondition" conditionName="isTrue" description="">
     <TcExtensionArguments parameter="T8_t1a_RelationSecurity_MatAT"/>
   </TcExtensionAttach>
   <TcExtensionAttach extensionName="T8_TIAIsCreateRelationAllowedAdvTech" operationName="GRM_create"
       isActive="true" extendableElementName="TI_Manufacturing" extendableElementType="Type"
       extensionPointType="PreCondition" conditionName="isTrue" description="">
     <TcExtensionArguments parameter="T8_t1a_RelationSecurity_MfgAT"/>
   </TcExtensionAttach>
   <TcExtensionAttach extensionName="T8_TIAIsCreateRelationAllowedAdvTech" operationName="GRM_create"
       isActive="true" extendableElementName="TI_Purchasing" extendableElementType="Type"
       extensionPointType="PreCondition" conditionName="isTrue" description="">
     <TcExtensionArguments parameter="T8_t1a_RelationSecurity_PurchAT"/>
   </TcExtensionAttach>
   <TcExtensionAttach extensionName="T8_TIAIsCreateRelationAllowedAdvTech" operationName="GRM_create"
       isActive="true" extendableElementName="TI_Quality" extendableElementType="Type"
       extensionPointType="PreCondition" conditionName="isTrue" description="">
     <TcExtensionArguments parameter="T8_t1a_RelationSecurity_QualtyAT"/>
   </TcExtensionAttach>
   <TcExtensionAttach extensionName="T8_TIAIsCreateRelationAllowedDocsOnly" operationName="GRM_create"
       isActive="true" extendableElementName="EC_reference_item_rel" extendableElementType="Type"
       extensionPointType="PreCondition" conditionName="isTrue" description=""/>
   <TcExtensionAttach extensionName="T8_TIAIsCreateRelationAllowed_Soln_Item" operationName="GRM_create"
       isActive="true" extendableElementName="EC_solution_item_rel" extendableElementType="Type"
       extensionPointType="PreCondition" conditionName="isTrue" description="">
     <TcExtensionArguments parameter="t1a_RelationSecurity_ChangeFold"/>
   </TcExtensionAttach>
   <TcExtensionAttach extensionName="T8_TIAIsCreateRelationAllowed_Soln_Item" operationName="GRM_create"
       isActive="true" extendableElementName="T8_CMTIDrawingItems" extendableElementType="Type"
       extensionPointType="PreCondition" conditionName="isTrue" description="">
     <TcExtensionArguments parameter="T8_RelationSecurity_DrawingItems"/>
   </TcExtensionAttach>
   <TcExtensionAttach extensionName="T8_TIAIsDeleteRelationAllowedAdvTech" operationName="IMAN_delete"
       isActive="true" extendableElementName="T8_CAE_Request" extendableElementType="Type"
       extensionPointType="PreCondition" conditionName="isTrue" description="">
     <TcExtensionArguments parameter="T8_RelationSecurity_CAEAT"/>
   </TcExtensionAttach>
   <TcExtensionAttach extensionName="T8_TIAIsDeleteRelationAllowedAdvTech" operationName="IMAN_delete"
       isActive="true" extendableElementName="T8_TI_Standards" extendableElementType="Type"
       extensionPointType="PreCondition" conditionName="isTrue" description="">
     <TcExtensionArguments parameter="T8_RelationSecurity_StandardsAT"/>
   </TcExtensionAttach>
   <TcExtensionAttach extensionName="T8_TIAIsDeleteRelationAllowedAdvTech" operationName="IMAN_delete"
       isActive="true" extendableElementName="TI_AltRepItems" extendableElementType="Type"
       extensionPointType="PreCondition" conditionName="isTrue" description="">
     <TcExtensionArguments parameter="T8_t1a_RelationSecurity_AltRepAT"/>
   </TcExtensionAttach>
   <TcExtensionAttach extensionName="T8_TIAIsDeleteRelationAllowedAdvTech" operationName="IMAN_delete"
       isActive="true" extendableElementName="T8_CMTIChangedForms" extendableElementType="Type"
       extensionPointType="PreCondition" conditionName="isTrue" description="">
     <TcExtensionArguments parameter="T8_t1a_RelationSecurity_ChgFrmAT"/>
   </TcExtensionAttach>
   <TcExtensionAttach extensionName="T8_TIAIsDeleteRelationAllowedAdvTech" operationName="IMAN_delete"
       isActive="true" extendableElementName="TI_Commercial" extendableElementType="Type"
       extensionPointType="PreCondition" conditionName="isTrue" description="">
     <TcExtensionArguments parameter="T8_t1a_RelationSecurity_CommAT"/>
   </TcExtensionAttach>
   <TcExtensionAttach extensionName="T8_TIAIsDeleteRelationAllowedAdvTech" operationName="IMAN_delete"
       isActive="true" extendableElementName="TI_CostForms" extendableElementType="Type"
       extensionPointType="PreCondition" conditionName="isTrue" description="">
     <TcExtensionArguments parameter="T8_t1a_RelationSecurity_CostFmAT"/>
   </TcExtensionAttach>
   <TcExtensionAttach extensionName="T8_TIAIsDeleteRelationAllowedAdvTech" operationName="IMAN_delete"
       isActive="true" extendableElementName="TI_Design" extendableElementType="Type"
       extensionPointType="PreCondition" conditionName="isTrue" description="">
     <TcExtensionArguments parameter="T8_t1a_RelationSecurity_DesignAT"/>
   </TcExtensionAttach>
   <TcExtensionAttach extensionName="T8_TIAIsDeleteRelationAllowedAdvTech" operationName="IMAN_delete"
       isActive="true" extendableElementName="TI_Materials" extendableElementType="Type"
       extensionPointType="PreCondition" conditionName="isTrue" description="">
     <TcExtensionArguments parameter="T8_t1a_RelationSecurity_MatAT"/>
   </TcExtensionAttach>
   <TcExtensionAttach extensionName="T8_TIAIsDeleteRelationAllowedAdvTech" operationName="IMAN_delete"
       isActive="true" extendableElementName="TI_Manufacturing" extendableElementType="Type"
       extensionPointType="PreCondition" conditionName="isTrue" description="">
     <TcExtensionArguments parameter="T8_t1a_RelationSecurity_MfgAT"/>
   </TcExtensionAttach>
   <TcExtensionAttach extensionName="T8_TIAIsDeleteRelationAllowedAdvTech" operationName="IMAN_delete"
       isActive="true" extendableElementName="TI_Purchasing" extendableElementType="Type"
       extensionPointType="PreCondition" conditionName="isTrue" description="">
     <TcExtensionArguments parameter="T8_t1a_RelationSecurity_PurchAT"/>
   </TcExtensionAttach>
   <TcExtensionAttach extensionName="T8_TIAIsDeleteRelationAllowedAdvTech" operationName="IMAN_delete"
       isActive="true" extendableElementName="TI_Quality" extendableElementType="Type"
       extensionPointType="PreCondition" conditionName="isTrue" description="">
     <TcExtensionArguments parameter="T8_t1a_RelationSecurity_QualtyAT"/>
   </TcExtensionAttach>
   <TcExtensionAttach extensionName="T8_TIAIsDeleteRelationAllowed_Soln_Item" operationName="IMAN_delete"
       isActive="true" extendableElementName="EC_solution_item_rel" extendableElementType="Type"
       extensionPointType="PreCondition" conditionName="isTrue" description="">
     <TcExtensionArguments parameter="t1a_RelationSecurity_ChangeFold"/>
   </TcExtensionAttach>
   <TcExtensionAttach extensionName="T8_TIAIsDeleteRelationAllowed_Soln_Item" operationName="IMAN_delete"
       isActive="true" extendableElementName="T8_CMTIDrawingItems" extendableElementType="Type"
       extensionPointType="PreCondition" conditionName="isTrue" description="">
     <TcExtensionArguments parameter="T8_RelationSecurity_DrawingItems"/>
   </TcExtensionAttach>
   <TcExtensionAttach extensionName="T8_TIAPartFamilyFormCreation" operationName="ITEM_create_rev"
       isActive="true" extendableElementName="TI_Product Revision" extendableElementType="Type"
       extensionPointType="PostAction" conditionName="isTrue" description="">
     <TcExtensionArguments parameter="T8_t1aPartFamilyCreation_Product"/>
   </TcExtensionAttach>
   <TcExtensionAttach extensionName="T8_TIAPartFamilyFormCreation" operationName="ITEM_create_rev"
       isActive="true" extendableElementName="TI_Program Revision" extendableElementType="Type"
       extensionPointType="PostAction" conditionName="isTrue" description="">
     <TcExtensionArguments parameter="T8_t1aPartFamilyCreation_Program"/>
   </TcExtensionAttach>
   <TcExtensionAttach extensionName="T8_TIAPartFamilyFormCreation" operationName="ITEM_create_rev"
       isActive="true" extendableElementName="TI_Tooling Revision" extendableElementType="Type"
       extensionPointType="PostAction" conditionName="isTrue" description="">
     <TcExtensionArguments parameter="T8_t1aPartFamilyCreation_Tooling"/>
   </TcExtensionAttach>
   <TcExtensionAttach extensionName="T8_TIAPopulateCAEAnalysisIRMForm" operationName="PROP_set_value_tag"
       isActive="true" propertyName="t8_AnalysisRequest" extendableElementName="T8_TICAEAnalysisRevisionMaster"
       extendableElementType="Type" extensionPointType="PostAction" conditionName="isTrue"
       description=""/>
   <TcExtensionAttach extensionName="T8_TIAPopulateChangeTimingForm" operationName="PROP_set_value_strings"
       isActive="true" propertyName="t8_193tiplant" extendableElementName="T8_TI_PMR"
       extendableElementType="Type" extensionPointType="PostAction" conditionName="isTrue"
       description=""/>
   <TcExtensionAttach extensionName="T8_TIAPopulateChangeTimingForm" operationName="PROP_set_value_strings"
       isActive="true" propertyName="t8_t1a190affectedplants" extendableElementName="T8_TI_CAP2"
       extendableElementType="Type" extensionPointType="PostAction" conditionName="isTrue"
       description=""/>
   <TcExtensionAttach extensionName="T8_TIARemoveFormAttributeValues" operationName="ITEM_copy_rev"
       isActive="true" extendableElementName="T8_TICAEAnalysisRevision" extendableElementType="Type"
       extensionPointType="PostAction" conditionName="isTrue" description=""/>
   <TcExtensionAttach extensionName="T8_TIARemoveFormAttributeValues" operationName="ITEM_copy_rev"
       isActive="true" extendableElementName="TI_Product Revision" extendableElementType="Type"
       extensionPointType="PostAction" conditionName="isTrue" description=""/>
   <TcExtensionAttach extensionName="T8_TIARemoveFormAttributeValuesSaveAs" operationName="ITEM_copy_rev_to_existing"
       isActive="true" extendableElementName="TI_Product Revision" extendableElementType="Type"
       extensionPointType="PostAction" conditionName="isTrue" description=""/>
   <TcExtensionAttach extensionName="T8_TIARemovePartnerCADImportAttrForm" operationName="ITEM_deep_copy"
       isActive="true" extendableElementName="ItemRevision" extendableElementType="Type"
       extensionPointType="PostAction" conditionName="isTrue" description=""/>
   <TcExtensionAttach extensionName="T8_TIARemovePartnerCADImportDSSaveAs" operationName="AE_save_dataset"
       isActive="true" extendableElementName="Dataset" extendableElementType="Type"
       extensionPointType="PostAction" conditionName="isTrue" description=""/>
   <TcExtensionAttach extensionName="T8_TIAUpdateBPC83AttrOnDeepCopy" operationName="ITEM_deep_copy"
       isActive="true" extendableElementName="TI_Product Revision" extendableElementType="Type"
       extensionPointType="PostAction" conditionName="isTrue" description="">
     <TcExtensionArguments parameter="T8_t1aPartFamilyCreation_Product"/>
   </TcExtensionAttach>
   <TcExtensionAttach extensionName="T8_TIAUpdateSupplierInfo" operationName="IMAN_save"
       isActive="true" extendableElementName="P_PPAP Revision Master" extendableElementType="Type"
       extensionPointType="PreAction" conditionName="isTrue" description=""/>
   <TcExtensionAttach extensionName="T8_TIAUpdateSupplierInfo" operationName="IMAN_save"
       isActive="true" extendableElementName="T8_TI_CCR2" extendableElementType="Type"
       extensionPointType="PreAction" conditionName="isTrue" description=""/>
   <TcExtensionAttach extensionName="T8_TIAUpdateSupplierInfo" operationName="IMAN_save"
       isActive="true" extendableElementName="T8_TI_PMR" extendableElementType="Type"
       extensionPointType="PreAction" conditionName="isTrue" description=""/>
   <TcExtensionAttach extensionName="T8_TIAUpdateSupplierInfo" operationName="IMAN_save"
       isActive="true" extendableElementName="T_SupplierCR Revision Master" extendableElementType="Type"
       extensionPointType="PreAction" conditionName="isTrue" description=""/>
   <TcExtensionAttach extensionName="T8_TIAUpdateSupplierInfo" operationName="IMAN_save"
       isActive="true" extendableElementName="TI_DEV" extendableElementType="Type"
       extensionPointType="PreAction" conditionName="isTrue" description=""/>
   <TcExtensionAttach extensionName="T8_TIAUpdateSupplierInfo" operationName="IMAN_save"
       isActive="true" extendableElementName="TI_DWGFormat Revision Master" extendableElementType="Type"
       extensionPointType="PreAction" conditionName="isTrue" description=""/>
   <TcExtensionAttach extensionName="T8_TIAUpdateSupplierInfo" operationName="IMAN_save"
       isActive="true" extendableElementName="TI_Prg_Variant Revision Master" extendableElementType="Type"
       extensionPointType="PreAction" conditionName="isTrue" description=""/>
   <TcExtensionAttach extensionName="T8_TIAUpdateSupplierInfo" operationName="IMAN_save"
       isActive="true" extendableElementName="TI_PurchasedCost" extendableElementType="Type"
       extensionPointType="PreAction" conditionName="isTrue" description=""/>
   <TcExtensionAttach extensionName="T8_TIAVerifyChangeFormAttachment" operationName="GRM_create"
       isActive="true" extendableElementName="TI_ChangedForms" extendableElementType="Type"
       extensionPointType="PreCondition" conditionName="isTrue" description=""/>
   <TcExtensionAttach extensionName="T8_TIAVerifyChangeFormRemoval" operationName="IMAN_delete"
       isActive="true" extendableElementName="TI_ChangedForms" extendableElementType="Type"
       extensionPointType="PreCondition" conditionName="isTrue" description=""/>
   <TcExtensionAttach extensionName="T8_TIAVerifyCreateDataset" operationName="GRM_create"
       isActive="true" extendableElementName="IMAN_specification" extendableElementType="Type"
       extensionPointType="PreCondition" conditionName="isTrue" description="">
     <TcExtensionArguments parameter="T8_t1aCADTypeAttachmentMapping"/>
   </TcExtensionAttach>
   <TcExtensionAttach extensionName="T8_TIAVerifyCreationOfAltIdOnRemoteObject" operationName="IDENTIFIER_create_alternate"
       isActive="true" extendableElementName="Identifier" extendableElementType="Type"
       extensionPointType="PreCondition" conditionName="isTrue" description=""/>
   <TcExtensionAttach extensionName="T8_TIAVerifyMRAAttributeValues" operationName="PROP_set_value_tags"
       isActive="true" propertyName="t8_120componentmra" extendableElementName="T8_TI_CAP"
       extendableElementType="Type" extensionPointType="PreCondition" conditionName="isTrue"
       description=""/>
   <TcExtensionAttach extensionName="T8_TIAVerifyMRAAttributeValues" operationName="PROP_set_value_tags"
       isActive="true" propertyName="t8_193componentmra" extendableElementName="T8_TI_PMR"
       extendableElementType="Type" extensionPointType="PreCondition" conditionName="isTrue"
       description=""/>
   <TcExtensionAttach extensionName="T8_TIAVerifyMRAAttributeValues" operationName="PROP_set_value_tags"
       isActive="true" propertyName="t8_193newtoplevelassembly" extendableElementName="T8_TI_PMR"
       extendableElementType="Type" extensionPointType="PreCondition" conditionName="isTrue"
       description=""/>
   <TcExtensionAttach extensionName="T8_TIAVerifyMRAAttributeValues" operationName="PROP_set_value_tags"
       isActive="true" propertyName="t8_193oldtoplevelassembly" extendableElementName="T8_TI_PMR"
       extendableElementType="Type" extensionPointType="PreCondition" conditionName="isTrue"
       description=""/>
   <TcExtensionAttach extensionName="T8_TIAVerifyMRAAttributeValues" operationName="PROP_set_value_tags"
       isActive="true" propertyName="t8_84componentmra" extendableElementName="TI_PMR"
       extendableElementType="Type" extensionPointType="PreCondition" conditionName="isTrue"
       description=""/>
   <TcExtensionAttach extensionName="T8_TIAVerifyMRAAttributeValues" operationName="PROP_set_value_tags"
       isActive="true" propertyName="t8_84newtoplevelassembly" extendableElementName="TI_PMR"
       extendableElementType="Type" extensionPointType="PreCondition" conditionName="isTrue"
       description=""/>
   <TcExtensionAttach extensionName="T8_TIAVerifyMRAAttributeValues" operationName="PROP_set_value_tags"
       isActive="true" propertyName="t8_84oldtoplevelassembly" extendableElementName="TI_PMR"
       extendableElementType="Type" extensionPointType="PreCondition" conditionName="isTrue"
       description=""/>
   <TcExtensionAttach extensionName="T8_TIAVerifyMRAAttributeValues" operationName="PROP_set_value_tags"
       isActive="true" propertyName="t8_t1a120newtoplevassembly" extendableElementName="T8_TI_CAP"
       extendableElementType="Type" extensionPointType="PreCondition" conditionName="isTrue"
       description=""/>
   <TcExtensionAttach extensionName="T8_TIAVerifyMRAAttributeValues" operationName="PROP_set_value_tags"
       isActive="true" propertyName="t8_t1a120oldtoplevassembly" extendableElementName="T8_TI_CAP"
       extendableElementType="Type" extensionPointType="PreCondition" conditionName="isTrue"
       description=""/>
   <TcExtensionAttach extensionName="T8_TIAVerifyMRAAttributeValues" operationName="PROP_set_value_tags"
       isActive="true" propertyName="t8_t1a190componentmra" extendableElementName="T8_TI_CAP2"
       extendableElementType="Type" extensionPointType="PreCondition" conditionName="isTrue"
       description=""/>
   <TcExtensionAttach extensionName="T8_TIAVerifyMRAAttributeValues" operationName="PROP_set_value_tags"
       isActive="true" propertyName="t8_t1a190newtoplevassembly" extendableElementName="T8_TI_CAP2"
       extendableElementType="Type" extensionPointType="PreCondition" conditionName="isTrue"
       description=""/>
   <TcExtensionAttach extensionName="T8_TIAVerifyMRAAttributeValues" operationName="PROP_set_value_tags"
       isActive="true" propertyName="t8_t1a190oldtoplevassembly" extendableElementName="T8_TI_CAP2"
       extendableElementType="Type" extensionPointType="PreCondition" conditionName="isTrue"
       description=""/>
   <TcExtensionAttach extensionName="T8_TIAVerifyMRAAttributeValues" operationName="PROP_set_value_tags"
       isActive="true" propertyName="t8_t1a201acdcollapsedassemb" extendableElementName="T8_TI_TPR"
       extendableElementType="Type" extensionPointType="PreCondition" conditionName="isTrue"
       description=""/>
   <TcExtensionAttach extensionName="T8_TIAVerifyMRAAttributeValues" operationName="PROP_set_value_tags"
       isActive="true" propertyName="t8_t1a201componentacd" extendableElementName="T8_TI_TPR"
       extendableElementType="Type" extensionPointType="PreCondition" conditionName="isTrue"
       description=""/>
   <TcExtensionAttach extensionName="T8_TIAVerifyMRAAttributeValues" operationName="PROP_set_value_tags"
       isActive="true" propertyName="t8_t1a201newacdassembly" extendableElementName="T8_TI_TPR"
       extendableElementType="Type" extensionPointType="PreCondition" conditionName="isTrue"
       description=""/>
   <TcExtensionAttach extensionName="T8_TIAVerifyMRAAttributeValues" operationName="PROP_set_value_tags"
       isActive="true" propertyName="t8_t1a201oldtoplevassembly" extendableElementName="T8_TI_TPR"
       extendableElementType="Type" extensionPointType="PreCondition" conditionName="isTrue"
       description=""/>
   <TcExtensionAttach extensionName="T8_TIAVerifyMRAAttributeValues" operationName="PROP_set_value_tags"
       isActive="true" propertyName="t8_t1a205componentmra" extendableElementName="T8_TI_TER"
       extendableElementType="Type" extensionPointType="PreCondition" conditionName="isTrue"
       description=""/>
   <TcExtensionAttach extensionName="T8_TIAVerifyMRAAttributeValues" operationName="PROP_set_value_tags"
       isActive="true" propertyName="t8_t1a205mracollapsedassemb" extendableElementName="T8_TI_TER"
       extendableElementType="Type" extensionPointType="PreCondition" conditionName="isTrue"
       description=""/>
   <TcExtensionAttach extensionName="T8_TIAVerifyMRAAttributeValues" operationName="PROP_set_value_tags"
       isActive="true" propertyName="t8_t1a205newacdassembly" extendableElementName="T8_TI_TER"
       extendableElementType="Type" extensionPointType="PreCondition" conditionName="isTrue"
       description=""/>
   <TcExtensionAttach extensionName="T8_TIAVerifyMRAAttributeValues" operationName="PROP_set_value_tags"
       isActive="true" propertyName="t8_t1a205oldtoplevassembly" extendableElementName="T8_TI_TER"
       extendableElementType="Type" extensionPointType="PreCondition" conditionName="isTrue"
       description=""/>
   <TcExtensionAttach extensionName="T8_TIAVerifyProdSecObjRemoval" operationName="IMAN_delete"
       isActive="true" extendableElementName="IMAN_specification" extendableElementType="Type"
       extensionPointType="PreCondition" conditionName="isTrue" description=""/>
   <TcExtensionAttach extensionName="TIACheckNonDocumentITRStatus" operationName="GRM_create"
       isActive="true" extendableElementName="EC_affected_item_rel" extendableElementType="Type"
       extensionPointType="PreCondition" conditionName="isTrue" description=""/>
   <TcExtensionAttach extensionName="TIACheckNonDocumentITRStatus" operationName="GRM_create"
       isActive="true" extendableElementName="EC_solution_item_rel" extendableElementType="Type"
       extensionPointType="PreCondition" conditionName="isTrue" description=""/>
   <TcExtensionAttach extensionName="TIAIsCreateRelationAllowed" operationName="GRM_create"
       isActive="true" extendableElementName="TI_AltRepItems" extendableElementType="Type"
       extensionPointType="PreCondition" conditionName="isTrue" description="">
     <TcExtensionArguments parameter="t1a_RelationSecurity_AltRepItems"/>
   </TcExtensionAttach>
   <TcExtensionAttach extensionName="TIAIsCreateRelationAllowed" operationName="GRM_create"
       isActive="true" extendableElementName="TI_ChangedForms" extendableElementType="Type"
       extensionPointType="PreCondition" conditionName="isTrue" description="">
     <TcExtensionArguments parameter="t1a_RelationSecurity_ChangedForm"/>
   </TcExtensionAttach>
   <TcExtensionAttach extensionName="TIAIsCreateRelationAllowed" operationName="GRM_create"
       isActive="true" extendableElementName="EC_affected_item_rel" extendableElementType="Type"
       extensionPointType="PreCondition" conditionName="isTrue" description="">
     <TcExtensionArguments parameter="t1a_RelationSecurity_ChangeFold"/>
   </TcExtensionAttach>
   <TcExtensionAttach extensionName="TIAIsCreateRelationAllowed" operationName="GRM_create"
       isActive="true" extendableElementName="TI_Commercial" extendableElementType="Type"
       extensionPointType="PreCondition" conditionName="isTrue" description="">
     <TcExtensionArguments parameter="t1a_RelationSecurity_Commercial"/>
   </TcExtensionAttach>
   <TcExtensionAttach extensionName="TIAIsCreateRelationAllowed" operationName="GRM_create"
       isActive="true" extendableElementName="TI_CostForms" extendableElementType="Type"
       extensionPointType="PreCondition" conditionName="isTrue" description="">
     <TcExtensionArguments parameter="t1a_RelationSecurity_CostForms"/>
   </TcExtensionAttach>
   <TcExtensionAttach extensionName="TIAIsCreateRelationAllowed" operationName="GRM_create"
       isActive="true" extendableElementName="TI_Design" extendableElementType="Type"
       extensionPointType="PreCondition" conditionName="isTrue" description="">
     <TcExtensionArguments parameter="t1a_RelationSecurity_Design"/>
   </TcExtensionAttach>
   <TcExtensionAttach extensionName="TIAIsCreateRelationAllowed" operationName="GRM_create"
       isActive="true" extendableElementName="TI_Engineering" extendableElementType="Type"
       extensionPointType="PreCondition" conditionName="isTrue" description="">
     <TcExtensionArguments parameter="t1a_RelationSecurity_Engineering"/>
   </TcExtensionAttach>
   <TcExtensionAttach extensionName="TIAIsCreateRelationAllowed" operationName="GRM_create"
       isActive="true" extendableElementName="TI_Materials" extendableElementType="Type"
       extensionPointType="PreCondition" conditionName="isTrue" description="">
     <TcExtensionArguments parameter="t1a_RelationSecurity_Materials"/>
   </TcExtensionAttach>
   <TcExtensionAttach extensionName="TIAIsCreateRelationAllowed" operationName="GRM_create"
       isActive="true" extendableElementName="TI_Manufacturing" extendableElementType="Type"
       extensionPointType="PreCondition" conditionName="isTrue" description="">
     <TcExtensionArguments parameter="t1a_RelationSecurity_Mfg"/>
   </TcExtensionAttach>
   <TcExtensionAttach extensionName="TIAIsCreateRelationAllowed" operationName="GRM_create"
       isActive="true" extendableElementName="TI_Purchasing" extendableElementType="Type"
       extensionPointType="PreCondition" conditionName="isTrue" description="">
     <TcExtensionArguments parameter="t1a_RelationSecurity_Purchasing"/>
   </TcExtensionAttach>
   <TcExtensionAttach extensionName="TIAIsCreateRelationAllowed" operationName="GRM_create"
       isActive="true" extendableElementName="TI_Quality" extendableElementType="Type"
       extensionPointType="PreCondition" conditionName="isTrue" description="">
     <TcExtensionArguments parameter="t1a_RelationSecurity_Quality"/>
   </TcExtensionAttach>
   <TcExtensionAttach extensionName="TIAIsCreateRelationAllowed" operationName="GRM_create"
       isActive="true" extendableElementName="TI_Validation" extendableElementType="Type"
       extensionPointType="PreCondition" conditionName="isTrue" description="">
     <TcExtensionArguments parameter="t1a_RelationSecurity_Validation"/>
   </TcExtensionAttach>
   <TcExtensionAttach extensionName="TIAIsCreateRelationAllowed" operationName="GRM_create"
       isActive="true" extendableElementName="T8_CAE_Request" extendableElementType="Type"
       extensionPointType="PreCondition" conditionName="isTrue" description="">
     <TcExtensionArguments parameter="T8_RelationSecurity_CAE"/>
   </TcExtensionAttach>
   <TcExtensionAttach extensionName="TIAIsCreateRelationAllowed" operationName="GRM_create"
       isActive="true" extendableElementName="T8_TI_Standards" extendableElementType="Type"
       extensionPointType="PreCondition" conditionName="isTrue" description="">
     <TcExtensionArguments parameter="T8_RelationSecurity_Standards"/>
   </TcExtensionAttach>
   <TcExtensionAttach extensionName="TIAIsCreateRelationAllowed" operationName="GRM_create"
       isActive="true" extendableElementName="T8_TI_Partner" extendableElementType="Type"
       extensionPointType="PreCondition" conditionName="isTrue" description="">
     <TcExtensionArguments parameter="T8_t1a_RelationSecurity_Partner"/>
   </TcExtensionAttach>
   <TcExtensionAttach extensionName="TIAIsDeleteRelationAllowed" operationName="IMAN_delete"
       isActive="true" extendableElementName="TI_AltRepItems" extendableElementType="Type"
       extensionPointType="PreCondition" conditionName="isTrue" description="">
     <TcExtensionArguments parameter="t1a_RelationSecurity_AltRepItems"/>
   </TcExtensionAttach>
   <TcExtensionAttach extensionName="TIAIsDeleteRelationAllowed" operationName="IMAN_delete"
       isActive="true" extendableElementName="TI_ChangedForms" extendableElementType="Type"
       extensionPointType="PreCondition" conditionName="isTrue" description="">
     <TcExtensionArguments parameter="t1a_RelationSecurity_ChangedForm"/>
   </TcExtensionAttach>
   <TcExtensionAttach extensionName="TIAIsDeleteRelationAllowed" operationName="IMAN_delete"
       isActive="true" extendableElementName="EC_affected_item_rel" extendableElementType="Type"
       extensionPointType="PreCondition" conditionName="isTrue" description="">
     <TcExtensionArguments parameter="t1a_RelationSecurity_ChangeFold"/>
   </TcExtensionAttach>
   <TcExtensionAttach extensionName="TIAIsDeleteRelationAllowed" operationName="IMAN_delete"
       isActive="true" extendableElementName="TI_Commercial" extendableElementType="Type"
       extensionPointType="PreCondition" conditionName="isTrue" description="">
     <TcExtensionArguments parameter="t1a_RelationSecurity_Commercial"/>
   </TcExtensionAttach>
   <TcExtensionAttach extensionName="TIAIsDeleteRelationAllowed" operationName="IMAN_delete"
       isActive="true" extendableElementName="TI_CostForms" extendableElementType="Type"
       extensionPointType="PreCondition" conditionName="isTrue" description="">
     <TcExtensionArguments parameter="t1a_RelationSecurity_CostForms"/>
   </TcExtensionAttach>
   <TcExtensionAttach extensionName="TIAIsDeleteRelationAllowed" operationName="IMAN_delete"
       isActive="true" extendableElementName="TI_Design" extendableElementType="Type"
       extensionPointType="PreCondition" conditionName="isTrue" description="">
     <TcExtensionArguments parameter="t1a_RelationSecurity_Design"/>
   </TcExtensionAttach>
   <TcExtensionAttach extensionName="TIAIsDeleteRelationAllowed" operationName="IMAN_delete"
       isActive="true" extendableElementName="TI_Engineering" extendableElementType="Type"
       extensionPointType="PreCondition" conditionName="isTrue" description="">
     <TcExtensionArguments parameter="t1a_RelationSecurity_Engineering"/>
   </TcExtensionAttach>
   <TcExtensionAttach extensionName="TIAIsDeleteRelationAllowed" operationName="IMAN_delete"
       isActive="true" extendableElementName="TI_Materials" extendableElementType="Type"
       extensionPointType="PreCondition" conditionName="isTrue" description="">
     <TcExtensionArguments parameter="t1a_RelationSecurity_Materials"/>
   </TcExtensionAttach>
   <TcExtensionAttach extensionName="TIAIsDeleteRelationAllowed" operationName="IMAN_delete"
       isActive="true" extendableElementName="TI_Manufacturing" extendableElementType="Type"
       extensionPointType="PreCondition" conditionName="isTrue" description="">
     <TcExtensionArguments parameter="t1a_RelationSecurity_Mfg"/>
   </TcExtensionAttach>
   <TcExtensionAttach extensionName="TIAIsDeleteRelationAllowed" operationName="IMAN_delete"
       isActive="true" extendableElementName="TI_Purchasing" extendableElementType="Type"
       extensionPointType="PreCondition" conditionName="isTrue" description="">
     <TcExtensionArguments parameter="t1a_RelationSecurity_Purchasing"/>
   </TcExtensionAttach>
   <TcExtensionAttach extensionName="TIAIsDeleteRelationAllowed" operationName="IMAN_delete"
       isActive="true" extendableElementName="TI_Quality" extendableElementType="Type"
       extensionPointType="PreCondition" conditionName="isTrue" description="">
     <TcExtensionArguments parameter="t1a_RelationSecurity_Quality"/>
   </TcExtensionAttach>
   <TcExtensionAttach extensionName="TIAIsDeleteRelationAllowed" operationName="IMAN_delete"
       isActive="true" extendableElementName="TI_Validation" extendableElementType="Type"
       extensionPointType="PreCondition" conditionName="isTrue" description="">
     <TcExtensionArguments parameter="t1a_RelationSecurity_Validation"/>
   </TcExtensionAttach>
   <TcExtensionAttach extensionName="TIAIsDeleteRelationAllowed" operationName="IMAN_delete"
       isActive="true" extendableElementName="T8_CAE_Request" extendableElementType="Type"
       extensionPointType="PreCondition" conditionName="isTrue" description="">
     <TcExtensionArguments parameter="T8_RelationSecurity_CAE"/>
   </TcExtensionAttach>
   <TcExtensionAttach extensionName="TIAIsDeleteRelationAllowed" operationName="IMAN_delete"
       isActive="true" extendableElementName="IMAN_specification" extendableElementType="Type"
       extensionPointType="PreCondition" conditionName="isTrue" description="">
     <TcExtensionArguments parameter="T8_RelationSecurity_ItemRevision"/>
   </TcExtensionAttach>
   <TcExtensionAttach extensionName="TIAIsDeleteRelationAllowed" operationName="IMAN_delete"
       isActive="true" extendableElementName="T8_TI_Standards" extendableElementType="Type"
       extensionPointType="PreCondition" conditionName="isTrue" description="">
     <TcExtensionArguments parameter="T8_RelationSecurity_Standards"/>
   </TcExtensionAttach>
   <TcExtensionAttach extensionName="TIAIsDeleteRelationAllowed" operationName="IMAN_delete"
       isActive="true" extendableElementName="T8_TI_Partner" extendableElementType="Type"
       extensionPointType="PreCondition" conditionName="isTrue" description="">
     <TcExtensionArguments parameter="T8_t1a_RelationSecurity_Partner"/>
   </TcExtensionAttach>
   <TcExtensionAttach extensionName="TIAPreventDeleteRelation" operationName="IMAN_delete"
       isActive="true" extendableElementName="EC_affected_item_rel" extendableElementType="Type"
       extensionPointType="PreCondition" conditionName="isTrue" description=""/>
   <TcExtensionAttach extensionName="TIAPreventDeleteRelation" operationName="IMAN_delete"
       isActive="true" extendableElementName="EC_problem_item_rel" extendableElementType="Type"
       extensionPointType="PreCondition" conditionName="isTrue" description=""/>
   <TcExtensionAttach extensionName="TIAPreventDeleteRelation" operationName="IMAN_delete"
       isActive="true" extendableElementName="EC_solution_item_rel" extendableElementType="Type"
       extensionPointType="PreCondition" conditionName="isTrue" description=""/>
   <TcExtensionAttach extensionName="TIAPreventDeleteRelation" operationName="IMAN_delete"
       isActive="true" extendableElementName="T8_CMTIDrawingItems" extendableElementType="Type"
       extensionPointType="PreCondition" conditionName="isTrue" description=""/>
   <TcExtensionAttach extensionName="TIAPreventPrematureRelation" operationName="GRM_create"
       isActive="true" extendableElementName="EC_affected_item_rel" extendableElementType="Type"
       extensionPointType="PreCondition" conditionName="isTrue" description=""/>
   <TcExtensionAttach extensionName="TIAPreventPrematureRelation" operationName="GRM_create"
       isActive="true" extendableElementName="EC_problem_item_rel" extendableElementType="Type"
       extensionPointType="PreCondition" conditionName="isTrue" description=""/>
   <TcExtensionAttach extensionName="TIAPreventPrematureRelation" operationName="GRM_create"
       isActive="true" extendableElementName="EC_solution_item_rel" extendableElementType="Type"
       extensionPointType="PreCondition" conditionName="isTrue" description=""/>
   <TcExtensionAttach extensionName="TIAPreventPrematureRelation" operationName="GRM_create"
       isActive="true" extendableElementName="T8_CMTIDrawingItems" extendableElementType="Type"
       extensionPointType="PreCondition" conditionName="isTrue" description=""/>
   <TcExtensionAttach extensionName="TIAVerifyCreateCheckout" operationName="GRM_create"
       isActive="true" extendableElementName="3DMarkup" extendableElementType="Type"
       extensionPointType="PreCondition" conditionName="isTrue" description=""/>
   <TcExtensionAttach extensionName="TIAVerifyCreateCheckout" operationName="GRM_create"
       isActive="true" extendableElementName="DMI_markup" extendableElementType="Type"
       extensionPointType="PreCondition" conditionName="isTrue" description=""/>
   <TcExtensionAttach extensionName="TIAVerifyCreateCheckout" operationName="GRM_create"
       isActive="true" extendableElementName="EC_addressed_by_rel" extendableElementType="Type"
       extensionPointType="PreCondition" conditionName="isTrue" description=""/>
   <TcExtensionAttach extensionName="TIAVerifyCreateCheckout" operationName="GRM_create"
       isActive="true" extendableElementName="EC_affected_item_rel" extendableElementType="Type"
       extensionPointType="PreCondition" conditionName="isTrue" description=""/>
   <TcExtensionAttach extensionName="TIAVerifyCreateCheckout" operationName="GRM_create"
       isActive="true" extendableElementName="EC_problem_item_rel" extendableElementType="Type"
       extensionPointType="PreCondition" conditionName="isTrue" description=""/>
   <TcExtensionAttach extensionName="TIAVerifyCreateCheckout" operationName="GRM_create"
       isActive="true" extendableElementName="EC_reference_item_rel" extendableElementType="Type"
       extensionPointType="PreCondition" conditionName="isTrue" description=""/>
   <TcExtensionAttach extensionName="TIAVerifyCreateCheckout" operationName="GRM_create"
       isActive="true" extendableElementName="EC_solution_item_rel" extendableElementType="Type"
       extensionPointType="PreCondition" conditionName="isTrue" description=""/>
   <TcExtensionAttach extensionName="TIAVerifyCreateCheckout" operationName="GRM_create"
       isActive="true" extendableElementName="IMAN_manifestation" extendableElementType="Type"
       extensionPointType="PreCondition" conditionName="isTrue" description=""/>
   <TcExtensionAttach extensionName="TIAVerifyCreateCheckout" operationName="GRM_create"
       isActive="true" extendableElementName="IMAN_reference" extendableElementType="Type"
       extensionPointType="PreCondition" conditionName="isTrue" description=""/>
   <TcExtensionAttach extensionName="TIAVerifyCreateCheckout" operationName="GRM_create"
       isActive="true" extendableElementName="T8_CAE_Request" extendableElementType="Type"
       extensionPointType="PreCondition" conditionName="isTrue" description=""/>
   <TcExtensionAttach extensionName="TIAVerifyCreateCheckout" operationName="GRM_create"
       isActive="true" extendableElementName="T8_CMTIDrawingItems" extendableElementType="Type"
       extensionPointType="PreCondition" conditionName="isTrue" description=""/>
   <TcExtensionAttach extensionName="TIAVerifyCreateCheckout" operationName="GRM_create"
       isActive="true" extendableElementName="T8_TI_Partner" extendableElementType="Type"
       extensionPointType="PreCondition" conditionName="isTrue" description=""/>
   <TcExtensionAttach extensionName="TIAVerifyCreateCheckout" operationName="GRM_create"
       isActive="true" extendableElementName="T8_TI_Standards" extendableElementType="Type"
       extensionPointType="PreCondition" conditionName="isTrue" description=""/>
   <TcExtensionAttach extensionName="TIAVerifyCreateCheckout" operationName="GRM_create"
       isActive="true" extendableElementName="TI_AltRepItems" extendableElementType="Type"
       extensionPointType="PreCondition" conditionName="isTrue" description=""/>
   <TcExtensionAttach extensionName="TIAVerifyCreateCheckout" operationName="GRM_create"
       isActive="true" extendableElementName="TI_ChangedForms" extendableElementType="Type"
       extensionPointType="PreCondition" conditionName="isTrue" description=""/>
   <TcExtensionAttach extensionName="TIAVerifyCreateCheckout" operationName="GRM_create"
       isActive="true" extendableElementName="TI_Commercial" extendableElementType="Type"
       extensionPointType="PreCondition" conditionName="isTrue" description=""/>
   <TcExtensionAttach extensionName="TIAVerifyCreateCheckout" operationName="GRM_create"
       isActive="true" extendableElementName="TI_CostForms" extendableElementType="Type"
       extensionPointType="PreCondition" conditionName="isTrue" description=""/>
   <TcExtensionAttach extensionName="TIAVerifyCreateCheckout" operationName="GRM_create"
       isActive="true" extendableElementName="TI_Design" extendableElementType="Type"
       extensionPointType="PreCondition" conditionName="isTrue" description=""/>
   <TcExtensionAttach extensionName="TIAVerifyCreateCheckout" operationName="GRM_create"
       isActive="true" extendableElementName="TI_DocProdRevisions" extendableElementType="Type"
       extensionPointType="PreCondition" conditionName="isTrue" description=""/>
   <TcExtensionAttach extensionName="TIAVerifyCreateCheckout" operationName="GRM_create"
       isActive="true" extendableElementName="TI_Engineering" extendableElementType="Type"
       extensionPointType="PreCondition" conditionName="isTrue" description=""/>
   <TcExtensionAttach extensionName="TIAVerifyCreateCheckout" operationName="GRM_create"
       isActive="true" extendableElementName="TI_Manufacturing" extendableElementType="Type"
       extensionPointType="PreCondition" conditionName="isTrue" description=""/>
   <TcExtensionAttach extensionName="TIAVerifyCreateCheckout" operationName="GRM_create"
       isActive="true" extendableElementName="TI_Materials" extendableElementType="Type"
       extensionPointType="PreCondition" conditionName="isTrue" description=""/>
   <TcExtensionAttach extensionName="TIAVerifyCreateCheckout" operationName="GRM_create"
       isActive="true" extendableElementName="TI_Purchasing" extendableElementType="Type"
       extensionPointType="PreCondition" conditionName="isTrue" description=""/>
   <TcExtensionAttach extensionName="TIAVerifyCreateCheckout" operationName="GRM_create"
       isActive="true" extendableElementName="TI_Quality" extendableElementType="Type"
       extensionPointType="PreCondition" conditionName="isTrue" description=""/>
   <TcExtensionAttach extensionName="TIAVerifyCreateCheckout" operationName="GRM_create"
       isActive="true" extendableElementName="TI_Validation" extendableElementType="Type"
       extensionPointType="PreCondition" conditionName="isTrue" description=""/>
   <TcExtensionAttach extensionName="TIAVerifyDeleteCheckout" operationName="IMAN_delete"
       isActive="true" extendableElementName="3DMarkup" extendableElementType="Type"
       extensionPointType="PreCondition" conditionName="isTrue" description=""/>
   <TcExtensionAttach extensionName="TIAVerifyDeleteCheckout" operationName="IMAN_delete"
       isActive="true" extendableElementName="DMI_markup" extendableElementType="Type"
       extensionPointType="PreCondition" conditionName="isTrue" description=""/>
   <TcExtensionAttach extensionName="TIAVerifyDeleteCheckout" operationName="IMAN_delete"
       isActive="true" extendableElementName="EC_addressed_by_rel" extendableElementType="Type"
       extensionPointType="PreCondition" conditionName="isTrue" description=""/>
   <TcExtensionAttach extensionName="TIAVerifyDeleteCheckout" operationName="IMAN_delete"
       isActive="true" extendableElementName="EC_affected_item_rel" extendableElementType="Type"
       extensionPointType="PreCondition" conditionName="isTrue" description=""/>
   <TcExtensionAttach extensionName="TIAVerifyDeleteCheckout" operationName="IMAN_delete"
       isActive="true" extendableElementName="EC_problem_item_rel" extendableElementType="Type"
       extensionPointType="PreCondition" conditionName="isTrue" description=""/>
   <TcExtensionAttach extensionName="TIAVerifyDeleteCheckout" operationName="IMAN_delete"
       isActive="true" extendableElementName="EC_reference_item_rel" extendableElementType="Type"
       extensionPointType="PreCondition" conditionName="isTrue" description=""/>
   <TcExtensionAttach extensionName="TIAVerifyDeleteCheckout" operationName="IMAN_delete"
       isActive="true" extendableElementName="EC_solution_item_rel" extendableElementType="Type"
       extensionPointType="PreCondition" conditionName="isTrue" description=""/>
   <TcExtensionAttach extensionName="TIAVerifyDeleteCheckout" operationName="IMAN_delete"
       isActive="true" extendableElementName="IMAN_manifestation" extendableElementType="Type"
       extensionPointType="PreCondition" conditionName="isTrue" description=""/>
   <TcExtensionAttach extensionName="TIAVerifyDeleteCheckout" operationName="IMAN_delete"
       isActive="true" extendableElementName="IMAN_reference" extendableElementType="Type"
       extensionPointType="PreCondition" conditionName="isTrue" description=""/>
   <TcExtensionAttach extensionName="TIAVerifyDeleteCheckout" operationName="IMAN_delete"
       isActive="true" extendableElementName="IMAN_Rendering" extendableElementType="Type"
       extensionPointType="PreCondition" conditionName="isTrue" description=""/>
   <TcExtensionAttach extensionName="TIAVerifyDeleteCheckout" operationName="IMAN_delete"
       isActive="true" extendableElementName="IMAN_specification" extendableElementType="Type"
       extensionPointType="PreCondition" conditionName="isTrue" description=""/>
   <TcExtensionAttach extensionName="TIAVerifyDeleteCheckout" operationName="IMAN_delete"
       isActive="true" extendableElementName="T8_CAE_Request" extendableElementType="Type"
       extensionPointType="PreCondition" conditionName="isTrue" description=""/>
   <TcExtensionAttach extensionName="TIAVerifyDeleteCheckout" operationName="IMAN_delete"
       isActive="true" extendableElementName="T8_CMTIDrawingItems" extendableElementType="Type"
       extensionPointType="PreCondition" conditionName="isTrue" description=""/>
   <TcExtensionAttach extensionName="TIAVerifyDeleteCheckout" operationName="IMAN_delete"
       isActive="true" extendableElementName="T8_TI_Partner" extendableElementType="Type"
       extensionPointType="PreCondition" conditionName="isTrue" description=""/>
   <TcExtensionAttach extensionName="TIAVerifyDeleteCheckout" operationName="IMAN_delete"
       isActive="true" extendableElementName="T8_TI_Standards" extendableElementType="Type"
       extensionPointType="PreCondition" conditionName="isTrue" description=""/>
   <TcExtensionAttach extensionName="TIAVerifyDeleteCheckout" operationName="IMAN_delete"
       isActive="true" extendableElementName="TI_AltRepItems" extendableElementType="Type"
       extensionPointType="PreCondition" conditionName="isTrue" description=""/>
   <TcExtensionAttach extensionName="TIAVerifyDeleteCheckout" operationName="IMAN_delete"
       isActive="true" extendableElementName="TI_ChangedForms" extendableElementType="Type"
       extensionPointType="PreCondition" conditionName="isTrue" description=""/>
   <TcExtensionAttach extensionName="TIAVerifyDeleteCheckout" operationName="IMAN_delete"
       isActive="true" extendableElementName="TI_Commercial" extendableElementType="Type"
       extensionPointType="PreCondition" conditionName="isTrue" description=""/>
   <TcExtensionAttach extensionName="TIAVerifyDeleteCheckout" operationName="IMAN_delete"
       isActive="true" extendableElementName="TI_CostForms" extendableElementType="Type"
       extensionPointType="PreCondition" conditionName="isTrue" description=""/>
   <TcExtensionAttach extensionName="TIAVerifyDeleteCheckout" operationName="IMAN_delete"
       isActive="true" extendableElementName="TI_Design" extendableElementType="Type"
       extensionPointType="PreCondition" conditionName="isTrue" description=""/>
   <TcExtensionAttach extensionName="TIAVerifyDeleteCheckout" operationName="IMAN_delete"
       isActive="true" extendableElementName="TI_DocProdRevisions" extendableElementType="Type"
       extensionPointType="PreCondition" conditionName="isTrue" description=""/>
   <TcExtensionAttach extensionName="TIAVerifyDeleteCheckout" operationName="IMAN_delete"
       isActive="true" extendableElementName="TI_Engineering" extendableElementType="Type"
       extensionPointType="PreCondition" conditionName="isTrue" description=""/>
   <TcExtensionAttach extensionName="TIAVerifyDeleteCheckout" operationName="IMAN_delete"
       isActive="true" extendableElementName="TI_Manufacturing" extendableElementType="Type"
       extensionPointType="PreCondition" conditionName="isTrue" description=""/>
   <TcExtensionAttach extensionName="TIAVerifyDeleteCheckout" operationName="IMAN_delete"
       isActive="true" extendableElementName="TI_Materials" extendableElementType="Type"
       extensionPointType="PreCondition" conditionName="isTrue" description=""/>
   <TcExtensionAttach extensionName="TIAVerifyDeleteCheckout" operationName="IMAN_delete"
       isActive="true" extendableElementName="TI_Purchasing" extendableElementType="Type"
       extensionPointType="PreCondition" conditionName="isTrue" description=""/>
   <TcExtensionAttach extensionName="TIAVerifyDeleteCheckout" operationName="IMAN_delete"
       isActive="true" extendableElementName="TI_Quality" extendableElementType="Type"
       extensionPointType="PreCondition" conditionName="isTrue" description=""/>
   <TcExtensionAttach extensionName="TIAVerifyDeleteCheckout" operationName="IMAN_delete"
       isActive="true" extendableElementName="TI_Validation" extendableElementType="Type"
       extensionPointType="PreCondition" conditionName="isTrue" description=""/>
   <TcExtensionAttach extensionName="T8_TIAIsCreateRelationAllowed_Soln_ItemAdvTech"
       operationName="GRM_create" isActive="true" extendableElementName="T8_CMTIDrawingItems"
       extendableElementType="Type" extensionPointType="PreCondition" conditionName="isTrue"
       description="">
     <TcExtensionArguments parameter="T8_RelationSecurity_DrwItemAT"/>
   </TcExtensionAttach>
   <TcExtensionAttach extensionName="T8_TIAIsCreateRelationAllowed_Soln_ItemAdvTech"
       operationName="GRM_create" isActive="true" extendableElementName="CMHasImpactedItem"
       extendableElementType="Type" extensionPointType="PreCondition" conditionName="isTrue"
       description="">
     <TcExtensionArguments parameter="T8_t1a_RelationSecurity_ChgFolAT"/>
   </TcExtensionAttach>
   <TcExtensionAttach extensionName="T8_TIAIsCreateRelationAllowed_Soln_ItemAdvTech"
       operationName="GRM_create" isActive="true" extendableElementName="CMHasSolutionItem"
       extendableElementType="Type" extensionPointType="PreCondition" conditionName="isTrue"
       description="">
     <TcExtensionArguments parameter="T8_t1a_RelationSecurity_ChgFolAT"/>
   </TcExtensionAttach>
   <TcExtensionAttach extensionName="T8_TIAIsCreateRelationAllowed_Soln_ItemAdvTech"
       operationName="GRM_create" isActive="true" extendableElementName="T8_CMTIChangedForms"
       extendableElementType="Type" extensionPointType="PreCondition" conditionName="isTrue"
       description="">
     <TcExtensionArguments parameter="T8_t1a_RelationSecurity_ChgFrmAT"/>
   </TcExtensionAttach>
   <TcExtensionAttach extensionName="T8_TIAIsDeleteRelationAllowed_Soln_ItemAdvTech"
       operationName="IMAN_delete" isActive="true" extendableElementName="T8_CMTIDrawingItems"
       extendableElementType="Type" extensionPointType="PreCondition" conditionName="isTrue"
       description="">
     <TcExtensionArguments parameter="T8_RelationSecurity_DrwItemAT"/>
   </TcExtensionAttach>
   <TcExtensionAttach extensionName="T8_TIAIsDeleteRelationAllowed_Soln_ItemAdvTech"
       operationName="IMAN_delete" isActive="true" extendableElementName="CMHasImpactedItem"
       extendableElementType="Type" extensionPointType="PreCondition" conditionName="isTrue"
       description="">
     <TcExtensionArguments parameter="T8_t1a_RelationSecurity_ChgFolAT"/>
   </TcExtensionAttach>
   <TcExtensionAttach extensionName="T8_TIAIsDeleteRelationAllowed_Soln_ItemAdvTech"
       operationName="IMAN_delete" isActive="true" extendableElementName="CMHasSolutionItem"
       extendableElementType="Type" extensionPointType="PreCondition" conditionName="isTrue"
       description="">
     <TcExtensionArguments parameter="T8_t1a_RelationSecurity_ChgFolAT"/>
   </TcExtensionAttach>
   <TcExtensionAttach extensionName="T8_TIAVerifyReleasedStatusAdvTech" operationName="GRM_create"
       isActive="true" extendableElementName="TI_DocProdRevisions" extendableElementType="Type"
       extensionPointType="PreCondition" conditionName="isTrue" description=""/>
   <TcLOV name="T8_RelationSecurity_CAEAT" lovType="ListOfValuesString" usage="Exhaustive"
       description="">
     <TcLOVValue value="*::*::Application Engineer" description="" conditionName="isTrue"/>
     <TcLOVValue value="*::*::DBA" description="" conditionName="isTrue"/>
   </TcLOV>
   <TcLOV name="T8_RelationSecurity_ItemRevAT" lovType="ListOfValuesString" usage="Exhaustive"
       description="">
     <TcLOVValue value="*::*::Application Engineer" description="" conditionName="isTrue"/>
     <TcLOVValue value="*::TI_ManufacturedCost::Process Engineer" description="" conditionName="isTrue"/>
     <TcLOVValue value="*::TI_PurchasedCost::Buyer" description="" conditionName="isTrue"/>
     <TcLOVValue value="*::*::Design Manager" description="" conditionName="isTrue"/>
     <TcLOVValue value="*::*::Designer" description="" conditionName="isTrue"/>
     <TcLOVValue value="*::*::DBA" description="" conditionName="isTrue"/>
     <TcLOVValue value="TI_Document Revision::*::*" description="" conditionName="isTrue"/>
     <TcLOVValue value="ItemRevision::*::Materials Engineer" description="" conditionName="isTrue"/>
   </TcLOV>
   <TcLOV name="T8_t1a_RelationSecurity_ChgFrmAT" lovType="ListOfValuesString" usage="Exhaustive"
       description="">
     <TcLOVValue value="*::TI_ArmatureComponentsFamily::Application Engineer" description=""
         conditionName="isTrue"/>
     <TcLOVValue value="*::TI_ArmaturesFamily::Application Engineer" description=""
         conditionName="isTrue"/>
     <TcLOVValue value="*::TI_BracketsFamily::Application Engineer" description=""
         conditionName="isTrue"/>
     <TcLOVValue value="*::TI_BushingsFamily::Application Engineer" description=""
         conditionName="isTrue"/>
     <TcLOVValue value="*::TI_ClipsFamily::Application Engineer" description="" conditionName="isTrue"/>
     <TcLOVValue value="*::TI_ElectricalComponentsFamily::Application Engineer" description=""
         conditionName="isTrue"/>
     <TcLOVValue value="*::TI_ElectronicsFamily::Application Engineer" description=""
         conditionName="isTrue"/>
     <TcLOVValue value="*::TI_FastenersFamily::Application Engineer" description=""
         conditionName="isTrue"/>
     <TcLOVValue value="*::TI_FillPipeComponentsFamily::Application Engineer" description=""
         conditionName="isTrue"/>
     <TcLOVValue value="*::TI_FillPipesFamily::Application Engineer" description=""
         conditionName="isTrue"/>
     <TcLOVValue value="*::TI_FiltrationFamily::Application Engineer" description=""
         conditionName="isTrue"/>
     <TcLOVValue value="*::TI_FittingsFamily::Application Engineer" description=""
         conditionName="isTrue"/>
     <TcLOVValue value="*::TI_FuelSystemsFamily::Application Engineer" description=""
         conditionName="isTrue"/>
     <TcLOVValue value="*::TI_FuelVapourConnectorsFamily::Application Engineer" description=""
         conditionName="isTrue"/>
     <TcLOVValue value="*::TI_HosesLinesTubesFamily::Application Engineer" description=""
         conditionName="isTrue"/>
     <TcLOVValue value="*::TI_LevelSensorFamily::Application Engineer" description=""
         conditionName="isTrue"/>
     <TcLOVValue value="*::TI_MagnetsFamily::Application Engineer" description=""
         conditionName="isTrue"/>
     <TcLOVValue value="*::TI_ModuleComponentsFamily::Application Engineer" description=""
         conditionName="isTrue"/>
     <TcLOVValue value="*::TI_ModulesFamily::Application Engineer" description=""
         conditionName="isTrue"/>
     <TcLOVValue value="*::TI_PackagingFamily::Application Engineer" description=""
         conditionName="isTrue"/>
     <TcLOVValue value="*::TI_PumpComponentsFamily::Application Engineer" description=""
         conditionName="isTrue"/>
     <TcLOVValue value="*::TI_PumpsFamily::Application Engineer" description="" conditionName="isTrue"/>
     <TcLOVValue value="*::TI_RingsFamily::Application Engineer" description="" conditionName="isTrue"/>
     <TcLOVValue value="*::TI_SealingFamily::Application Engineer" description=""
         conditionName="isTrue"/>
     <TcLOVValue value="*::TI_ShieldsFamily::Application Engineer" description=""
         conditionName="isTrue"/>
     <TcLOVValue value="*::TI_SpringsFamily::Application Engineer" description=""
         conditionName="isTrue"/>
     <TcLOVValue value="*::TI_TankComponentsFamily::Application Engineer" description=""
         conditionName="isTrue"/>
     <TcLOVValue value="*::TI_TanksFamily::Application Engineer" description="" conditionName="isTrue"/>
     <TcLOVValue value="*::TI_ValvesFamily::Application Engineer" description="" conditionName="isTrue"/>
     <TcLOVValue value="*::TI_VapourManagementFamily::Application Engineer" description=""
         conditionName="isTrue"/>
     <TcLOVValue value="*::T8_TI_FittingsFamily::Application Engineer" description=""
         conditionName="isTrue"/>
     <TcLOVValue value="*::T8_TI_HeatExchangersFam::Application Engineer" description=""
         conditionName="isTrue"/>
     <TcLOVValue value="*::T8_TI_RailsFamily::Application Engineer" description=""
         conditionName="isTrue"/>
     <TcLOVValue value="*::TI_LegacySystem::Application Engineer" description="" conditionName="isTrue"/>
     <TcLOVValue value="*::TI_ManufacturedCost::Process Engineer" description="" conditionName="isTrue"/>
     <TcLOVValue value="*::TI_PurchasedCost::Buyer" description="" conditionName="isTrue"/>
     <TcLOVValue value="*::*::DBA" description="" conditionName="isTrue"/>
     <TcLOVValue value="*::TI_ToolingBracketsFamily::Application Engineer" description=""
         conditionName="isTrue"/>
     <TcLOVValue value="*::TI_ToolingBushingsFamily::Application Engineer" description=""
         conditionName="isTrue"/>
     <TcLOVValue value="*::TI_ToolingDiesFamily::Application Engineer" description=""
         conditionName="isTrue"/>
     <TcLOVValue value="*::TI_ToolingElectronicsFamily::Application Engineer" description=""
         conditionName="isTrue"/>
     <TcLOVValue value="*::TI_ToolingFastenersFamily::Application Engineer" description=""
         conditionName="isTrue"/>
     <TcLOVValue value="*::TI_ToolingFixturesFamily::Application Engineer" description=""
         conditionName="isTrue"/>
     <TcLOVValue value="*::TI_ToolingMouldCompFamily::Application Engineer" description=""
         conditionName="isTrue"/>
     <TcLOVValue value="*::TI_ToolingMouldsFamily::Application Engineer" description=""
         conditionName="isTrue"/>
     <TcLOVValue value="*::TI_ToolingNozzlesFamily::Application Engineer" description=""
         conditionName="isTrue"/>
     <TcLOVValue value="*::TI_ToolingShieldsFamily::Application Engineer" description=""
         conditionName="isTrue"/>
     <TcLOVValue value="*::TI_ToolingSpringsFamily::Application Engineer" description=""
         conditionName="isTrue"/>
     <TcLOVValue value="*::T8_TI_ToolingElecCompFam::Application Engineer" description=""
         conditionName="isTrue"/>
     <TcLOVValue value="*::T8_TI_ToolingExtrusionsFam::Application Engineer" description=""
         conditionName="isTrue"/>
     <TcLOVValue value="*::T8_TI_ToolingFixtureCompFam::Application Engineer" description=""
         conditionName="isTrue"/>
     <TcLOVValue value="*::T8_TI_ToolingGuardsFamily::Application Engineer" description=""
         conditionName="isTrue"/>
     <TcLOVValue value="*::T8_TI_ToolingHandToolsFam::Application Engineer" description=""
         conditionName="isTrue"/>
     <TcLOVValue value="*::T8_TI_ToolingMachinesFamily::Application Engineer" description=""
         conditionName="isTrue"/>
     <TcLOVValue value="*::T8_TI_ToolingPneumaticsFam::Application Engineer" description=""
         conditionName="isTrue"/>
     <TcLOVValue value="*::T8_TI_ToolingSealingFamily::Application Engineer" description=""
         conditionName="isTrue"/>
     <TcLOVValue value="*::T8_TI_ToolingToolCompFam::Application Engineer" description=""
         conditionName="isTrue"/>
     <TcLOVValue value="*::T8_TI_ToolingValvesFamily::Application Engineer" description=""
         conditionName="isTrue"/>
     <TcLOVValue value="*::T8_TI_ToolingWheelsFamily::Application Engineer" description=""
         conditionName="isTrue"/>
     <TcLOVValue value="*::TI_ToolingBracketsFamily::Process Engineer" description=""
         conditionName="isTrue"/>
     <TcLOVValue value="*::TI_ToolingBushingsFamily::Process Engineer" description=""
         conditionName="isTrue"/>
     <TcLOVValue value="*::TI_ToolingDiesFamily::Process Engineer" description=""
         conditionName="isTrue"/>
     <TcLOVValue value="*::TI_ToolingElectronicsFamily::Process Engineer" description=""
         conditionName="isTrue"/>
     <TcLOVValue value="*::TI_ToolingFastenersFamily::Process Engineer" description=""
         conditionName="isTrue"/>
     <TcLOVValue value="*::TI_ToolingFixturesFamily::Process Engineer" description=""
         conditionName="isTrue"/>
     <TcLOVValue value="*::TI_ToolingMouldCompFamily::Process Engineer" description=""
         conditionName="isTrue"/>
     <TcLOVValue value="*::TI_ToolingMouldsFamily::Process Engineer" description=""
         conditionName="isTrue"/>
     <TcLOVValue value="*::TI_ToolingNozzlesFamily::Process Engineer" description=""
         conditionName="isTrue"/>
     <TcLOVValue value="*::TI_ToolingShieldsFamily::Process Engineer" description=""
         conditionName="isTrue"/>
     <TcLOVValue value="*::TI_ToolingSpringsFamily::Process Engineer" description=""
         conditionName="isTrue"/>
     <TcLOVValue value="*::T8_TI_ToolingElecCompFam::Process Engineer" description=""
         conditionName="isTrue"/>
     <TcLOVValue value="*::T8_TI_ToolingExtrusionsFam::Process Engineer" description=""
         conditionName="isTrue"/>
     <TcLOVValue value="*::T8_TI_ToolingFixtureCompFam::Process Engineer" description=""
         conditionName="isTrue"/>
     <TcLOVValue value="*::T8_TI_ToolingGuardsFamily::Process Engineer" description=""
         conditionName="isTrue"/>
     <TcLOVValue value="*::T8_TI_ToolingHandToolsFam::Process Engineer" description=""
         conditionName="isTrue"/>
     <TcLOVValue value="*::T8_TI_ToolingMachinesFamily::Process Engineer" description=""
         conditionName="isTrue"/>
     <TcLOVValue value="*::T8_TI_ToolingPneumaticsFam::Process Engineer" description=""
         conditionName="isTrue"/>
     <TcLOVValue value="*::T8_TI_ToolingSealingFamily::Process Engineer" description=""
         conditionName="isTrue"/>
     <TcLOVValue value="*::T8_TI_ToolingToolCompFam::Process Engineer" description=""
         conditionName="isTrue"/>
     <TcLOVValue value="*::T8_TI_ToolingValvesFamily::Process Engineer" description=""
         conditionName="isTrue"/>
     <TcLOVValue value="*::T8_TI_ToolingWheelsFamily::Process Engineer" description=""
         conditionName="isTrue"/>
     <TcLOVValue value="*::TI_Product Revision Master::Application Engineer" description=""
         conditionName="isTrue"/>
     <TcLOVValue value="*::TI_Product Revision Master::Designer" description="" conditionName="isTrue"/>
     <TcLOVValue value="*::T8_TI_ToolBearingsFamily::Application Engineer" description=""
         conditionName="isTrue"/>
     <TcLOVValue value="*::T8_TI_ToolBearingsFamily::Process Engineer" description=""
         conditionName="isTrue"/>
     <TcLOVValue value="*::T8_TI_ToolClipsFamily::Application Engineer" description=""
         conditionName="isTrue"/>
     <TcLOVValue value="*::T8_TI_ToolClipsFamily::Process Engineer" description=""
         conditionName="isTrue"/>
     <TcLOVValue value="*::T8_TI_ToolFiltrationFamily::Application Engineer" description=""
         conditionName="isTrue"/>
     <TcLOVValue value="*::T8_TI_ToolFiltrationFamily::Process Engineer" description=""
         conditionName="isTrue"/>
     <TcLOVValue value="*::T8_TI_ToolFittingsFamily::Application Engineer" description=""
         conditionName="isTrue"/>
     <TcLOVValue value="*::T8_TI_ToolFittingsFamily::Process Engineer" description=""
         conditionName="isTrue"/>
     <TcLOVValue value="*::T8_TI_ToolFluidsLubricantsFamily::Application Engineer"
         description="" conditionName="isTrue"/>
     <TcLOVValue value="*::T8_TI_ToolFluidsLubricantsFamily::Process Engineer" description=""
         conditionName="isTrue"/>
     <TcLOVValue value="*::T8_TI_ToolGaugesFamily::Application Engineer" description=""
         conditionName="isTrue"/>
     <TcLOVValue value="*::T8_TI_ToolGaugesFamily::Process Engineer" description=""
         conditionName="isTrue"/>
     <TcLOVValue value="*::T8_TI_ToolMachineCompFamily::Application Engineer" description=""
         conditionName="isTrue"/>
     <TcLOVValue value="*::T8_TI_ToolMachineCompFamily::Process Engineer" description=""
         conditionName="isTrue"/>
     <TcLOVValue value="*::T8_TI_ToolMotorsFamily::Application Engineer" description=""
         conditionName="isTrue"/>
     <TcLOVValue value="*::T8_TI_ToolMotorsFamily::Process Engineer" description=""
         conditionName="isTrue"/>
     <TcLOVValue value="*::T8_TI_ToolPackagingFamily::Application Engineer" description=""
         conditionName="isTrue"/>
     <TcLOVValue value="*::T8_TI_ToolPackagingFamily::Process Engineer" description=""
         conditionName="isTrue"/>
     <TcLOVValue value="*::T8_TI_ToolToolsFamily::Application Engineer" description=""
         conditionName="isTrue"/>
     <TcLOVValue value="*::T8_TI_ToolToolsFamily::Process Engineer" description=""
         conditionName="isTrue"/>
     <TcLOVValue value="*::T8_TI_ToolHydraulicsFamily::Application Engineer" description=""
         conditionName="isTrue"/>
     <TcLOVValue value="*::T8_TI_ToolRobotsFamily::Application Engineer" description=""
         conditionName="isTrue"/>
     <TcLOVValue value="*::T8_TI_ToolHydraulicsFamily::Process Engineer" description=""
         conditionName="isTrue"/>
     <TcLOVValue value="*::T8_TI_ToolRobotsFamily::Process Engineer" description=""
         conditionName="isTrue"/>
     <TcLOVValue value="*::TI_Product Revision Master::Design Manager" description=""
         conditionName="isTrue"/>
   </TcLOV>
</Add>
</TcBusinessData>
