<?xml version="1.0" encoding="UTF-8"?>
<TcBusinessData xmlns="http://teamcenter.com/BusinessModel/TcBusinessData" Date="">
<Add>
   <IRDC name="T8_RiskAssessment" appliesToBusinessObj="T8_RiskAssessmenRevision"
       condition="isTrue" createTemplate="DMT0000005/ Risk Assessment Template" specTemplate=""
       objectTemplate="" excelTemplate="" derivedVisFilesCheckinOption="None" derivedVisDatasetCreateFlag="No"
       ftrIndexFlag="true" deleteDataFileFlag="true" markUpApp="" markUpDataset=""
       viewMarkUpFlag="false" makeMarkUpsOfficial="false" markUpDefaultACL="" description="">
     <IRDCSourceObj name="name" sourceDatasetTypeName="MSExcelX" sourceDatasetItemRevRelation="IMAN_specification"
         definingIRDC="T8_RiskAssessment"/>
     <IRDCDerivedObj name="name" derivedDatasetTypeName="MSExcelX" derivedDatasetItemRevRelation="IMAN_specification"
         derivedDatasetRequiredFlag="true" definingIRDC="T8_RiskAssessment"/>
   </IRDC>
   <IRDC name="T8_SummaryImages" appliesToBusinessObj="T8_TI_SummImageRevision" condition="isTrue"
       createTemplate="DMT0000002/ Summary Image Template" specTemplate="" objectTemplate=""
       excelTemplate="" derivedVisFilesCheckinOption="None" derivedVisDatasetCreateFlag="No"
       ftrIndexFlag="true" deleteDataFileFlag="true" markUpApp="" markUpDataset=""
       viewMarkUpFlag="false" makeMarkUpsOfficial="false" markUpDefaultACL="" description="">
     <IRDCSourceObj name="name" sourceDatasetTypeName="MSWordX" sourceDatasetItemRevRelation="IMAN_specification"
         definingIRDC="T8_SummaryImages"/>
     <IRDCDerivedObj name="name" derivedDatasetTypeName="MSWordX" derivedDatasetItemRevRelation="IMAN_specification"
         derivedDatasetRequiredFlag="true" definingIRDC="T8_SummaryImages"/>
   </IRDC>
</Add>
</TcBusinessData>
