<?xml version="1.0" encoding="UTF-8" standalone="no"?>
<TcBusinessDataIncludes>
    <include file="cae_project.xml"/>
    <include file="default.xml"/>
    <include file="lov_changes.xml"/>
    <include file="externally_managed_lovs.xml"/>
    <include file="status.xml"/>
    <include file="default_displayname_seq.xml"/>
    <include file="extension_solution.xml"/>
    <include file="movetosite.xml"/>
    <include file="offshore.xml"/>
    <include file="trp_workflow.xml"/>
    <include file="extension.xml"/>
    <include file="cae_displayrules.xml"/>
    <include file="cae_dive.xml"/>
    <include file="pci_workflow.xml"/>
    <include file="erp_integration.xml"/>
    <include file="custom_item_type.xml"/>
    <include file="trubiquity.xml"/>
    <include file="sellingcost_lov.xml"/>
    <include file="catwrl.xml"/>
    <include file="projects.xml"/>
    <include file="tool_families.xml"/>
    <include file="relationship.xml"/>
    <include file="change.xml"/>
    <include file="dataset_types.xml"/>
    <include file="compound_property.xml"/>
    <include file="deep_copy_rules.xml"/>
    <include file="grm_rules.xml"/>
    <include file="identifiers.xml"/>
    <include file="default_displayrules.xml"/>
    <include file="note_types.xml"/>
    <include file="dataset_tools.xml"/>
    <include file="uom.xml"/>
    <include file="folder_types.xml"/>
    <include file="form_classes_and_types.xml"/>
    <include file="naming_rules.xml"/>
    <include file="irdc.xml"/>
    <include file="aw_index.xml"/>
    <include file="aw_bom.xml"/>
    <include file="awc_commands.xml"/>
    <include file="star_ccm.xml"/>
    <include file="soatcerpintegration.xml"/>
    <include file="tcerpintegration_soa.xml"/>
</TcBusinessDataIncludes>
