<?xml version="1.0" encoding="UTF-8"?>
<TcBusinessData xmlns="http://teamcenter.com/BusinessModel/TcBusinessData" Date="">
<Add>
   <TcNamingRule name="T8_TestRequest">
      <TcPattern generateCounters="true" patternString="&quot;TR&quot;NNNNNNNNNN">
         <TcCounter initialValue="TR0000000000" maximumValue="TR0999999999"/>
      </TcPattern>
   </TcNamingRule>
   <TcNamingRule name="t1aAltIDRevID">
      <TcPattern generateCounters="true" patternString="@@">
         <TcCounter initialValue="AA" maximumValue="ZZ"/>
      </TcPattern>
      <TcPattern generateCounters="false" patternString="@@&quot;.&quot;NNN"/>
   </TcNamingRule>
   <TcNamingRule name="t1aCADSeedRev">
      <TcPattern generateCounters="true" patternString="@@@">
         <TcCounter initialValue="AAA" maximumValue="ZZZ"/>
      </TcPattern>
      <TcPattern generateCounters="false" patternString="@@@&quot;.&quot;NNN"/>
   </TcNamingRule>
   <TcNamingRule name="t1aCurrency">
      <TcPattern generateCounters="false" patternString="&quot;Currency&quot;"/>
   </TcNamingRule>
   <TcNamingRule name="t1aCurrencyRev">
      <TcPattern generateCounters="true" patternString="@@@@">
         <TcCounter initialValue="AAAA" maximumValue="ZZZZ"/>
      </TcPattern>
   </TcNamingRule>
   <TcNamingRule name="t1aDocumentRev">
      <TcPattern generateCounters="true" patternString="@@@">
         <TcCounter initialValue="AAA" maximumValue="ZZZ"/>
      </TcPattern>
   </TcNamingRule>
   <TcNamingRule name="t1aOEMIDRev">
      <TcPattern generateCounters="true" patternString="@@">
         <TcCounter initialValue="AA" maximumValue="ZZ"/>
      </TcPattern>
      <TcPattern generateCounters="false" patternString="??"/>
      <TcPattern generateCounters="false" patternString="???"/>
      <TcPattern generateCounters="false" patternString="????"/>
      <TcPattern generateCounters="false" patternString="?????"/>
      <TcPattern generateCounters="false" patternString="??????"/>
      <TcPattern generateCounters="false" patternString="???????"/>
      <TcPattern generateCounters="false" patternString="????????"/>
      <TcPattern generateCounters="false" patternString="?????????"/>
      <TcPattern generateCounters="false" patternString="??????????"/>
      <TcPattern generateCounters="false" patternString="???????????"/>
      <TcPattern generateCounters="false" patternString="????????????"/>
      <TcPattern generateCounters="false" patternString="?????????????"/>
      <TcPattern generateCounters="false" patternString="??????????????"/>
      <TcPattern generateCounters="false" patternString="???????????????"/>
      <TcPattern generateCounters="false" patternString="????????????????"/>
      <TcPattern generateCounters="false" patternString="?????????????????"/>
      <TcPattern generateCounters="false" patternString="??????????????????"/>
      <TcPattern generateCounters="false" patternString="???????????????????"/>
      <TcPattern generateCounters="false" patternString="????????????????????"/>
      <TcPattern generateCounters="false" patternString="?????????????????????"/>
      <TcPattern generateCounters="false" patternString="??????????????????????"/>
      <TcPattern generateCounters="false" patternString="???????????????????????"/>
      <TcPattern generateCounters="false" patternString="????????????????????????"/>
      <TcPattern generateCounters="false" patternString="?????????????????????????"/>
      <TcPattern generateCounters="false" patternString="??????????????????????????"/>
      <TcPattern generateCounters="false" patternString="???????????????????????????"/>
      <TcPattern generateCounters="false" patternString="????????????????????????????"/>
      <TcPattern generateCounters="false" patternString="?????????????????????????????"/>
      <TcPattern generateCounters="false" patternString="??????????????????????????????"/>
      <TcPattern generateCounters="false" patternString="???????????????????????????????"/>
      <TcPattern generateCounters="false" patternString="????????????????????????????????"/>
      <TcPattern generateCounters="false" patternString="?????????????????????????????????"/>
   </TcNamingRule>
   <TcNamingRule name="t1aProductBaselineSuffix">
      <TcPattern generateCounters="true" patternString="&quot;.&quot;NNN">
         <TcCounter initialValue=".000" maximumValue=".999"/>
      </TcPattern>
   </TcNamingRule>
   <TcNamingRule name="t1aProductRevisionID">
      <TcPattern generateCounters="true" patternString="@@">
         <TcCounter initialValue="AA" maximumValue="ZZ"/>
      </TcPattern>
      <TcPattern generateCounters="false" patternString="@@&quot;.&quot;NNN"/>
   </TcNamingRule>
   <TcNamingRuleAttach ruleName="t1aAltIDRevID" typeName="IdentifierRev" propertyName="idfr_id"
         case="Mix" conditionName="isTrue" override="false" ruleType="NamingRule"
         description=""/>
   <TcNamingRuleAttach ruleName="t1aCADSeedRev" typeName="TI_CADSeed" propertyName="item_revision_id"
         case="Mix" conditionName="isTrue" override="false" ruleType="NamingRule"
         description=""/>
   <TcNamingRuleAttach ruleName="t1aCurrency" typeName="TI_Currency" propertyName="item_id"
         case="Mix" conditionName="isTrue" override="false" ruleType="NamingRule"
         description=""/>
   <TcNamingRuleAttach ruleName="t1aCurrency" typeName="TI_Currency" propertyName="object_name"
         case="Mix" conditionName="isTrue" override="false" ruleType="NamingRule"
         description=""/>
   <TcNamingRuleAttach ruleName="t1aCurrencyRev" typeName="TI_Currency" propertyName="item_revision_id"
         case="Mix" conditionName="isTrue" override="false" ruleType="NamingRule"
         description=""/>
   <TcNamingRuleAttach ruleName="t1aDocumentRev" typeName="DMTemplate" propertyName="item_revision_id"
         case="Upper" conditionName="isTrue" override="false" ruleType="NamingRule"
         description=""/>
   <TcNamingRuleAttach ruleName="t1aDocumentRev" typeName="TI_Document" propertyName="item_revision_id"
         case="Mix" conditionName="isTrue" override="false" ruleType="NamingRule"
         description=""/>
   <TcNamingRuleAttach ruleName="t1aProductBaselineSuffix" typeName="_OEMPDR" propertyName="item_revision_id"
         case="Mix" conditionName="isTrue" override="false" ruleType="NamingRule"
         description=""/>
   <TcNamingRuleAttach ruleName="t1aProductBaselineSuffix" typeName="TI_AltRepPDR"
         propertyName="item_revision_id" case="Mix" conditionName="isTrue" override="false"
         ruleType="NamingRule" description=""/>
   <TcNamingRuleAttach ruleName="t1aProductBaselineSuffix" typeName="TI_AltToolPDR"
         propertyName="item_revision_id" case="Mix" conditionName="isTrue" override="false"
         ruleType="NamingRule" description=""/>
   <TcNamingRuleAttach ruleName="t1aProductBaselineSuffix" typeName="TI_CADConstructPDR"
         propertyName="item_revision_id" case="Mix" conditionName="isTrue" override="false"
         ruleType="NamingRule" description=""/>
   <TcNamingRuleAttach ruleName="t1aProductBaselineSuffix" typeName="TI_CADSeedPDR"
         propertyName="item_revision_id" case="Mix" conditionName="isTrue" override="false"
         ruleType="NamingRule" description=""/>
   <TcNamingRuleAttach ruleName="t1aProductBaselineSuffix" typeName="TI_DWGFormatPDR"
         propertyName="item_revision_id" case="Mix" conditionName="isTrue" override="false"
         ruleType="NamingRule" description=""/>
   <TcNamingRuleAttach ruleName="t1aProductBaselineSuffix" typeName="TI_MaterialPDR"
         propertyName="item_revision_id" case="Mix" conditionName="isTrue" override="false"
         ruleType="NamingRule" description=""/>
   <TcNamingRuleAttach ruleName="t1aProductBaselineSuffix" typeName="TI_Prg_VariantPDR"
         propertyName="item_revision_id" case="Mix" conditionName="isTrue" override="false"
         ruleType="NamingRule" description=""/>
   <TcNamingRuleAttach ruleName="t1aProductBaselineSuffix" typeName="TI_ProductPDR"
         propertyName="item_revision_id" case="Mix" conditionName="isTrue" override="false"
         ruleType="NamingRule" description=""/>
   <TcNamingRuleAttach ruleName="t1aProductBaselineSuffix" typeName="TI_ProgramPDR"
         propertyName="item_revision_id" case="Mix" conditionName="isTrue" override="false"
         ruleType="NamingRule" description=""/>
   <TcNamingRuleAttach ruleName="t1aProductBaselineSuffix" typeName="TI_ToolingPDR"
         propertyName="item_revision_id" case="Mix" conditionName="isTrue" override="false"
         ruleType="NamingRule" description=""/>
   <TcNamingRuleAttach ruleName="t1aProductRevisionID" typeName="_OEM" propertyName="item_revision_id"
         case="Mix" conditionName="isTrue" override="false" ruleType="NamingRule"
         description=""/>
   <TcNamingRuleAttach ruleName="t1aProductRevisionID" typeName="CAE0Tool" propertyName="item_revision_id"
         case="Upper" conditionName="isTrue" override="false" ruleType="NamingRule"
         description=""/>
   <TcNamingRuleAttach ruleName="t1aProductRevisionID" typeName="T8_TI_AltConstr"
         propertyName="item_revision_id" case="Upper" conditionName="isTrue" override="false"
         ruleType="NamingRule" description=""/>
   <TcNamingRuleAttach ruleName="t1aProductRevisionID" typeName="T8_TI_CAE_Auto" propertyName="item_revision_id"
         case="Upper" conditionName="isTrue" override="false" ruleType="NamingRule"
         description=""/>
   <TcNamingRuleAttach ruleName="t1aProductRevisionID" typeName="TI_AltRep" propertyName="item_revision_id"
         case="Mix" conditionName="isTrue" override="false" ruleType="NamingRule"
         description=""/>
   <TcNamingRuleAttach ruleName="t1aProductRevisionID" typeName="TI_AltTool" propertyName="item_revision_id"
         case="Mix" conditionName="isTrue" override="false" ruleType="NamingRule"
         description=""/>
   <TcNamingRuleAttach ruleName="t1aProductRevisionID" typeName="TI_CADConstruct"
         propertyName="item_revision_id" case="Upper" conditionName="isTrue" override="false"
         ruleType="NamingRule" description=""/>
   <TcNamingRuleAttach ruleName="t1aProductRevisionID" typeName="TI_DWGFormat" propertyName="item_revision_id"
         case="Mix" conditionName="isTrue" override="false" ruleType="NamingRule"
         description=""/>
   <TcNamingRuleAttach ruleName="t1aProductRevisionID" typeName="TI_Material" propertyName="item_revision_id"
         case="Mix" conditionName="isTrue" override="false" ruleType="NamingRule"
         description=""/>
   <TcNamingRuleAttach ruleName="t1aProductRevisionID" typeName="TI_Prg_Variant" propertyName="item_revision_id"
         case="Mix" conditionName="isTrue" override="false" ruleType="NamingRule"
         description=""/>
   <TcNamingRuleAttach ruleName="t1aProductRevisionID" typeName="TI_Product" propertyName="item_revision_id"
         case="Mix" conditionName="isTrue" override="false" ruleType="NamingRule"
         description=""/>
   <TcNamingRuleAttach ruleName="t1aProductRevisionID" typeName="TI_Program" propertyName="item_revision_id"
         case="Mix" conditionName="isTrue" override="false" ruleType="NamingRule"
         description=""/>
   <TcNamingRuleAttach ruleName="t1aProductRevisionID" typeName="TI_Tooling" propertyName="item_revision_id"
         case="Mix" conditionName="isTrue" override="false" ruleType="NamingRule"
         description=""/>
</Add>
</TcBusinessData>
