<?xml version="1.0" encoding="UTF-8"?>
<TcBusinessData xmlns="http://teamcenter.com/BusinessModel/TcBusinessData" Date="">
<Add>
   <TcNoteType noteTypeName="TI_CapacityCPV" description="Capacity CPV"/>
   <TcNoteType noteTypeName="TI_CapacityLifetime" description="Capacity Lifetime"/>
   <TcNoteType noteTypeName="TI_CapitalInvestment" description="Capital Investment"/>
   <TcNoteType noteTypeName="TI_CostCurrency" description="Currency"/>
   <TcNoteType noteTypeName="TI_CostStatus" description="Cost Status"/>
   <TcNoteType noteTypeName="TI_CustPaidTooling" description="Customer Paid Tooling"/>
   <TcNoteType noteTypeName="TI_DDPCost" description="TI_DeliveredDutyPaidCost"/>
   <TcNoteType noteTypeName="TI_ExWorksCost" description="Ex Works Cost"/>
   <TcNoteType noteTypeName="TI_ExcludeFromBOMrpt" description="Exclude End Item from report"/>
   <TcNoteType noteTypeName="TI_FromCity" description="From City"/>
   <TcNoteType noteTypeName="TI_FromCompany" description="From Company"/>
   <TcNoteType noteTypeName="TI_FromCompanyType" description="From Company Type"/>
   <TcNoteType noteTypeName="TI_FromCountry" description="From Country"/>
   <TcNoteType noteTypeName="TI_LaborCost" description="Labor Cost"/>
   <TcNoteType noteTypeName="TI_LogisticsCost" description="Logistics Cost"/>
   <TcNoteType noteTypeName="TI_MinProdOrderQty" description="Minimum Prod Order Quantity"/>
   <TcNoteType noteTypeName="TI_MinProtoOrderQty" description="Minimum Prototype Order Quantity"/>
   <TcNoteType noteTypeName="TI_OverheadCost" description="Variable Overhead Cost"/>
   <TcNoteType noteTypeName="TI_ScrapPercentage" description="Scrap Percentage"/>
   <TcNoteType noteTypeName="TI_SupplierDesc" description="Supplier Part Description"/>
   <TcNoteType noteTypeName="TI_SupplierName" description="Supplier Part Name"/>
   <TcNoteType noteTypeName="TI_SupplierNumber" description="Supplier Part Number"/>
   <TcNoteType noteTypeName="TI_SupplierRevision" description="Supplier Part Revision"/>
   <TcNoteType noteTypeName="TI_ToCity" description="To City"/>
   <TcNoteType noteTypeName="TI_ToCompany" description="To Company"/>
   <TcNoteType noteTypeName="TI_ToCompanyType" description="To Company Type"/>
   <TcNoteType noteTypeName="TI_ToCountry" description="To Country"/>
   <TcNoteType noteTypeName="TI_ToolingOwnership" description="Tooling Ownership"/>
   <TcNoteType noteTypeName="TI_TransferPrice" description="Selling Transfer Price"/>
</Add>
</TcBusinessData>
