<?xml version="1.0" encoding="UTF-8"?>
<TcBusinessData xmlns="http://teamcenter.com/BusinessModel/TcBusinessData" Date="">
<Add>
   <TcClass className="T8_CAE_Request" parentClassName="ImanRelation" isExportable="true"
       isUninstantiable="false" isUninheritable="false" description=""/>
   <TcClass className="T8_TI_CAE_Manufacturing" parentClassName="ImanRelation" isExportable="true"
       isUninstantiable="false" isUninheritable="false" description=""/>
   <TcClass className="T8_TI_CGMtoPDF" parentClassName="ImanRelation" isExportable="true"
       isUninstantiable="false" isUninheritable="false" description=""/>
   <TcClass className="T8_TI_MasterDesign" parentClassName="ImanRelation" isExportable="true"
       isUninstantiable="false" isUninheritable="false" description=""/>
   <TcClass className="T8_TI_Standards" parentClassName="ImanRelation" isExportable="true"
       isUninstantiable="false" isUninheritable="false" description=""/>
   <TcClass className="T8_TI_TechnicalSpec" parentClassName="ImanRelation" isExportable="true"
       isUninstantiable="false" isUninheritable="false" description=""/>
   <TcClass className="T8_TI_TechnicalSpecRev" parentClassName="ImanRelation" isExportable="true"
       isUninstantiable="false" isUninheritable="false" description=""/>
   <TcClass className="T8_TI_VRML_Rendering" parentClassName="ImanRelation" isExportable="true"
       isUninstantiable="false" isUninheritable="false" description=""/>
   <OperationInputType typeName="T8_CAE_RequestCreI" parentTypeName="ImanRelationCreI"
       typeClassName="T8_CAE_RequestCreI" description="CreateInput object for &quot;T8_CAE_Request&quot; business object"
       isAbstract="false" artifactName="T8_CAE_RequestCreI"/>
   <OperationInputType typeName="T8_CAE_RequestSvAI" parentTypeName="ImanRelationSvAI"
       typeClassName="T8_CAE_RequestSvAI" description="SaveAsInput object for &quot;T8_CAE_Request&quot; business object"
       isAbstract="false" artifactName="T8_CAE_RequestSvAI"/>
   <OperationInputType typeName="T8_TI_CAEAnalysisPartsCreI" parentTypeName="ImanRelationCreI"
       typeClassName="T8_TI_CAEAnalysisPartsCreI" description="CreateInput object for &quot;T8_TI_CAEAnalysisParts&quot; business object"
       isAbstract="false" artifactName="T8_TI_CAEAnalysisPartsCreI"/>
   <OperationInputType typeName="T8_TI_CAEAnalysisPartsSvAI" parentTypeName="ImanRelationSvAI"
       typeClassName="T8_TI_CAEAnalysisPartsSvAI" description="SaveAsInput object for &quot;T8_TI_CAEAnalysisParts&quot; business object"
       isAbstract="false" artifactName="T8_TI_CAEAnalysisPartsSvAI"/>
   <OperationInputType typeName="T8_TI_CAEDataCreI" parentTypeName="ImanRelationCreI"
       typeClassName="T8_TI_CAEDataCreI" description="CreateInput object for &quot;T8_TI_CAEData&quot; business object"
       isAbstract="false" artifactName="T8_TI_CAEDataCreI"/>
   <OperationInputType typeName="T8_TI_CAEDataSvAI" parentTypeName="ImanRelationSvAI"
       typeClassName="T8_TI_CAEDataSvAI" description="SaveAsInput object for &quot;T8_TI_CAEData&quot; business object"
       isAbstract="false" artifactName="T8_TI_CAEDataSvAI"/>
   <OperationInputType typeName="T8_TI_CAERequestRevisionsCreI" parentTypeName="ImanRelationCreI"
       typeClassName="T8_TI_CAERequestRevisionsCreI" description="CreateInput object for &quot;T8_TI_CAERequestRevisions&quot; business object"
       isAbstract="false" artifactName="T8_TI_CAERequestRevisionsCreI"/>
   <OperationInputType typeName="T8_TI_CAERequestRevisionsSvAI" parentTypeName="ImanRelationSvAI"
       typeClassName="T8_TI_CAERequestRevisionsSvAI" description="SaveAsInput object for &quot;T8_TI_CAERequestRevisions&quot; business object"
       isAbstract="false" artifactName="T8_TI_CAERequestRevisionsSvAI"/>
   <OperationInputType typeName="T8_TI_CAE_ManufacturingCreI" parentTypeName="ImanRelationCreI"
       typeClassName="T8_TI_CAE_ManufacturingCreI" description="CreateInput object for &quot;T8_TI_CAE_Manufacturing&quot; business object"
       isAbstract="false" artifactName="T8_TI_CAE_ManufacturingCreI"/>
   <OperationInputType typeName="T8_TI_CAE_ManufacturingSvAI" parentTypeName="ImanRelationSvAI"
       typeClassName="T8_TI_CAE_ManufacturingSvAI" description="SaveAsInput object for &quot;T8_TI_CAE_Manufacturing&quot; business object"
       isAbstract="false" artifactName="T8_TI_CAE_ManufacturingSvAI"/>
   <OperationInputType typeName="T8_TI_CGMtoPDFCreI" parentTypeName="ImanRelationCreI"
       typeClassName="T8_TI_CGMtoPDFCreI" description="CreateInput object for &quot;T8_TI_CGMtoPDF&quot; business object"
       isAbstract="false" artifactName="T8_TI_CGMtoPDFCreI"/>
   <OperationInputType typeName="T8_TI_CGMtoPDFSvAI" parentTypeName="ImanRelationSvAI"
       typeClassName="T8_TI_CGMtoPDFSvAI" description="SaveAsInput object for &quot;T8_TI_CGMtoPDF&quot; business object"
       isAbstract="false" artifactName="T8_TI_CGMtoPDFSvAI"/>
   <OperationInputType typeName="T8_TI_MasterDesignCreI" parentTypeName="ImanRelationCreI"
       typeClassName="T8_TI_MasterDesignCreI" description="CreateInput object for &quot;T8_TI_MasterDesign&quot; business object"
       isAbstract="false" artifactName="T8_TI_MasterDesignCreI"/>
   <OperationInputType typeName="T8_TI_MasterDesignSvAI" parentTypeName="ImanRelationSvAI"
       typeClassName="T8_TI_MasterDesignSvAI" description="SaveAsInput object for &quot;T8_TI_MasterDesign&quot; business object"
       isAbstract="false" artifactName="T8_TI_MasterDesignSvAI"/>
   <OperationInputType typeName="T8_TI_PartnerCreI" parentTypeName="ImanRelationCreI"
       typeClassName="T8_TI_PartnerCreI" description="CreateInput object for &quot;T8_TI_Partner&quot; business object"
       isAbstract="false" artifactName="T8_TI_PartnerCreI"/>
   <OperationInputType typeName="T8_TI_PartnerSvAI" parentTypeName="ImanRelationSvAI"
       typeClassName="T8_TI_PartnerSvAI" description="SaveAsInput object for &quot;T8_TI_Partner&quot; business object"
       isAbstract="false" artifactName="T8_TI_PartnerSvAI"/>
   <OperationInputType typeName="T8_TI_StandardsCreI" parentTypeName="ImanRelationCreI"
       typeClassName="T8_TI_StandardsCreI" description="CreateInput object for &quot;T8_TI_Standards&quot; business object"
       isAbstract="false" artifactName="T8_TI_StandardsCreI"/>
   <OperationInputType typeName="T8_TI_StandardsSvAI" parentTypeName="ImanRelationSvAI"
       typeClassName="T8_TI_StandardsSvAI" description="SaveAsInput object for &quot;T8_TI_Standards&quot; business object"
       isAbstract="false" artifactName="T8_TI_StandardsSvAI"/>
   <OperationInputType typeName="T8_TI_TechnicalSpecCreI" parentTypeName="ImanRelationCreI"
       typeClassName="T8_TI_TechnicalSpecCreI" description="CreateInput object for &quot;T8_TI_TechnicalSpec&quot; business object"
       isAbstract="false" artifactName="T8_TI_TechnicalSpecCreI"/>
   <OperationInputType typeName="T8_TI_TechnicalSpecRevCreI" parentTypeName="ImanRelationCreI"
       typeClassName="T8_TI_TechnicalSpecRevCreI" description="CreateInput object for &quot;T8_TI_TechnicalSpecRev&quot; business object"
       isAbstract="false" artifactName="T8_TI_TechnicalSpecRevCreI"/>
   <OperationInputType typeName="T8_TI_TechnicalSpecRevSvAI" parentTypeName="ImanRelationSvAI"
       typeClassName="T8_TI_TechnicalSpecRevSvAI" description="SaveAsInput object for &quot;T8_TI_TechnicalSpecRev&quot; business object"
       isAbstract="false" artifactName="T8_TI_TechnicalSpecRev"/>
   <OperationInputType typeName="T8_TI_TechnicalSpecSvAI" parentTypeName="ImanRelationSvAI"
       typeClassName="T8_TI_TechnicalSpecSvAI" description="SaveAsInput object for &quot;T8_TI_TechnicalSpec&quot; business object"
       isAbstract="false" artifactName="T8_TI_TechnicalSpec"/>
   <OperationInputType typeName="T8_TI_TestReportRevisionsCreI" parentTypeName="ImanRelationCreI"
       typeClassName="T8_TI_TestReportRevisionsCreI" description="CreateInput object for &quot;T8_TI_TestReportRevisions&quot; business object"
       isAbstract="false" artifactName="T8_TI_TestReportRevisionsCreI"/>
   <OperationInputType typeName="T8_TI_TestReportRevisionsSvAI" parentTypeName="ImanRelationSvAI"
       typeClassName="T8_TI_TestReportRevisionsSvAI" description="SaveAsInput object for &quot;T8_TI_TestReportRevisions&quot; business object"
       isAbstract="false" artifactName="T8_TI_TestReportRevisions"/>
   <OperationInputType typeName="T8_TI_TestReportsCreI" parentTypeName="ImanRelationCreI"
       typeClassName="T8_TI_TestReportsCreI" description="CreateInput object for &quot;T8_TI_TestReports&quot; business object"
       isAbstract="false" artifactName="T8_TI_TestReportsCreI"/>
   <OperationInputType typeName="T8_TI_TestReportsSvAI" parentTypeName="ImanRelationSvAI"
       typeClassName="T8_TI_TestReportsSvAI" description="SaveAsInput object for &quot;T8_TI_TestReports&quot; business object"
       isAbstract="false" artifactName="T8_TI_TestReports"/>
   <OperationInputType typeName="T8_TI_TestRequestPartsCreI" parentTypeName="ImanRelationCreI"
       typeClassName="T8_TI_TestRequestPartsCreI" description="CreateInput object for &quot;T8_TI_TestRequestParts&quot; business object"
       isAbstract="false" artifactName="T8_TI_TestRequestPartsCreI"/>
   <OperationInputType typeName="T8_TI_TestRequestPartsSvAI" parentTypeName="ImanRelationSvAI"
       typeClassName="T8_TI_TestRequestPartsSvAI" description="SaveAsInput object for &quot;T8_TI_TestRequestParts&quot; business object"
       isAbstract="false" artifactName="T8_TI_TestRequestParts"/>
   <OperationInputType typeName="T8_TI_VRML_RenderingCreI" parentTypeName="ImanRelationCreI"
       typeClassName="T8_TI_VRML_RenderingCreI" description="CreateInput object for &quot;T8_TI_VRML_Rendering&quot; business object"
       isAbstract="false" artifactName="T8_TI_VRML_RenderingCreI"/>
   <OperationInputType typeName="T8_TI_VRML_RenderingSvAI" parentTypeName="ImanRelationSvAI"
       typeClassName="T8_TI_VRML_RenderingSvAI" description="SaveAsInput object for &quot;T8_TI_VRML_Rendering&quot; business object"
       isAbstract="false" artifactName="T8_TI_VRML_RenderingSvAI"/>
   <OperationInputType typeName="TI_AltRepItemsCreI" parentTypeName="ImanRelationCreI"
       typeClassName="TI_AltRepItemsCreI" description="CreateInput object for &quot;TI_AltRepItems&quot; business object"
       isAbstract="false" artifactName="TI_AltRepItems"/>
   <OperationInputType typeName="TI_AltRepItemsSvAI" parentTypeName="ImanRelationSvAI"
       typeClassName="TI_AltRepItemsSvAI" description="SaveAsInput object for &quot;TI_AltRepItems&quot; business object"
       isAbstract="false" artifactName="TI_AltRepItems"/>
   <OperationInputType typeName="TI_ChangedFormsCreI" parentTypeName="ImanRelationCreI"
       typeClassName="TI_ChangedFormsCreI" description="CreateInput object for &quot;TI_ChangedForms&quot; business object"
       isAbstract="false" artifactName="TI_ChangedForms"/>
   <OperationInputType typeName="TI_ChangedFormsSvAI" parentTypeName="ImanRelationSvAI"
       typeClassName="TI_ChangedFormsSvAI" description="SaveAsInput object for &quot;TI_ChangedForms&quot; business object"
       isAbstract="false" artifactName="TI_ChangedForms"/>
   <OperationInputType typeName="TI_CommercialCreI" parentTypeName="ImanRelationCreI"
       typeClassName="TI_CommercialCreI" description="CreateInput object for &quot;TI_Commercial&quot; business object"
       isAbstract="false" artifactName="TI_Commercial"/>
   <OperationInputType typeName="TI_CommercialSvAI" parentTypeName="ImanRelationSvAI"
       typeClassName="TI_CommercialSvAI" description="SaveAsInput object for &quot;TI_Commercial&quot; business object"
       isAbstract="false" artifactName="TI_Commercial"/>
   <OperationInputType typeName="TI_CostFormsCreI" parentTypeName="ImanRelationCreI"
       typeClassName="TI_CostFormsCreI" description="CreateInput object for &quot;TI_CostForms&quot; business object"
       isAbstract="false" artifactName="TI_CostForms"/>
   <OperationInputType typeName="TI_CostFormsSvAI" parentTypeName="ImanRelationSvAI"
       typeClassName="TI_CostFormsSvAI" description="SaveAsInput object for &quot;TI_CostForms&quot; business object"
       isAbstract="false" artifactName="TI_CostForms"/>
   <OperationInputType typeName="TI_DesignCreI" parentTypeName="ImanRelationCreI"
       typeClassName="TI_DesignCreI" description="CreateInput object for &quot;TI_Design&quot; business object"
       isAbstract="false" artifactName="TI_Design"/>
   <OperationInputType typeName="TI_DesignSvAI" parentTypeName="ImanRelationSvAI"
       typeClassName="TI_DesignSvAI" description="SaveAsInput object for &quot;TI_Design&quot; business object"
       isAbstract="false" artifactName="TI_Design"/>
   <OperationInputType typeName="TI_DocProdRevisionsCreI" parentTypeName="ImanRelationCreI"
       typeClassName="TI_DocProdRevisionsCreI" description="CreateInput object for &quot;TI_DocProdRevisions&quot; business object"
       isAbstract="false" artifactName="TI_DocProdRevisions"/>
   <OperationInputType typeName="TI_DocProdRevisionsSvAI" parentTypeName="ImanRelationSvAI"
       typeClassName="TI_DocProdRevisionsSvAI" description="SaveAsInput object for &quot;TI_DocProdRevisions&quot; business object"
       isAbstract="false" artifactName="TI_DocProdRevisions"/>
   <OperationInputType typeName="TI_EngineeringCreI" parentTypeName="ImanRelationCreI"
       typeClassName="TI_EngineeringCreI" description="CreateInput object for &quot;TI_Engineering&quot; business object"
       isAbstract="false" artifactName="TI_Engineering"/>
   <OperationInputType typeName="TI_EngineeringSvAI" parentTypeName="ImanRelationSvAI"
       typeClassName="TI_EngineeringSvAI" description="SaveAsInput object for &quot;TI_Engineering&quot; business object"
       isAbstract="false" artifactName="TI_Engineering"/>
   <OperationInputType typeName="TI_FormHistoryCreI" parentTypeName="ImanRelationCreI"
       typeClassName="TI_FormHistoryCreI" description="CreateInput object for &quot;TI_FormHistory&quot; business object"
       isAbstract="false" artifactName="TI_FormHistory"/>
   <OperationInputType typeName="TI_FormHistorySvAI" parentTypeName="ImanRelationSvAI"
       typeClassName="TI_FormHistorySvAI" description="SaveAsInput object for &quot;TI_FormHistory&quot; business object"
       isAbstract="false" artifactName="TI_FormHistory"/>
   <OperationInputType typeName="TI_ManufacturingCreI" parentTypeName="ImanRelationCreI"
       typeClassName="TI_ManufacturingCreI" description="CreateInput object for &quot;TI_Manufacturing&quot; business object"
       isAbstract="false" artifactName="TI_Manufacturing"/>
   <OperationInputType typeName="TI_ManufacturingSvAI" parentTypeName="ImanRelationSvAI"
       typeClassName="TI_ManufacturingSvAI" description="SaveAsInput object for &quot;TI_Manufacturing&quot; business object"
       isAbstract="false" artifactName="TI_Manufacturing"/>
   <OperationInputType typeName="TI_MaterialsCreI" parentTypeName="ImanRelationCreI"
       typeClassName="TI_MaterialsCreI" description="CreateInput object for &quot;TI_Materials&quot; business object"
       isAbstract="false" artifactName="TI_Materials"/>
   <OperationInputType typeName="TI_MaterialsSvAI" parentTypeName="ImanRelationSvAI"
       typeClassName="TI_MaterialsSvAI" description="SaveAsInput object for &quot;TI_Materials&quot; business object"
       isAbstract="false" artifactName="TI_Materials"/>
   <OperationInputType typeName="TI_ObsoleteFolderCreI" parentTypeName="ImanRelationCreI"
       typeClassName="TI_ObsoleteFolderCreI" description="CreateInput object for &quot;TI_ObsoleteFolder&quot; business object"
       isAbstract="false" artifactName="TI_ObsoleteFolder"/>
   <OperationInputType typeName="TI_ObsoleteFolderSvAI" parentTypeName="ImanRelationSvAI"
       typeClassName="TI_ObsoleteFolderSvAI" description="SaveAsInput object for &quot;TI_ObsoleteFolder&quot; business object"
       isAbstract="false" artifactName="TI_ObsoleteFolder"/>
   <OperationInputType typeName="TI_PurchasingCreI" parentTypeName="ImanRelationCreI"
       typeClassName="TI_PurchasingCreI" description="CreateInput object for &quot;TI_Purchasing&quot; business object"
       isAbstract="false" artifactName="TI_Purchasing"/>
   <OperationInputType typeName="TI_PurchasingSvAI" parentTypeName="ImanRelationSvAI"
       typeClassName="TI_PurchasingSvAI" description="SaveAsInput object for &quot;TI_Purchasing&quot; business object"
       isAbstract="false" artifactName="TI_Purchasing"/>
   <OperationInputType typeName="TI_QualityCreI" parentTypeName="ImanRelationCreI"
       typeClassName="TI_QualityCreI" description="CreateInput object for &quot;TI_Quality&quot; business object"
       isAbstract="false" artifactName="TI_Quality"/>
   <OperationInputType typeName="TI_QualitySvAI" parentTypeName="ImanRelationSvAI"
       typeClassName="TI_QualitySvAI" description="SaveAsInput object for &quot;TI_Quality&quot; business object"
       isAbstract="false" artifactName="TI_Quality"/>
   <OperationInputType typeName="TI_ValidationCreI" parentTypeName="ImanRelationCreI"
       typeClassName="TI_ValidationCreI" description="CreateInput object for &quot;TI_Validation&quot; business object"
       isAbstract="false" artifactName="TI_Validation"/>
   <OperationInputType typeName="TI_ValidationSvAI" parentTypeName="ImanRelationSvAI"
       typeClassName="TI_ValidationSvAI" description="SaveAsInput object for &quot;TI_Validation&quot; business object"
       isAbstract="false" artifactName="TI_Validation"/>
   <TcStandardType typeName="T8_CAE_Request" parentTypeName="ImanRelation" typeClassName="T8_CAE_Request"
       description="Relationship to enable specific CAE Request revisions to be associated to a specific TI_Product Revision"
       isAbstract="false" artifactName="T8_CAE_Request"/>
   <TcStandardType typeName="T8_TI_CAEAnalysisParts" parentTypeName="ImanRelation"
       typeClassName="ImanRelation" description="" isAbstract="false" artifactName="T8_TI_CAEAnalysisParts"/>
   <TcStandardType typeName="T8_TI_CAEData" parentTypeName="ImanRelation" typeClassName="ImanRelation"
       description="" isAbstract="false" artifactName="T8_TI_CAEData"/>
   <TcStandardType typeName="T8_TI_CAERequestRevisions" parentTypeName="ImanRelation"
       typeClassName="ImanRelation" description="" isAbstract="false" artifactName="T8_TI_CAERequestRevisions"/>
   <TcStandardType typeName="T8_TI_CAE_Manufacturing" parentTypeName="ImanRelation"
       typeClassName="T8_TI_CAE_Manufacturing" description="Relationship intended for CAE Analysis to CAE Model"
       isAbstract="false" artifactName="T8_TI_CAE_Manufacturing"/>
   <TcStandardType typeName="T8_TI_CGMtoPDF" parentTypeName="ImanRelation" typeClassName="T8_TI_CGMtoPDF"
       description="" isAbstract="false" artifactName="T8_TI_CGMtoPDF"/>
   <TcStandardType typeName="T8_TI_MasterDesign" parentTypeName="ImanRelation" typeClassName="T8_TI_MasterDesign"
       description="" isAbstract="false" artifactName="T8_TI_MasterDesign"/>
   <TcStandardType typeName="T8_TI_Partner" parentTypeName="ImanRelation" typeClassName="ImanRelation"
       description="Partner" isAbstract="false" artifactName="T8_TI_Partner"/>
   <TcStandardType typeName="T8_TI_Standards" parentTypeName="ImanRelation" typeClassName="T8_TI_Standards"
       description="" isAbstract="false" artifactName="T8_TI_Standards"/>
   <TcStandardType typeName="T8_TI_TechnicalSpec" parentTypeName="ImanRelation" typeClassName="T8_TI_TechnicalSpec"
       description="TechnicalSpecs" isAbstract="false" artifactName="T8_TI_TechnicalSpec"/>
   <TcStandardType typeName="T8_TI_TechnicalSpecRev" parentTypeName="ImanRelation"
       typeClassName="T8_TI_TechnicalSpecRev" description="TechnicalSpecs Revisions"
       isAbstract="false" artifactName="T8_TI_TechnicalSpecRev"/>
   <TcStandardType typeName="T8_TI_TestReportRevisions" parentTypeName="ImanRelation"
       typeClassName="ImanRelation" description="" isAbstract="false" artifactName="T8_TI_TestReportRevisions"/>
   <TcStandardType typeName="T8_TI_TestReports" parentTypeName="ImanRelation" typeClassName="ImanRelation"
       description="" isAbstract="false" artifactName="T8_TI_TestReports"/>
   <TcStandardType typeName="T8_TI_TestRequestParts" parentTypeName="ImanRelation"
       typeClassName="ImanRelation" description="" isAbstract="false" artifactName="T8_TI_TestRequestParts"/>
   <TcStandardType typeName="T8_TI_VRML_Rendering" parentTypeName="ImanRelation" typeClassName="T8_TI_VRML_Rendering"
       description="Relationship to manage VRML files created by CAE process." isAbstract="false"
       artifactName="T8_TI_VRML_Rendering"/>
   <TcStandardType typeName="TI_AltRepItems" parentTypeName="ImanRelation" typeClassName="ImanRelation"
       description="" isAbstract="false" artifactName="TI_AltRepItems"/>
   <TcStandardType typeName="TI_ChangedForms" parentTypeName="ImanRelation" typeClassName="ImanRelation"
       description="" isAbstract="false" artifactName="TI_ChangedForms"/>
   <TcStandardType typeName="TI_Commercial" parentTypeName="ImanRelation" typeClassName="ImanRelation"
       description="" isAbstract="false" artifactName="TI_Commercial"/>
   <TcStandardType typeName="TI_CostForms" parentTypeName="ImanRelation" typeClassName="ImanRelation"
       description="" isAbstract="false" artifactName="TI_CostForms"/>
   <TcStandardType typeName="TI_Design" parentTypeName="ImanRelation" typeClassName="ImanRelation"
       description="" isAbstract="false" artifactName="TI_Design"/>
   <TcStandardType typeName="TI_DocProdRevisions" parentTypeName="ImanRelation" typeClassName="ImanRelation"
       description="" isAbstract="false" artifactName="TI_DocProdRevisions"/>
   <TcStandardType typeName="TI_Engineering" parentTypeName="ImanRelation" typeClassName="ImanRelation"
       description="" isAbstract="false" artifactName="TI_Engineering"/>
   <TcStandardType typeName="TI_FormHistory" parentTypeName="ImanRelation" typeClassName="ImanRelation"
       description="" isAbstract="false" artifactName="TI_FormHistory"/>
   <TcStandardType typeName="TI_Manufacturing" parentTypeName="ImanRelation" typeClassName="ImanRelation"
       description="" isAbstract="false" artifactName="TI_Manufacturing"/>
   <TcStandardType typeName="TI_Materials" parentTypeName="ImanRelation" typeClassName="ImanRelation"
       description="" isAbstract="false" artifactName="TI_Materials"/>
   <TcStandardType typeName="TI_ObsoleteFolder" parentTypeName="ImanRelation" typeClassName="ImanRelation"
       description="" isAbstract="false" artifactName="TI_ObsoleteFolder"/>
   <TcStandardType typeName="TI_Purchasing" parentTypeName="ImanRelation" typeClassName="ImanRelation"
       description="" isAbstract="false" artifactName="TI_Purchasing"/>
   <TcStandardType typeName="TI_Quality" parentTypeName="ImanRelation" typeClassName="ImanRelation"
       description="" isAbstract="false" artifactName="TI_Quality"/>
   <TcStandardType typeName="TI_Validation" parentTypeName="ImanRelation" typeClassName="ImanRelation"
       description="" isAbstract="false" artifactName="TI_Validation"/>
   <TcPropertyAttach typeName="DrawingSheet">
     <TcProperty propName="T8_TI_CGMtoPDF" propTypeName="Relation" propValueType="PROP_untyped_relation"
         propMaxStringLength="0" isArray="true" arrayLength="-1" description="" referencedTypeConstant=""
         referencedType=""/>
   </TcPropertyAttach>
   <TcPropertyAttach typeName="Item">
     <TcProperty propName="T8_TI_Standards" propTypeName="Relation" propValueType="PROP_untyped_relation"
         propMaxStringLength="0" isArray="true" arrayLength="-1" description="" referencedTypeConstant=""
         referencedType=""/>
   </TcPropertyAttach>
   <TcTypeConstantAttach constantName="CreateInput" typeName="T8_TI_CAE_Manufacturing"
       value="T8_TI_CAE_ManufacturingCreI"/>
   <TcTypeConstantAttach constantName="CreateInput" typeName="T8_TI_CGMtoPDF" value="T8_TI_CGMtoPDFCreI"/>
   <TcTypeConstantAttach constantName="CreateInput" typeName="T8_TI_MasterDesign"
       value="T8_TI_MasterDesignCreI"/>
   <TcTypeConstantAttach constantName="CreateInput" typeName="T8_TI_Partner" value="T8_TI_PartnerCreI"/>
   <TcTypeConstantAttach constantName="CreateInput" typeName="T8_TI_Standards" value="T8_TI_StandardsCreI"/>
   <TcTypeConstantAttach constantName="CreateInput" typeName="T8_TI_TechnicalSpec"
       value="T8_TI_TechnicalSpecCreI"/>
   <TcTypeConstantAttach constantName="CreateInput" typeName="T8_TI_TechnicalSpecRev"
       value="T8_TI_TechnicalSpecRevCreI"/>
   <TcTypeConstantAttach constantName="CreateInput" typeName="T8_TI_TestReportRevisions"
       value="T8_TI_TestReportRevisionsCreI"/>
   <TcTypeConstantAttach constantName="CreateInput" typeName="T8_TI_TestReports" value="T8_TI_TestReportsCreI"/>
   <TcTypeConstantAttach constantName="CreateInput" typeName="T8_TI_TestRequestParts"
       value="T8_TI_TestRequestPartsCreI"/>
   <TcTypeConstantAttach constantName="CreateInput" typeName="TI_AltRepItems" value="TI_AltRepItemsCreI"/>
   <TcTypeConstantAttach constantName="CreateInput" typeName="TI_ChangedForms" value="TI_ChangedFormsCreI"/>
   <TcTypeConstantAttach constantName="CreateInput" typeName="TI_Commercial" value="TI_CommercialCreI"/>
   <TcTypeConstantAttach constantName="CreateInput" typeName="TI_CostForms" value="TI_CostFormsCreI"/>
   <TcTypeConstantAttach constantName="CreateInput" typeName="TI_Design" value="TI_DesignCreI"/>
   <TcTypeConstantAttach constantName="CreateInput" typeName="TI_Engineering" value="TI_EngineeringCreI"/>
   <TcTypeConstantAttach constantName="CreateInput" typeName="TI_Manufacturing" value="TI_ManufacturingCreI"/>
   <TcTypeConstantAttach constantName="CreateInput" typeName="TI_Materials" value="TI_MaterialsCreI"/>
   <TcTypeConstantAttach constantName="CreateInput" typeName="TI_ObsoleteFolder" value="TI_ObsoleteFolderCreI"/>
   <TcTypeConstantAttach constantName="CreateInput" typeName="TI_Purchasing" value="TI_PurchasingCreI"/>
   <TcTypeConstantAttach constantName="CreateInput" typeName="TI_Quality" value="TI_QualityCreI"/>
   <TcTypeConstantAttach constantName="CreateInput" typeName="TI_Validation" value="TI_ValidationCreI"/>
   <TcTypeConstantAttach constantName="SaveAsInput" typeName="T8_TI_CAE_Manufacturing"
       value="T8_TI_CAE_ManufacturingSvAI"/>
   <TcTypeConstantAttach constantName="SaveAsInput" typeName="T8_TI_CGMtoPDF" value="T8_TI_CGMtoPDFSvAI"/>
   <TcTypeConstantAttach constantName="SaveAsInput" typeName="T8_TI_MasterDesign"
       value="T8_TI_MasterDesignSvAI"/>
   <TcTypeConstantAttach constantName="SaveAsInput" typeName="T8_TI_Partner" value="T8_TI_PartnerSvAI"/>
   <TcTypeConstantAttach constantName="SaveAsInput" typeName="T8_TI_Standards" value="T8_TI_StandardsSvAI"/>
   <TcTypeConstantAttach constantName="SaveAsInput" typeName="T8_TI_TechnicalSpec"
       value="T8_TI_TechnicalSpecSvAI"/>
   <TcTypeConstantAttach constantName="SaveAsInput" typeName="T8_TI_TechnicalSpecRev"
       value="T8_TI_TechnicalSpecRevSvAI"/>
   <TcTypeConstantAttach constantName="SaveAsInput" typeName="T8_TI_TestReportRevisions"
       value="T8_TI_TestReportRevisionsSvAI"/>
   <TcTypeConstantAttach constantName="SaveAsInput" typeName="T8_TI_TestReports" value="T8_TI_TestReportsSvAI"/>
   <TcTypeConstantAttach constantName="SaveAsInput" typeName="T8_TI_TestRequestParts"
       value="T8_TI_TestRequestPartsSvAI"/>
   <TcTypeConstantAttach constantName="SaveAsInput" typeName="T8_TI_VRML_Rendering"
       value="T8_TI_VRML_RenderingSvAI"/>
   <TcTypeConstantAttach constantName="SaveAsInput" typeName="TI_AltRepItems" value="TI_AltRepItemsSvAI"/>
   <TcTypeConstantAttach constantName="SaveAsInput" typeName="TI_ChangedForms" value="TI_ChangedFormsSvAI"/>
   <TcTypeConstantAttach constantName="SaveAsInput" typeName="TI_Commercial" value="TI_CommercialSvAI"/>
   <TcTypeConstantAttach constantName="SaveAsInput" typeName="TI_CostForms" value="TI_CostFormsSvAI"/>
   <TcTypeConstantAttach constantName="SaveAsInput" typeName="TI_Design" value="TI_DesignSvAI"/>
   <TcTypeConstantAttach constantName="SaveAsInput" typeName="TI_Engineering" value="TI_EngineeringSvAI"/>
   <TcTypeConstantAttach constantName="SaveAsInput" typeName="TI_Manufacturing" value="TI_ManufacturingSvAI"/>
   <TcTypeConstantAttach constantName="SaveAsInput" typeName="TI_Materials" value="TI_MaterialsSvAI"/>
   <TcTypeConstantAttach constantName="SaveAsInput" typeName="TI_ObsoleteFolder" value="TI_ObsoleteFolderSvAI"/>
   <TcTypeConstantAttach constantName="SaveAsInput" typeName="TI_Purchasing" value="TI_PurchasingSvAI"/>
   <TcTypeConstantAttach constantName="SaveAsInput" typeName="TI_Quality" value="TI_QualitySvAI"/>
   <TcTypeConstantAttach constantName="SaveAsInput" typeName="TI_Validation" value="TI_ValidationSvAI"/>
   <TcPropertyConstantAttach constantName="Enabled" typeName="DrawingSheet" propertyName="T8_TI_CGMtoPDF"
       value="true"/>
   <TcPropertyConstantAttach constantName="Enabled" typeName="Item" propertyName="T8_TI_Standards"
       value="true"/>
   <TcPropertyConstantAttach constantName="Modifiable" typeName="DrawingSheet" propertyName="T8_TI_CGMtoPDF"
       value="Write"/>
   <TcPropertyConstantAttach constantName="Modifiable" typeName="Item" propertyName="T8_TI_Standards"
       value="Write"/>
   <TcPropertyConstantAttach constantName="Modifiable" typeName="TI_Product Revision"
       propertyName="T8_TI_MasterDesign" value="Write"/>
</Add>
</TcBusinessData>
