<?xml version="1.0" encoding="UTF-8"?>
<TcBusinessData xmlns="http://teamcenter.com/BusinessModel/TcBusinessData" Date="">
<Add>
   <TcClass className="T8_CMTIRPAForms" parentClassName="CMRelation" isExportable="false"
       isUninstantiable="false" isUninheritable="false" description=""/>
   <TcClass className="T8_t1a201RPA" parentClassName="t1aForm" isExportable="true"
       isUninstantiable="false" isUninheritable="false" description="">
     <TcAttribute attributeName="t8_201region" description="" attributeType="POM_string"
         maxStringLength="32" isArray="false" followOnExport="false" isNullsAllowed="true"
         isUnique="false" isPublicRead="true" isPublicWrite="true" isCandidateKey="false"
         isTransient="false" exportAsString="false" noBackpointer="false" initialValue=""
         lowerBoundValue="" upperBoundValue=""/>
     <TcAttribute attributeName="t8_201status" description="" attributeType="POM_string"
         maxStringLength="32" isArray="false" followOnExport="false" isNullsAllowed="true"
         isUnique="false" isPublicRead="true" isPublicWrite="true" isCandidateKey="false"
         isTransient="false" exportAsString="false" noBackpointer="false" initialValue=""
         lowerBoundValue="" upperBoundValue=""/>
     <TcAttribute attributeName="t8_201businessteam" description="" attributeType="POM_string"
         maxStringLength="32" isArray="false" followOnExport="false" isNullsAllowed="true"
         isUnique="false" isPublicRead="true" isPublicWrite="true" isCandidateKey="false"
         isTransient="false" exportAsString="false" noBackpointer="false" initialValue=""
         lowerBoundValue="" upperBoundValue=""/>
     <TcAttribute attributeName="t8_201projectlife" description="" attributeType="POM_string"
         maxStringLength="32" isArray="false" followOnExport="false" isNullsAllowed="true"
         isUnique="false" isPublicRead="true" isPublicWrite="true" isCandidateKey="false"
         isTransient="false" exportAsString="false" noBackpointer="false" initialValue=""
         lowerBoundValue="" upperBoundValue=""/>
     <TcAttribute attributeName="t8_201engineer" description="" attributeType="POM_string"
         maxStringLength="32" isArray="false" followOnExport="false" isNullsAllowed="true"
         isUnique="false" isPublicRead="true" isPublicWrite="true" isCandidateKey="false"
         isTransient="false" exportAsString="false" noBackpointer="false" initialValue=""
         lowerBoundValue="" upperBoundValue=""/>
     <TcAttribute attributeName="t8_201engphoneno" description="" attributeType="POM_string"
         maxStringLength="20" isArray="false" followOnExport="false" isNullsAllowed="true"
         isUnique="false" isPublicRead="true" isPublicWrite="true" isCandidateKey="false"
         isTransient="false" exportAsString="false" noBackpointer="false" initialValue=""
         lowerBoundValue="" upperBoundValue=""/>
     <TcAttribute attributeName="t8_201description" description="" attributeType="POM_string"
         maxStringLength="128" isArray="false" followOnExport="false" isNullsAllowed="true"
         isUnique="false" isPublicRead="true" isPublicWrite="true" isCandidateKey="false"
         isTransient="false" exportAsString="false" noBackpointer="false" initialValue=""
         lowerBoundValue="" upperBoundValue=""/>
     <TcAttribute attributeName="t8_201eauyearscpv" description="" attributeType="POM_int"
         maxStringLength="0" isArray="true" followOnExport="false" isNullsAllowed="true"
         isUnique="false" isPublicRead="true" isPublicWrite="true" isCandidateKey="false"
         arrayLength="-1" isTransient="false" exportAsString="false" noBackpointer="false"/>
     <TcAttribute attributeName="t8_201assignedto" description="" attributeType="POM_string"
         maxStringLength="32" isArray="false" followOnExport="false" isNullsAllowed="true"
         isUnique="false" isPublicRead="true" isPublicWrite="true" isCandidateKey="false"
         isTransient="false" exportAsString="false" noBackpointer="false" initialValue=""
         lowerBoundValue="" upperBoundValue=""/>
     <TcAttribute attributeName="t8_201productionsupplier" description="" attributeType="POM_string"
         maxStringLength="32" isArray="false" followOnExport="false" isNullsAllowed="true"
         isUnique="false" isPublicRead="true" isPublicWrite="true" isCandidateKey="false"
         isTransient="false" exportAsString="false" noBackpointer="false" initialValue=""
         lowerBoundValue="" upperBoundValue=""/>
     <TcAttribute attributeName="t8_201productionunitprice" description="" attributeType="POM_string"
         maxStringLength="20" isArray="false" followOnExport="false" isNullsAllowed="true"
         isUnique="false" isPublicRead="true" isPublicWrite="true" isCandidateKey="false"
         isTransient="false" exportAsString="false" noBackpointer="false" initialValue=""
         lowerBoundValue="" upperBoundValue=""/>
     <TcAttribute attributeName="t8_201productiontooling" description="" attributeType="POM_string"
         maxStringLength="32" isArray="false" followOnExport="false" isNullsAllowed="true"
         isUnique="false" isPublicRead="true" isPublicWrite="true" isCandidateKey="false"
         isTransient="false" exportAsString="false" noBackpointer="false" initialValue=""
         lowerBoundValue="" upperBoundValue=""/>
     <TcAttribute attributeName="t8_201datecompleted" description="" attributeType="POM_date"
         maxStringLength="0" isArray="false" followOnExport="false" isNullsAllowed="true"
         isUnique="false" isPublicRead="true" isPublicWrite="true" isCandidateKey="false"
         isTransient="false" exportAsString="false" noBackpointer="false" initialValue=""
         lowerBoundValue="" upperBoundValue=""/>
     <TcAttribute attributeName="t8_201comments" description="" attributeType="POM_string"
         maxStringLength="256" isArray="false" followOnExport="false" isNullsAllowed="true"
         isUnique="false" isPublicRead="true" isPublicWrite="true" isCandidateKey="false"
         isTransient="false" exportAsString="false" noBackpointer="false" initialValue=""
         lowerBoundValue="" upperBoundValue=""/>
     <TcAttribute attributeName="t8_201reasoncode" description="" attributeType="POM_string"
         maxStringLength="32" isArray="false" followOnExport="false" isNullsAllowed="true"
         isUnique="false" isPublicRead="true" isPublicWrite="true" isCandidateKey="false"
         isTransient="false" exportAsString="false" noBackpointer="false" initialValue=""
         lowerBoundValue="" upperBoundValue=""/>
     <TcAttribute attributeName="t8_201apquopte" description="" attributeType="POM_logical"
         maxStringLength="0" isArray="false" followOnExport="false" isNullsAllowed="true"
         isUnique="false" isPublicRead="true" isPublicWrite="true" isCandidateKey="false"
         isTransient="false" exportAsString="false" noBackpointer="false" initialValue=""/>
     <TcAttribute attributeName="t8_201custasttpt" description="" attributeType="POM_string"
         maxStringLength="32" isArray="false" followOnExport="false" isNullsAllowed="true"
         isUnique="false" isPublicRead="true" isPublicWrite="true" isCandidateKey="false"
         isTransient="false" exportAsString="false" noBackpointer="false" initialValue=""
         lowerBoundValue="" upperBoundValue=""/>
     <TcAttribute attributeName="t8_201protopartrequired" description="" attributeType="POM_string"
         maxStringLength="5" isArray="false" followOnExport="false" isNullsAllowed="true"
         isUnique="false" isPublicRead="true" isPublicWrite="true" isCandidateKey="false"
         isTransient="false" exportAsString="false" noBackpointer="false" initialValue=""
         lowerBoundValue="" upperBoundValue=""/>
     <TcAttribute attributeName="t8_201protopartquantity" description="" attributeType="POM_string"
         maxStringLength="128" isArray="false" followOnExport="false" isNullsAllowed="true"
         isUnique="false" isPublicRead="true" isPublicWrite="true" isCandidateKey="false"
         isTransient="false" exportAsString="false" noBackpointer="false" initialValue=""
         lowerBoundValue="" upperBoundValue=""/>
     <TcAttribute attributeName="t8_201protopartsupplier" description="" attributeType="POM_string"
         maxStringLength="32" isArray="false" followOnExport="false" isNullsAllowed="true"
         isUnique="false" isPublicRead="true" isPublicWrite="true" isCandidateKey="false"
         isTransient="false" exportAsString="false" noBackpointer="false" initialValue=""
         lowerBoundValue="" upperBoundValue=""/>
     <TcAttribute attributeName="t8_protopartpieceprice" description="" attributeType="POM_string"
         maxStringLength="15" isArray="false" followOnExport="false" isNullsAllowed="true"
         isUnique="false" isPublicRead="true" isPublicWrite="true" isCandidateKey="false"
         isTransient="false" exportAsString="false" noBackpointer="false" initialValue=""
         lowerBoundValue="" upperBoundValue=""/>
     <TcAttribute attributeName="t8_201prototoolcost" description="" attributeType="POM_string"
         maxStringLength="128" isArray="false" followOnExport="false" isNullsAllowed="true"
         isUnique="false" isPublicRead="true" isPublicWrite="true" isCandidateKey="false"
         isTransient="false" exportAsString="false" noBackpointer="false" initialValue=""
         lowerBoundValue="" upperBoundValue=""/>
     <TcAttribute attributeName="t8_201customer" description="" attributeType="POM_string"
         maxStringLength="32" isArray="true" followOnExport="false" isNullsAllowed="true"
         isUnique="false" isPublicRead="true" isPublicWrite="true" isCandidateKey="false"
         arrayLength="-1" isTransient="false" exportAsString="false" noBackpointer="false"/>
     <TcAttribute attributeName="t8_201comppartref" description="" attributeType="POM_typed_reference"
         maxStringLength="0" isArray="false" followOnExport="false" isNullsAllowed="true"
         isUnique="false" isPublicRead="true" isPublicWrite="true" isCandidateKey="false"
         isTransient="false" exportAsString="false" noBackpointer="false" typedRefClassName="ItemRevision"/>
   </TcClass>
   <OperationInputType typeName="T8_CMTIRPAFormsCreI" parentTypeName="CMRelationCreI"
       typeClassName="T8_CMTIRPAFormsCreI" description="" isAbstract="false" artifactName="T8_CMTIRPAFormsCreI"/>
   <OperationInputType typeName="T8_CMTIRPAFormsSvAI" parentTypeName="CMRelationSvAI"
       typeClassName="T8_CMTIRPAFormsSvAI" description="" isAbstract="false" artifactName="T8_CMTIRPAFormsSvAI"/>
   <OperationInputType typeName="T8_TI_RPACreI" parentTypeName="FormCreI" typeClassName="T8_TI_RPACreI"
       description="" isAbstract="false" artifactName="T8_TI_RPACreI"/>
   <OperationInputType typeName="T8_TI_RPASvAI" parentTypeName="FormSvAI" typeClassName="T8_TI_RPASvAI"
       description="" isAbstract="false" artifactName="T8_TI_RPASvAI"/>
   <OperationInputType typeName="T8_t1a201RPACreI" parentTypeName="t1aFormCreI" typeClassName="T8_t1a201RPACreI"
       description="" isAbstract="false" artifactName="T8_t1a201RPACreI"/>
   <OperationInputType typeName="T8_t1a201RPASvAI" parentTypeName="t1aFormSvAI" typeClassName="T8_t1a201RPASvAI"
       description="" isAbstract="false" artifactName="T8_t1a201RPASvAI"/>
   <TcForm typeName="T8_TI_RPA" parentTypeName="Form" typeClassName="Form" description=""
       isAbstract="false" artifactName="T8_TI_RPA" formStorageClassName="T8_t1a201RPA"/>
   <TcStandardType typeName="T8_CMTIRPAForms" parentTypeName="CMRelation" typeClassName="T8_CMTIRPAForms"
       description="" isAbstract="false" artifactName="T8_CMTIRPAForms"/>
   <TcStandardType typeName="T8_t1a201RPA" parentTypeName="t1aForm" typeClassName="T8_t1a201RPA"
       description="" isAbstract="false" artifactName=""/>
   <TcOperationAttach operationName="PROP_set_value_tags" extendableElementName="TI_PurchasedParts"
       extendableElementType="Type" propertyName="t1a39purchasedparts" description="">
     <TcExtensionPoint extensionPointType="PostAction" isOverridable="true"/>
   </TcOperationAttach>
   <TcTypeConstantAttach constantName="CreateInput" typeName="T8_CMTIRPAForms" value="T8_CMTIRPAFormsCreI"/>
   <TcTypeConstantAttach constantName="CreateInput" typeName="T8_t1a201RPA" value="T8_t1a201RPACreI"/>
   <TcTypeConstantAttach constantName="CreateInput" typeName="T8_TI_RPA" value="T8_TI_RPACreI"/>
   <TcTypeConstantAttach constantName="SaveAsInput" typeName="T8_CMTIRPAForms" value="T8_CMTIRPAFormsSvAI"/>
   <TcTypeConstantAttach constantName="SaveAsInput" typeName="T8_t1a201RPA" value="T8_t1a201RPASvAI"/>
   <TcTypeConstantAttach constantName="SaveAsInput" typeName="T8_TI_RPA" value="T8_TI_RPASvAI"/>
   <TcPropertyConstantAttach constantName="Enabled" typeName="T8_TI_ChangeRevision"
       propertyName="T8_CMTIRPAForms" value="true"/>
   <TcPropertyConstantAttach constantName="Enabled" typeName="T8_TI_RPA" propertyName="t8_201comppartnumber"
       value="true"/>
   <TcPropertyConstantAttach constantName="Enabled" typeName="T8_TI_RPA" propertyName="t8_201comppartref"
       value="true"/>
   <TcPropertyConstantAttach constantName="Enabled" typeName="T8_TI_RPA" propertyName="t8_201customer"
       value="true"/>
   <TcPropertyConstantAttach constantName="Enabled" typeName="T8_TI_RPA" propertyName="t8_201Drawingno"
       value="true"/>
   <TcPropertyConstantAttach constantName="Enabled" typeName="T8_TI_RPA" propertyName="t8_201productionuom"
       value="true"/>
   <TcPropertyConstantAttach constantName="Enabled" typeName="T8_TI_RPA" propertyName="t8_201revisionlevel"
       value="true"/>
   <TcPropertyConstantAttach constantName="Modifiable" typeName="T8_TI_ChangeRevision"
       propertyName="T8_CMTIRPAForms" value="Write"/>
   <TcPropertyConstantAttach constantName="Modifiable" typeName="T8_TI_RPA" propertyName="t8_201comppartnumber"
       value="Write"/>
   <TcPropertyConstantAttach constantName="Modifiable" typeName="T8_TI_RPA" propertyName="t8_201comppartref"
       value="Write"/>
   <TcPropertyConstantAttach constantName="Modifiable" typeName="T8_TI_RPA" propertyName="t8_201customer"
       value="Write"/>
   <TcPropertyConstantAttach constantName="Modifiable" typeName="T8_TI_RPA" propertyName="t8_201Drawingno"
       value="Write"/>
   <TcPropertyConstantAttach constantName="Modifiable" typeName="T8_TI_RPA" propertyName="t8_201productionuom"
       value="Write"/>
   <TcPropertyConstantAttach constantName="Modifiable" typeName="T8_TI_RPA" propertyName="t8_201revisionlevel"
       value="Write"/>
   <TcCompoundPropertyRule destTypeName="T8_TI_RPA" destPropertyName="t8_201businessstream"
       sourceTypeName="T8_TI_CAP2" sourcePropertyName="t8_t1a190tidivision" isReadOnly="true"
       pathToSource="GRMS2P(T8_CMTIRPAForms,T8_TI_ChangeRevision).GRM(IMAN_specification,T8_TI_CAP2).t8_t1a190tidivision"
       description=""/>
   <TcCompoundPropertyRule destTypeName="T8_TI_RPA" destPropertyName="t8_201comppartnumber"
       sourceTypeName="TI_Product Revision" sourcePropertyName="item_id" isReadOnly="true"
       pathToSource="REF(t8_201comppartref,TI_Product Revision).item_id" description=""/>
   <TcCompoundPropertyRule destTypeName="T8_TI_RPA" destPropertyName="t8_201currency"
       sourceTypeName="T8_TI_CCR2" sourcePropertyName="t8_t1a191currency" isReadOnly="true"
       pathToSource="GRMS2P(T8_CMTIRPAForms,T8_TI_ChangeRevision).GRM(IMAN_specification,T8_TI_CCR2).t8_t1a191currency"
       description=""/>
   <TcCompoundPropertyRule destTypeName="T8_TI_RPA" destPropertyName="t8_201Drawingno"
       sourceTypeName="TI_Product Revision Master" sourcePropertyName="t8_t1a1masterdrawing"
       isReadOnly="false" pathToSource="REF(t8_201comppartref,TI_Product Revision).GRM(IMAN_master_form_rev,TI_Product Revision Master).t8_t1a1masterdrawing"
       description=""/>
   <TcCompoundPropertyRule destTypeName="T8_TI_RPA" destPropertyName="t8_201duedate"
       sourceTypeName="T8_TI_ChangeTiming" sourcePropertyName="t8_t1a188rfqcustdue"
       isReadOnly="true" pathToSource="GRMS2P(T8_CMTIRPAForms,T8_TI_ChangeRevision).GRM(IMAN_specification,T8_TI_ChangeTiming).t8_t1a188rfqcustdue"
       description=""/>
   <TcCompoundPropertyRule destTypeName="T8_TI_RPA" destPropertyName="t8_201plantname"
       sourceTypeName="T8_TI_CAP2" sourcePropertyName="t8_t1a190affectedplants" isReadOnly="true"
       pathToSource="GRMS2P(T8_CMTIRPAForms,T8_TI_ChangeRevision).GRM(IMAN_specification,T8_TI_CAP2).t8_t1a190affectedplants"
       description=""/>
   <TcCompoundPropertyRule destTypeName="T8_TI_RPA" destPropertyName="t8_201ppaptiming"
       sourceTypeName="T8_TI_ChangeTiming" sourcePropertyName="t8_t1a188tippapsubmission"
       isReadOnly="true" pathToSource="GRMS2P(T8_CMTIRPAForms,T8_TI_ChangeRevision).GRM(IMAN_specification,T8_TI_ChangeTiming).t8_t1a188tippapsubmission"
       description=""/>
   <TcCompoundPropertyRule destTypeName="T8_TI_RPA" destPropertyName="t8_201productionuom"
       sourceTypeName="UnitOfMeasure" sourcePropertyName="symbol" isReadOnly="false"
       pathToSource="REF(t8_201comppartref,TI_Product Revision).REF(items_tag,TI_Product).REF(uom_tag,UnitOfMeasure).symbol"
       description=""/>
   <TcCompoundPropertyRule destTypeName="T8_TI_RPA" destPropertyName="t8_201program"
       sourceTypeName="T8_TI_CAP2" sourcePropertyName="t8_t1a190affectedprograms"
       isReadOnly="true" pathToSource="GRMS2P(T8_CMTIRPAForms,T8_TI_ChangeRevision).GRM(IMAN_specification,T8_TI_CAP2).t8_t1a190affectedprograms"
       description=""/>
   <TcCompoundPropertyRule destTypeName="T8_TI_RPA" destPropertyName="t8_201prototypedue"
       sourceTypeName="T8_TI_ChangeTiming" sourcePropertyName="t8_t1a188prototypedue"
       isReadOnly="true" pathToSource="GRMS2P(T8_CMTIRPAForms,T8_TI_ChangeRevision).GRM(IMAN_specification,T8_TI_ChangeTiming).t8_t1a188prototypedue"
       description=""/>
   <TcCompoundPropertyRule destTypeName="T8_TI_RPA" destPropertyName="t8_201requestor"
       sourceTypeName="T8_TI_CAP2" sourcePropertyName="owning_user" isReadOnly="true"
       pathToSource="GRMS2P(T8_CMTIRPAForms,T8_TI_ChangeRevision).GRM(IMAN_specification,T8_TI_CAP2).owning_user"
       description=""/>
   <TcCompoundPropertyRule destTypeName="T8_TI_RPA" destPropertyName="t8_201requestreason"
       sourceTypeName="T8_TI_CAP2" sourcePropertyName="t8_t1a190changedriver" isReadOnly="true"
       pathToSource="GRMS2P(T8_CMTIRPAForms,T8_TI_ChangeRevision).GRM(IMAN_specification,T8_TI_CAP2).t8_t1a190changedriver"
       description=""/>
   <TcCompoundPropertyRule destTypeName="T8_TI_RPA" destPropertyName="t8_201revisionlevel"
       sourceTypeName="TI_Product Revision" sourcePropertyName="item_revision_id"
       isReadOnly="true" pathToSource="REF(t8_201comppartref,TI_Product Revision).item_revision_id"
       description=""/>
   <TcCompoundPropertyRule destTypeName="T8_TI_RPA" destPropertyName="t8_201sop" sourceTypeName="T8_TI_ChangeTiming"
       sourcePropertyName="t8_t1a188startofproduction" isReadOnly="true" pathToSource="GRMS2P(T8_CMTIRPAForms,T8_TI_ChangeRevision).GRM(IMAN_specification,T8_TI_ChangeTiming).t8_t1a188startofproduction"
       description=""/>
   <TcGRMRule primaryTypeName="T8_TI_ChangeRevision" secondaryTypeName="T8_TI_RPA"
       relationTypeName="T8_CMTIRPAForms" primaryCardinality="1" secondaryCardinality="-1"
       secured="false" attachability="WriteAccessReq" changeability="Changeable" detachability="WriteAccessReq"
       description=""/>
   <TcExtension name="T8_TIACreateRPAForms" internal="false" cannedExtension="false"
       languageType="ANSI_C" libraryName="libT8_TIAutoExt" description="">
     <TcExtensionValidity parameter="PROPERTY:TI_PurchasedParts:t1a39purchasedparts:PROP_set_value_tags:3"/>
   </TcExtension>
   <TcExtensionAttach extensionName="T8_TIACreateRPAForms" operationName="PROP_set_value_tags"
       isActive="true" propertyName="t1a39purchasedparts" extendableElementName="TI_PurchasedParts"
       extendableElementType="Type" extensionPointType="PostAction" conditionName="isTrue"
       description=""/>
   <TcLOV name="T8_t1a201rpastatus" lovType="ListOfValuesString" usage="Exhaustive"
       description="">
     <TcLOVValue value="Not Started" description="" conditionName="isTrue"/>
     <TcLOVValue value="Started" description="" conditionName="isTrue"/>
   </TcLOV>
   <TcLOVAttach lovName="T8_t1a201rpastatus" typeName="T8_t1a201RPA">
     <TcLOVAttachPropertyInfo valuePropertyName="t8_201status" conditionName="isTrue"
         override="false" level="0"/>
   </TcLOVAttach>
   <TcLOVAttach lovName="User Names" typeName="T8_t1a201RPA">
     <TcLOVAttachPropertyInfo valuePropertyName="t8_201assignedto" conditionName="isTrue"
         override="false" level="0"/>
   </TcLOVAttach>
   <TcLOVAttach lovName="t1ayesno" typeName="T8_t1a201RPA">
     <TcLOVAttachPropertyInfo valuePropertyName="t8_201protopartrequired" conditionName="isTrue"
         override="false" level="0"/>
   </TcLOVAttach>
</Add>
</TcBusinessData>
