<?xml version="1.0" encoding="UTF-8"?>
<TcBusinessData xmlns="http://teamcenter.com/BusinessModel/TcBusinessData" Date="">
<Add>
   <TcGlobalConstantAttach constantName="Fnd0BOMMarkupAllowed" value="true"/>
   <TcStatus statusName="Awarded" description=""/>
   <TcStatus statusName="CI Approved" description=""/>
   <TcStatus statusName="CI Open" description=""/>
   <TcStatus statusName="CI Rejected" description=""/>
   <TcStatus statusName="CN Closed" description=""/>
   <TcStatus statusName="CN Open" description=""/>
   <TcStatus statusName="CN Prod Launch Closed" description=""/>
   <TcStatus statusName="CN Prod Launch Open" description=""/>
   <TcStatus statusName="CN Prod Rel Closed" description=""/>
   <TcStatus statusName="CN Prod Rel Open" description=""/>
   <TcStatus statusName="CN Proto Closed" description=""/>
   <TcStatus statusName="CN Proto Open" description=""/>
   <TcStatus statusName="CR Approved" description=""/>
   <TcStatus statusName="CR Open" description=""/>
   <TcStatus statusName="CR Rejected" description=""/>
   <TcStatus statusName="CR-Bypass Approved" description=""/>
   <TcStatus statusName="CR-Bypass Open" description=""/>
   <TcStatus statusName="CR-Bypass Rejected" description=""/>
   <TcStatus statusName="CRO Approved" description=""/>
   <TcStatus statusName="CRO Open" description=""/>
   <TcStatus statusName="CRO Rejected" description=""/>
   <TcStatus statusName="Cad Release Only" description=""/>
   <TcStatus statusName="Customer Freeze" description=""/>
   <TcStatus statusName="Customer Point Release" description=""/>
   <TcStatus statusName="DAP Approved" description=""/>
   <TcStatus statusName="DAP In Process" description=""/>
   <TcStatus statusName="DAP Open" description=""/>
   <TcStatus statusName="DAP Rejected" description=""/>
   <TcStatus statusName="DEV Approved" description=""/>
   <TcStatus statusName="DEV Closed" description=""/>
   <TcStatus statusName="DEV Expired" description=""/>
   <TcStatus statusName="DEV Open" description=""/>
   <TcStatus statusName="DEV Rejected" description=""/>
   <TcStatus statusName="Document Released" description=""/>
   <TcStatus statusName="Imported" description=""/>
   <TcStatus statusName="In Process" description=""/>
   <TcStatus statusName="OBS Approved" description=""/>
   <TcStatus statusName="OBS Open" description=""/>
   <TcStatus statusName="OBS Rejected" description=""/>
   <TcStatus statusName="PMR Approved" description=""/>
   <TcStatus statusName="PMR Open" description=""/>
   <TcStatus statusName="PMR Rejected" description=""/>
   <TcStatus statusName="Parallel Study" description=""/>
   <TcStatus statusName="Point Release" description=""/>
   <TcStatus statusName="Pre Production" description=""/>
   <TcStatus statusName="Pre Prototype" description=""/>
   <TcStatus statusName="Production Launched" description=""/>
   <TcStatus statusName="Production Released" description=""/>
   <TcStatus statusName="Prototype" description=""/>
   <TcStatus statusName="Quoted" description=""/>
   <TcStatus statusName="R and D" description=""/>
   <TcStatus statusName="RD Approved" description=""/>
   <TcStatus statusName="RD Open" description=""/>
   <TcStatus statusName="RD Rejected" description=""/>
   <TcStatus statusName="Released" description=""/>
   <TcStatus statusName="Study Approved" description=""/>
   <TcStatus statusName="Study Rejected" description=""/>
   <TcStatus statusName="T8_CAE Approved" description="CAE Process"/>
   <TcStatus statusName="T8_CAE In-Process" description="CAE Process"/>
   <TcStatus statusName="T8_CAE Open" description="CAE Process"/>
   <TcStatus statusName="T8_CAE Rejected" description="CAE Process"/>
   <TcStatus statusName="T8_CAP Approved" description="CAP Approved"/>
   <TcStatus statusName="T8_CAP Open" description="CAP Open"/>
   <TcStatus statusName="T8_CAP Rejected" description="CAP Rejected"/>
   <TcStatus statusName="T8_CRP Approved" description=""/>
   <TcStatus statusName="T8_CRP Open" description=""/>
   <TcStatus statusName="T8_CRP Rejected" description=""/>
   <TcStatus statusName="T8_Document Open Access" description=""/>
   <TcStatus statusName="T8_PCI Approved" description="PCI Approved"/>
   <TcStatus statusName="T8_PCI Open" description=""/>
   <TcStatus statusName="T8_PCI Rejected" description="Rejected Status for PCI workflow"/>
   <TcStatus statusName="T8_PRP Approved" description=""/>
   <TcStatus statusName="T8_PRP Open" description=""/>
   <TcStatus statusName="T8_PRP Rejected" description=""/>
   <TcStatus statusName="T8_Partner Submission" description=""/>
   <TcStatus statusName="T8_SRP Approved" description=""/>
   <TcStatus statusName="T8_SRP Open" description=""/>
   <TcStatus statusName="T8_SRP Rejected" description=""/>
   <TcStatus statusName="T8_Standard - Preliminary" description=""/>
   <TcStatus statusName="T8_Standard - Released" description=""/>
   <TcStatus statusName="T8_TER Approved" description="TER Approved"/>
   <TcStatus statusName="T8_TER Open" description="TER Open"/>
   <TcStatus statusName="T8_TER Rejected" description="TER Rejected"/>
   <TcStatus statusName="T8_TPR Approved" description="TPR Approved"/>
   <TcStatus statusName="T8_TPR Open" description="TPR Open"/>
   <TcStatus statusName="T8_TPR Rejected" description="TPR Rejected"/>
   <TcStatus statusName="T8_TR Completed" description="TR Process"/>
   <TcStatus statusName="T8_TR In-Process" description="TR Process"/>
   <TcStatus statusName="T8_TR Open" description="TR Process"/>
   <TcStatus statusName="T8_TR Rejected" description="TR Process"/>
   <TcStatus statusName="T8_Technology Prototype" description=""/>
   <TcStatus statusName="T8_Technology Released" description=""/>
   <TcStatus statusName="TI Editable" description=""/>
   <PropertyRenderer name="T8_ReleaseStatus_icon" script="&lt;?xml version=&quot;1.0&quot; encoding=&quot;UTF-8&quot;?&gt; &#x0A;&lt;icons Version=&quot;1.0&quot;&gt; &#x0A;    &lt;propertyMap name=&quot;ReleaseStatusMap&quot;&gt;&#x0A;        &lt;item key=&quot;Awarded&quot; value=&quot;T8_part_Awarded.gif&quot;/&gt; &#x0A;        &lt;item key=&quot;CI Approved&quot; value=&quot;T8_status_CI_Approved.gif&quot;/&gt; &#x0A;        &lt;item key=&quot;CI Open&quot; value=&quot;T8_status_CI_Open.gif&quot;/&gt; &#x0A;        &lt;item key=&quot;CI Rejected&quot; value=&quot;T8_status_CI_Rejected.gif&quot;/&gt;&#x0A;        &lt;item key=&quot;CN Prod Launch Closed&quot; value=&quot;T8_status_CNL_Closed.gif&quot;/&gt; &#x0A;        &lt;item key=&quot;CN Prod Launch Open&quot; value=&quot;T8_status_CNL_Open.gif&quot;/&gt; &#x0A;        &lt;item key=&quot;CN Prod Rel Closed&quot; value=&quot;T8_status_CNR_Closed.gif&quot;/&gt; &#x0A;        &lt;item key=&quot;CN Prod Rel Open&quot; value=&quot;T8_status_CNR_Open.gif&quot;/&gt; &#x0A;        &lt;item key=&quot;CN Proto Closed&quot; value=&quot;T8_status_CNP_Closed.gif&quot;/&gt; &#x0A;        &lt;item key=&quot;CN Proto Open&quot; value=&quot;T8_status_CNP_Open.gif&quot;/&gt; &#x0A;        &lt;item key=&quot;CR Approved&quot; value=&quot;T8_status_CR_Approved.gif&quot;/&gt; &#x0A;        &lt;item key=&quot;CR Open&quot; value=&quot;T8_status_CR_Open.gif&quot;/&gt; &#x0A;        &lt;item key=&quot;CR Rejected&quot; value=&quot;T8_status_CR_Rejected.gif&quot;/&gt; &#x0A;        &lt;item key=&quot;CR-Bypass Approved&quot; value=&quot;T8_status_CRB_Approved.gif&quot;/&gt; &#x0A;        &lt;item key=&quot;CR-Bypass Open&quot; value=&quot;T8_status_CRB_Open.gif&quot;/&gt; &#x0A;        &lt;item key=&quot;CR-Bypass Rejected&quot; value=&quot;T8_status_CRB_Rejected.gif&quot;/&gt; &#x0A;        &lt;item key=&quot;CRO Approved&quot; value=&quot;T8_status_CRO_Approved.gif&quot;/&gt; &#x0A;        &lt;item key=&quot;CRO Open&quot; value=&quot;T8_status_CRO_Open.gif&quot;/&gt; &#x0A;        &lt;item key=&quot;CRO Rejected&quot; value=&quot;T8_status_CRO_Rejected.gif&quot;/&gt; &#x0A;        &lt;item key=&quot;Cad Release Only&quot; value=&quot;T8_part_CADRelease.gif&quot;/&gt; &#x0A;        &lt;item key=&quot;DAP Approved&quot; value=&quot;T8_status_DAP_Approved.gif&quot;/&gt; &#x0A;        &lt;item key=&quot;DAP In Process&quot; value=&quot;T8_status_inprocess.gif&quot;/&gt; &#x0A;        &lt;item key=&quot;DAP Open&quot; value=&quot;T8_status_DAP_Open.gif&quot;/&gt; &#x0A;        &lt;item key=&quot;DAP Rejected&quot; value=&quot;T8_status_DAP_Rejected.gif&quot;/&gt; &#x0A;        &lt;item key=&quot;DEV Approved&quot; value=&quot;T8_status_DEV_Approved.gif&quot;/&gt; &#x0A;        &lt;item key=&quot;DEV Closed&quot; value=&quot;T8_status_DEV_Closed.gif&quot;/&gt; &#x0A;        &lt;item key=&quot;DEV Open&quot; value=&quot;T8_status_DEV_Open.gif&quot;/&gt; &#x0A;        &lt;item key=&quot;DEV Rejected&quot; value=&quot;T8_status_DEV_Rejected.gif&quot;/&gt; &#x0A;        &lt;item key=&quot;Document Released&quot; value=&quot;T8_doc_Released.gif&quot;/&gt; &#x0A;        &lt;item key=&quot;Imported&quot; value=&quot;T8_part_Imported.gif&quot;/&gt; &#x0A;        &lt;item key=&quot;In Process&quot; value=&quot;T8_status_inprocess.gif&quot;/&gt; &#x0A;        &lt;item key=&quot;OBS Approved&quot; value=&quot;T8_status_OBS_Approved.gif&quot;/&gt; &#x0A;        &lt;item key=&quot;OBS Open&quot; value=&quot;T8_status_OBS_Open.gif&quot;/&gt; &#x0A;        &lt;item key=&quot;OBS Rejected&quot; value=&quot;T8_status_OBS_Rejected.gif&quot;/&gt; &#x0A;        &lt;item key=&quot;Obsolete&quot; value=&quot;T8_part_Obsolete.gif&quot;/&gt;         &#x0A;        &lt;item key=&quot;PMR Approved&quot; value=&quot;T8_status_PMR_Approved.gif&quot;/&gt; &#x0A;        &lt;item key=&quot;PMR Open&quot; value=&quot;T8_status_PMR_Open.gif&quot;/&gt; &#x0A;        &lt;item key=&quot;PMR Rejected&quot; value=&quot;T8_status_PMR_Rejected.gif&quot;/&gt; &#x0A;        &lt;item key=&quot;Parallel Study&quot; value=&quot;T8_part_ParallelStudy.gif&quot;/&gt; &#x0A;        &lt;item key=&quot;Point Release&quot; value=&quot;T8_part_PointRelease.gif&quot;/&gt; &#x0A;        &lt;item key=&quot;Pre Production&quot; value=&quot;T8_part_PreProduction.gif&quot;/&gt; &#x0A;        &lt;item key=&quot;Pre Prototype&quot; value=&quot;T8_part_PrePrototype.gif&quot;/&gt; &#x0A;        &lt;item key=&quot;Production Launched&quot; value=&quot;T8_part_ProdLaunch.gif&quot;/&gt; &#x0A;        &lt;item key=&quot;Production Released&quot; value=&quot;T8_part_ProdRelease.gif&quot;/&gt; &#x0A;        &lt;item key=&quot;Prototype&quot; value=&quot;T8_part_Prototype.gif&quot;/&gt; &#x0A;        &lt;item key=&quot;Quoted&quot; value=&quot;T8_part_Quoted.gif&quot;/&gt; &#x0A;        &lt;item key=&quot;R and D&quot; value=&quot;T8_part_RandD.gif&quot;/&gt; &#x0A;        &lt;item key=&quot;RD Approved&quot; value=&quot;T8_status_RD_Approved.gif&quot;/&gt; &#x0A;        &lt;item key=&quot;RD Open&quot; value=&quot;T8_status_RD_Open.gif&quot;/&gt; &#x0A;        &lt;item key=&quot;RD Rejected&quot; value=&quot;T8_status_RD_Rejected.gif&quot;/&gt; &#x0A;        &lt;item key=&quot;Study Approved&quot; value=&quot;T8_part_StudyApproved.gif&quot;/&gt; &#x0A;        &lt;item key=&quot;Study Rejected&quot; value=&quot;T8_part_StudyRejected.gif&quot;/&gt; &#x0A;        &lt;item key=&quot;T8_CAE Approved&quot; value=&quot;T8_status_CAE_Approved.gif&quot;/&gt; &#x0A;        &lt;item key=&quot;T8_CAE In-Process&quot; value=&quot;T8_status_CAE_In-Process.gif&quot;/&gt; &#x0A;        &lt;item key=&quot;T8_CAE Open&quot; value=&quot;T8_status_CAE_Open.gif&quot;/&gt; &#x0A;        &lt;item key=&quot;T8_CAE Rejected&quot; value=&quot;T8_status_CAE_Rejected.gif&quot;/&gt; &#x0A;        &lt;item key=&quot;T8_CAP Approved&quot; value=&quot;T8_status_CAP_Approved.gif&quot;/&gt; &#x0A;        &lt;item key=&quot;T8_CAP Open&quot; value=&quot;T8_status_CAP_Open.gif&quot;/&gt; &#x0A;        &lt;item key=&quot;T8_CAP Rejected&quot; value=&quot;T8_status_CAP_Rejected.gif&quot;/&gt; &#x0A;        &lt;item key=&quot;T8_CRP Approved&quot; value=&quot;T8_status_CRP_Approved.png&quot;/&gt; &#x0A;        &lt;item key=&quot;T8_CRP Open&quot; value=&quot;T8_status_CRP_Open.png&quot;/&gt; &#x0A;        &lt;item key=&quot;T8_CRP Rejected&quot; value=&quot;T8_status_CRP_Rejected.png&quot;/&gt; &#x0A;        &lt;item key=&quot;T8_Document Open Access&quot; value=&quot;T8_status_OA_Open.png&quot;/&gt; &#x0A;        &lt;item key=&quot;T8_PCI Approved&quot; value=&quot;T8_status_PCI_Approved.gif&quot;/&gt; &#x0A;        &lt;item key=&quot;T8_PCI Open&quot; value=&quot;T8_status_PCI_Open.gif&quot;/&gt; &#x0A;        &lt;item key=&quot;T8_PCI Rejected&quot; value=&quot;T8_status_PCI_Rejected.gif&quot;/&gt; &#x0A;        &lt;item key=&quot;T8_Partner Submission&quot; value=&quot;T8_status_Partner_Submission.gif&quot;/&gt; &#x0A;        &lt;item key=&quot;T8_SRP Approved&quot; value=&quot;T8_status_SRP_Approved.png&quot;/&gt; &#x0A;        &lt;item key=&quot;T8_SRP Open&quot; value=&quot;T8_status_SRP_Open.png&quot;/&gt; &#x0A;        &lt;item key=&quot;T8_SRP Rejected&quot; value=&quot;T8_status_SRP_Rejected.png&quot;/&gt; &#x0A;        &lt;item key=&quot;T8_Standard - Preliminary&quot; value=&quot;T8_status_StandPreliminary.gif&quot;/&gt; &#x0A;        &lt;item key=&quot;T8_Standard - Released&quot; value=&quot;T8_status_StandReleased.gif&quot;/&gt; &#x0A;        &lt;item key=&quot;T8_TER Approved&quot; value=&quot;T8_status_TER_Approved.gif&quot;/&gt; &#x0A;        &lt;item key=&quot;T8_TER Open&quot; value=&quot;T8_status_TER_Open.gif&quot;/&gt; &#x0A;        &lt;item key=&quot;T8_TER Rejected&quot; value=&quot;T8_status_TER_Rejected.gif&quot;/&gt; &#x0A;        &lt;item key=&quot;T8_TPR Approved&quot; value=&quot;T8_status_TPR_Approved.gif&quot;/&gt; &#x0A;        &lt;item key=&quot;T8_TPR Open&quot; value=&quot;T8_status_TPR_Open.gif&quot;/&gt; &#x0A;        &lt;item key=&quot;T8_TPR Rejected&quot; value=&quot;T8_status_TPR_Rejected.gif&quot;/&gt; &#x0A;        &lt;item key=&quot;T8_TR Completed&quot; value=&quot;T8_status_TR_Completed.gif&quot;/&gt; &#x0A;        &lt;item key=&quot;T8_TR In-Process&quot; value=&quot;T8_status_TR_In_Process.gif&quot;/&gt; &#x0A;        &lt;item key=&quot;T8_TR Open&quot; value=&quot;T8_status_TR_Open.gif&quot;/&gt; &#x0A;        &lt;item key=&quot;T8_TR Rejected&quot; value=&quot;T8_status_TR_Rejected.gif&quot;/&gt; &#x0A;        &lt;item key=&quot;T8_Technology Prototype&quot; value=&quot;T8_part_TechnologyPrototype.gif&quot;/&gt; &#x0A;        &lt;item key=&quot;T8_Technology Released&quot; value=&quot;T8_part_TechnologyRelease.gif&quot;/&gt;&#x0A;     &lt;item key=&quot;PRP Approved&quot; value=&quot;T8_status_PRP_Approved.gif&quot;/&gt; &#x0A;        &lt;item key=&quot;PRP Open&quot; value=&quot;T8_status_PRP_Open.gif&quot;/&gt; &#x0A;        &lt;item key=&quot;PRP Rejected&quot; value=&quot;T8_status_PRP_Rejected.gif&quot;/&gt; &#x0A;    &lt;/propertyMap&gt; &#x0A;    &lt;primaryIcon source=&quot;object_name&quot; mapName=&quot;ReleaseStatusMap&quot;/&gt; &#x0A;&lt;/icons&gt;"
       description="Adding customized Icon for Released Status"/>
   <PropertyRendererAttach rendererName="T8_ReleaseStatus_icon" typeName="ReleaseStatus"
       propertyName="object_string" conditionName="isTrue"/>
</Add>
</TcBusinessData>
