<?xml version="1.0" encoding="UTF-8"?>
<TcBusinessData xmlns="http://teamcenter.com/BusinessModel/TcBusinessData" Date="">
<Add>
   <Library name="T8SoaTITCERPService" createRelease="tc11000.6.0" serviceLibrary="true"
       namespace="T8::Soa::TITCERPService" isThirdParty="false">
     <DependentOn name="tccore"/>
     <DependentOn name="lov"/>
     <DependentOn name="sa"/>
     <DependentOn name="qry"/>
     <DependentOn name="res"/>
     <DependentOn name="bom"/>
     <DependentOn name="grm"/>
     <DependentOn name="tc"/>
     <DependentOn name="itk"/>
     <DependentOn name="req"/>
     <DependentOn name="form"/>
     <DependentOn name="ss"/>
     <DependentOn name="user_exits"/>
   </Library>
   <ServiceInterface name="TITCERPIntegration" namespace="T8::Soa::TITCERPService"
       libraryName="T8SoaTITCERPService" serviceLibraryRef="" dependencies="LOV" createRelease="tc11000.6.0"
       description="Custom Service for TC and ERP Integration"/>
   <Struct name="ContractedCostInputData" createRelease="tc11000.6.0" scope="T8::Soa::TITCERPService::TITCERPIntegration"
       namespace="T8::Soa::TITCERPService::_2018_11::TITCERPIntegration" isPublished="true">
     <StructElement name="costID" description="costID">
       <DataTypeRefParam dataType="std::string"/>
     </StructElement>
     <StructElement name="itemID" description="itemID">
       <DataTypeRefParam dataType="std::string"/>
     </StructElement>
     <StructElement name="itemRevID" description="itemRevID">
       <DataTypeRefParam dataType="std::string"/>
     </StructElement>
     <StructElement name="bpcsItemID" description="bpcsItemID">
       <DataTypeRefParam dataType="std::string"/>
     </StructElement>
     <StructElement name="itemDesc" description="itemDesc">
       <DataTypeRefParam dataType="std::string"/>
     </StructElement>
     <StructElement name="extraDesc" description="extraDesc">
       <DataTypeRefParam dataType="std::string"/>
     </StructElement>
     <StructElement name="contractedCostRecords" description="contractedCostRecords">
       <DataTypeRefParam dataType="std::vector">
          <DataTypeRefParam dataType="T8::Soa::TITCERPService::_2018_11::TITCERPIntegration::ContractedCostRecord"/>
       </DataTypeRefParam>
     </StructElement>
   </Struct>
   <Struct name="ContractedCostRecord" createRelease="tc11000.6.0" scope="T8::Soa::TITCERPService::TITCERPIntegration"
       namespace="T8::Soa::TITCERPService::_2018_11::TITCERPIntegration" isPublished="true">
     <StructElement name="vendorNumber" description="vendorNumber">
       <DataTypeRefParam dataType="std::string"/>
     </StructElement>
     <StructElement name="vendorType" description="vendorType">
       <DataTypeRefParam dataType="std::string"/>
     </StructElement>
     <StructElement name="currency" description="currency">
       <DataTypeRefParam dataType="std::string"/>
     </StructElement>
     <StructElement name="toolCost" description="toolCost">
       <DataTypeRefParam dataType="std::string"/>
     </StructElement>
     <StructElement name="toolOwnership" description="toolOwnership">
       <DataTypeRefParam dataType="std::string"/>
     </StructElement>
     <StructElement name="customerPaidTooling" description="customerPaidTooling">
       <DataTypeRefParam dataType="std::string"/>
     </StructElement>
     <StructElement name="toolingCapacityCPV" description="toolingCapacityCPV">
       <DataTypeRefParam dataType="std::string"/>
     </StructElement>
     <StructElement name="toolingCapacityLifeTime" description="toolingCapacityLifeTime">
       <DataTypeRefParam dataType="std::string"/>
     </StructElement>
     <StructElement name="minPrototypeOrderQty" description="minPrototypeOrderQty">
       <DataTypeRefParam dataType="std::string"/>
     </StructElement>
     <StructElement name="minProductionOrderQty" description="minProductionOrderQty">
       <DataTypeRefParam dataType="std::string"/>
     </StructElement>
     <StructElement name="facility" description="facility">
       <DataTypeRefParam dataType="std::string"/>
     </StructElement>
     <StructElement name="exWorkCost" description="exWorkCost">
       <DataTypeRefParam dataType="std::string"/>
     </StructElement>
     <StructElement name="dutyPaidCost" description="dutyPaidCost">
       <DataTypeRefParam dataType="std::string"/>
     </StructElement>
     <StructElement name="costStatus" description="costStatus">
       <DataTypeRefParam dataType="std::string"/>
     </StructElement>
     <StructElement name="comment" description="comment">
       <DataTypeRefParam dataType="std::string"/>
     </StructElement>
     <StructElement name="quoteEffectiveDate" description="quoteEffectiveDate">
       <DataTypeRefParam dataType="std::string"/>
     </StructElement>
     <StructElement name="quoteDiscontinueDate" description="quoteDiscontinueDate">
       <DataTypeRefParam dataType="std::string"/>
     </StructElement>
   </Struct>
   <Struct name="ContractedCostResponse" createRelease="tc11000.6.0" scope="T8::Soa::TITCERPService::TITCERPIntegration"
       namespace="T8::Soa::TITCERPService::_2018_11::TITCERPIntegration" isPublished="true">
     <StructElement name="costID" description="costID">
       <DataTypeRefParam dataType="std::string"/>
     </StructElement>
     <StructElement name="itemID" description="itemID">
       <DataTypeRefParam dataType="std::string"/>
     </StructElement>
     <StructElement name="itemRevID" description="itemRevID">
       <DataTypeRefParam dataType="std::string"/>
     </StructElement>
     <StructElement name="bpcsItemID" description="bpcsItemID">
       <DataTypeRefParam dataType="std::string"/>
     </StructElement>
     <StructElement name="importStatus" description="importStatus">
       <DataTypeRefParam dataType="std::string"/>
     </StructElement>
     <StructElement name="reasonForFailure" description="reasonForFailure">
       <DataTypeRefParam dataType="std::string"/>
     </StructElement>
   </Struct>
   <Struct name="CustomerData" createRelease="tc11000.6.0" scope="T8::Soa::TITCERPService::TITCERPIntegration"
       namespace="T8::Soa::TITCERPService::_2018_11::TITCERPIntegration" isPublished="true">
     <StructElement name="customerCode" description="sCustomerCode">
       <DataTypeRefParam dataType="std::string"/>
     </StructElement>
     <StructElement name="customerName" description="sCustomerName">
       <DataTypeRefParam dataType="std::string"/>
     </StructElement>
     <StructElement name="customerPartID" description="mCustomerPartID">
       <DataTypeRefParam dataType="T8::Soa::TITCERPService::_2018_11::TITCERPIntegration::CustomerPartIDMap"/>
     </StructElement>
   </Struct>
   <Typedef name="CustomerPartIDMap" description="" scope="T8::Soa::TITCERPService::TITCERPIntegration"
       namespace="T8::Soa::TITCERPService::_2018_11::TITCERPIntegration" isPublished="true"
       createRelease="tc11000.6.0">
     <DataTypeRefParam dataType="std::map">
       <DataTypeRefParam dataType="std::string"/>
       <DataTypeRefParam dataType="std::vector">
          <DataTypeRefParam dataType="std::string"/>
       </DataTypeRefParam>
     </DataTypeRefParam>
   </Typedef>
   <Typedef name="ERPPartNumbersMap" description="" scope="T8::Soa::TITCERPService::TITCERPIntegration"
       namespace="T8::Soa::TITCERPService::_2018_11::TITCERPIntegration" isPublished="true"
       createRelease="tc11000.6.0">
     <DataTypeRefParam dataType="std::map">
       <DataTypeRefParam dataType="std::string"/>
       <DataTypeRefParam dataType="std::vector">
          <DataTypeRefParam dataType="std::string"/>
       </DataTypeRefParam>
     </DataTypeRefParam>
   </Typedef>
   <Struct name="GetContractedCostInput" createRelease="tc11000.6.0" scope="T8::Soa::TITCERPService::TITCERPIntegration"
       namespace="T8::Soa::TITCERPService::_2018_11::TITCERPIntegration" isPublished="true">
     <StructElement name="contractedCostInputData" description="contractedCostInputData">
       <DataTypeRefParam dataType="std::vector">
          <DataTypeRefParam dataType="T8::Soa::TITCERPService::_2018_11::TITCERPIntegration::ContractedCostInputData"/>
       </DataTypeRefParam>
     </StructElement>
   </Struct>
   <Struct name="GetContractedCostResponse" createRelease="tc11000.6.0" scope="T8::Soa::TITCERPService::TITCERPIntegration"
       namespace="T8::Soa::TITCERPService::_2018_11::TITCERPIntegration" isPublished="true">
     <StructElement name="contractedCostResponse" description="contractedCostResponse">
       <DataTypeRefParam dataType="std::vector">
          <DataTypeRefParam dataType="T8::Soa::TITCERPService::_2018_11::TITCERPIntegration::ContractedCostResponse"/>
       </DataTypeRefParam>
     </StructElement>
   </Struct>
   <Struct name="GetPartTransferInput" createRelease="tc11000.6.0" scope="T8::Soa::TITCERPService::TITCERPIntegration"
       namespace="T8::Soa::TITCERPService::_2018_11::TITCERPIntegration" isPublished="true">
     <StructElement name="changeItemID" description="TI Change Item ID">
       <DataTypeRefParam dataType="std::string"/>
     </StructElement>
     <StructElement name="changeItemRevID" description="TI Change Revision ID">
       <DataTypeRefParam dataType="std::string"/>
     </StructElement>
     <StructElement name="owningSite" description="owningSite">
       <DataTypeRefParam dataType="std::string"/>
     </StructElement>
   </Struct>
   <Struct name="GetPartTransferResponse" createRelease="tc11000.6.0" scope="T8::Soa::TITCERPService::TITCERPIntegration"
       namespace="T8::Soa::TITCERPService::_2018_11::TITCERPIntegration" isPublished="true">
     <StructElement name="productRevisionData" description="vProductRevisionData">
       <DataTypeRefParam dataType="std::vector">
          <DataTypeRefParam dataType="T8::Soa::TITCERPService::_2018_11::TITCERPIntegration::ProductRevisionData"/>
       </DataTypeRefParam>
     </StructElement>
     <StructElement name="errorList" description="sErrorList">
       <DataTypeRefParam dataType="std::vector">
          <DataTypeRefParam dataType="std::string"/>
       </DataTypeRefParam>
     </StructElement>
     <StructElement name="success" description="bIsSuccess">
       <DataTypeRefParam dataType="bool"/>
     </StructElement>
     <StructElement name="changeItemNum" description="sChangeItemNum">
       <DataTypeRefParam dataType="std::string"/>
     </StructElement>
     <StructElement name="owningSite" description="sOwningSite">
       <DataTypeRefParam dataType="std::string"/>
     </StructElement>
     <StructElement name="changeType" description="sChangeType">
       <DataTypeRefParam dataType="std::string"/>
     </StructElement>
     <StructElement name="affectedPlants" description="sAffectedPlants">
       <DataTypeRefParam dataType="std::string"/>
     </StructElement>
     <StructElement name="jobUID" description="sJobUID">
       <DataTypeRefParam dataType="std::string"/>
     </StructElement>
     <StructElement name="materialRevisionData" description="materialRevisionData">
       <DataTypeRefParam dataType="std::vector">
          <DataTypeRefParam dataType="T8::Soa::TITCERPService::_2018_11::TITCERPIntegration::MaterialRevisionData"/>
       </DataTypeRefParam>
     </StructElement>
     <StructElement name="prgVariantRevisionData" description="prgVariantRevisionData">
       <DataTypeRefParam dataType="std::vector">
          <DataTypeRefParam dataType="T8::Soa::TITCERPService::_2018_11::TITCERPIntegration::PrgVariantRevisionData"/>
       </DataTypeRefParam>
     </StructElement>
   </Struct>
   <Struct name="GetSellingPriceInput" createRelease="tc11000.6.0" scope="T8::Soa::TITCERPService::TITCERPIntegration"
       namespace="T8::Soa::TITCERPService::_2018_11::TITCERPIntegration" isPublished="true">
     <StructElement name="sellingPriceInputData" description="SellingPriceInputData">
       <DataTypeRefParam dataType="std::vector">
          <DataTypeRefParam dataType="T8::Soa::TITCERPService::_2018_11::TITCERPIntegration::SellingPriceInputData"/>
       </DataTypeRefParam>
     </StructElement>
   </Struct>
   <Struct name="GetSellingPriceResponse" createRelease="tc11000.6.0" scope="T8::Soa::TITCERPService::TITCERPIntegration"
       namespace="T8::Soa::TITCERPService::_2018_11::TITCERPIntegration" isPublished="true">
     <StructElement name="sellingPriceResponse" description="SellingPriceResponse">
       <DataTypeRefParam dataType="std::vector">
          <DataTypeRefParam dataType="T8::Soa::TITCERPService::_2018_11::TITCERPIntegration::SellingPriceResponse"/>
       </DataTypeRefParam>
     </StructElement>
   </Struct>
   <Struct name="GetStandardCostInput" createRelease="tc11000.6.0" scope="T8::Soa::TITCERPService::TITCERPIntegration"
       namespace="T8::Soa::TITCERPService::_2018_11::TITCERPIntegration" isPublished="true">
     <StructElement name="standardCostInputData" description="standardCostInputData">
       <DataTypeRefParam dataType="std::vector">
          <DataTypeRefParam dataType="T8::Soa::TITCERPService::_2018_11::TITCERPIntegration::StandardCostInputData"/>
       </DataTypeRefParam>
     </StructElement>
   </Struct>
   <Struct name="GetStandardCostResponse" createRelease="tc11000.6.0" scope="T8::Soa::TITCERPService::TITCERPIntegration"
       namespace="T8::Soa::TITCERPService::_2018_11::TITCERPIntegration" isPublished="true">
     <StructElement name="standardCostResponse" description="standardCostResponse">
       <DataTypeRefParam dataType="std::vector">
          <DataTypeRefParam dataType="T8::Soa::TITCERPService::_2018_11::TITCERPIntegration::StandardCostResponse"/>
       </DataTypeRefParam>
     </StructElement>
   </Struct>
   <Struct name="MaterialRevisionData" createRelease="tc11000.6.0" scope="T8::Soa::TITCERPService::TITCERPIntegration"
       namespace="T8::Soa::TITCERPService::_2018_11::TITCERPIntegration" isPublished="true">
     <StructElement name="itemID" description="itemID">
       <DataTypeRefParam dataType="std::string"/>
     </StructElement>
     <StructElement name="itemRevID" description="itemRevID">
       <DataTypeRefParam dataType="std::string"/>
     </StructElement>
     <StructElement name="itemRevUID" description="itemRevUID">
       <DataTypeRefParam dataType="std::string"/>
     </StructElement>
     <StructElement name="itemName" description="itemName">
       <DataTypeRefParam dataType="std::string"/>
     </StructElement>
     <StructElement name="itemRevDescription" description="itemRevDescription">
       <DataTypeRefParam dataType="std::string"/>
     </StructElement>
     <StructElement name="uom" description="uom">
       <DataTypeRefParam dataType="std::string"/>
     </StructElement>
     <StructElement name="bpcsFamilyCode" description="bpcsFamilyCode">
       <DataTypeRefParam dataType="std::string"/>
     </StructElement>
     <StructElement name="bpcsSubFamilyCode" description="bpcsSubFamilyCode">
       <DataTypeRefParam dataType="std::string"/>
     </StructElement>
     <StructElement name="designLevel" description="designLevel">
       <DataTypeRefParam dataType="std::string"/>
     </StructElement>
     <StructElement name="releaseLevel" description="releaseLevel">
       <DataTypeRefParam dataType="std::string"/>
     </StructElement>
     <StructElement name="makeOrBuy" description="makeOrBuy">
       <DataTypeRefParam dataType="std::string"/>
     </StructElement>
     <StructElement name="spendType" description="spendType">
       <DataTypeRefParam dataType="std::string"/>
     </StructElement>
     <StructElement name="partWeight" description="partWeight">
       <DataTypeRefParam dataType="std::string"/>
     </StructElement>
     <StructElement name="newBPCSItemNeeded" description="newBPCSItemNeeded">
       <DataTypeRefParam dataType="std::string"/>
     </StructElement>
     <StructElement name="erpPartNumbers" description="erpPartNumbers">
       <DataTypeRefParam dataType="T8::Soa::TITCERPService::_2018_11::TITCERPIntegration::ERPPartNumbersMap"/>
     </StructElement>
     <StructElement name="customerData" description="customerData">
       <DataTypeRefParam dataType="std::vector">
          <DataTypeRefParam dataType="T8::Soa::TITCERPService::_2018_11::TITCERPIntegration::CustomerData"/>
       </DataTypeRefParam>
     </StructElement>
     <StructElement name="erpItemClass" description="erpItemClass">
       <DataTypeRefParam dataType="std::string"/>
     </StructElement>
   </Struct>
   <Struct name="PrgVariantRevisionData" createRelease="tc11000.6.0" scope="T8::Soa::TITCERPService::TITCERPIntegration"
       namespace="T8::Soa::TITCERPService::_2018_11::TITCERPIntegration" isPublished="true">
     <StructElement name="itemID" description="itemID">
       <DataTypeRefParam dataType="std::string"/>
     </StructElement>
     <StructElement name="itemRevID" description="itemRevID">
       <DataTypeRefParam dataType="std::string"/>
     </StructElement>
     <StructElement name="itemRevUID" description="itemRevUID">
       <DataTypeRefParam dataType="std::string"/>
     </StructElement>
     <StructElement name="itemName" description="itemName">
       <DataTypeRefParam dataType="std::string"/>
     </StructElement>
     <StructElement name="itemRevDescription" description="itemRevDescription">
       <DataTypeRefParam dataType="std::string"/>
     </StructElement>
     <StructElement name="uom" description="uom">
       <DataTypeRefParam dataType="std::string"/>
     </StructElement>
     <StructElement name="bpcsFamilyCode" description="bpcsFamilyCode">
       <DataTypeRefParam dataType="std::string"/>
     </StructElement>
     <StructElement name="bpcsSubFamilyCode" description="bpcsSubFamilyCode">
       <DataTypeRefParam dataType="std::string"/>
     </StructElement>
     <StructElement name="designLevel" description="designLevel">
       <DataTypeRefParam dataType="std::string"/>
     </StructElement>
     <StructElement name="releaseLevel" description="releaseLevel">
       <DataTypeRefParam dataType="std::string"/>
     </StructElement>
     <StructElement name="makeOrBuy" description="makeOrBuy">
       <DataTypeRefParam dataType="std::string"/>
     </StructElement>
     <StructElement name="spendType" description="spendType">
       <DataTypeRefParam dataType="std::string"/>
     </StructElement>
     <StructElement name="partWeight" description="partWeight">
       <DataTypeRefParam dataType="std::string"/>
     </StructElement>
     <StructElement name="newBPCSItemNeeded" description="newBPCSItemNeeded">
       <DataTypeRefParam dataType="std::string"/>
     </StructElement>
     <StructElement name="erpPartNumbers" description="erpPartNumbers">
       <DataTypeRefParam dataType="T8::Soa::TITCERPService::_2018_11::TITCERPIntegration::ERPPartNumbersMap"/>
     </StructElement>
     <StructElement name="customerData" description="customerData">
       <DataTypeRefParam dataType="std::vector">
          <DataTypeRefParam dataType="T8::Soa::TITCERPService::_2018_11::TITCERPIntegration::CustomerData"/>
       </DataTypeRefParam>
     </StructElement>
     <StructElement name="erpItemClass" description="erpItemClass">
       <DataTypeRefParam dataType="std::string"/>
     </StructElement>
   </Struct>
   <Struct name="ProductRevisionData" createRelease="tc11000.6.0" scope="T8::Soa::TITCERPService::TITCERPIntegration"
       namespace="T8::Soa::TITCERPService::_2018_11::TITCERPIntegration" isPublished="true">
     <StructElement name="itemID" description="Item ID">
       <DataTypeRefParam dataType="std::string"/>
     </StructElement>
     <StructElement name="itemRevID" description="Item Rev ID">
       <DataTypeRefParam dataType="std::string"/>
     </StructElement>
     <StructElement name="itemRevUID" description="strItemRevUID">
       <DataTypeRefParam dataType="std::string"/>
     </StructElement>
     <StructElement name="itemName" description="itemName">
       <DataTypeRefParam dataType="std::string"/>
     </StructElement>
     <StructElement name="itemRevDescription" description="ItemRevDescription">
       <DataTypeRefParam dataType="std::string"/>
     </StructElement>
     <StructElement name="uom" description="uom">
       <DataTypeRefParam dataType="std::string"/>
     </StructElement>
     <StructElement name="drawingNum" description="drawingNumber">
       <DataTypeRefParam dataType="std::string"/>
     </StructElement>
     <StructElement name="drawingNumRev" description="drawingNumRev">
       <DataTypeRefParam dataType="std::string"/>
     </StructElement>
     <StructElement name="bpcsFamilyCode" description="bPCSFamilyCode">
       <DataTypeRefParam dataType="std::string"/>
     </StructElement>
     <StructElement name="bpcsSubFamilyCode" description="BPCSSubFamilyCode">
       <DataTypeRefParam dataType="std::string"/>
     </StructElement>
     <StructElement name="designLevel" description="designLevel">
       <DataTypeRefParam dataType="std::string"/>
     </StructElement>
     <StructElement name="releaseLevel" description="releaseLevel">
       <DataTypeRefParam dataType="std::string"/>
     </StructElement>
     <StructElement name="makeOrBuy" description="makeorbuy">
       <DataTypeRefParam dataType="std::string"/>
     </StructElement>
     <StructElement name="spendType" description="spendType">
       <DataTypeRefParam dataType="std::string"/>
     </StructElement>
     <StructElement name="partWeight" description="partWeight">
       <DataTypeRefParam dataType="std::string"/>
     </StructElement>
     <StructElement name="newBPCSItemNeeded" description="isNewBPCSItemNeeded">
       <DataTypeRefParam dataType="std::string"/>
     </StructElement>
     <StructElement name="erpPartNumbers" description="mERPPartNumbers">
       <DataTypeRefParam dataType="T8::Soa::TITCERPService::_2018_11::TITCERPIntegration::ERPPartNumbersMap"/>
     </StructElement>
     <StructElement name="customerData" description="vCustomerData">
       <DataTypeRefParam dataType="std::vector">
          <DataTypeRefParam dataType="T8::Soa::TITCERPService::_2018_11::TITCERPIntegration::CustomerData"/>
       </DataTypeRefParam>
     </StructElement>
     <StructElement name="erpItemClass" description="erpItemClass">
       <DataTypeRefParam dataType="std::string"/>
     </StructElement>
   </Struct>
   <Struct name="SellingPriceInputData" createRelease="tc11000.6.0" scope="T8::Soa::TITCERPService::TITCERPIntegration"
       namespace="T8::Soa::TITCERPService::_2018_11::TITCERPIntegration" isPublished="true">
     <StructElement name="costID" description="costID">
       <DataTypeRefParam dataType="std::string"/>
     </StructElement>
     <StructElement name="itemID" description="itemID">
       <DataTypeRefParam dataType="std::string"/>
     </StructElement>
     <StructElement name="itemRevID" description="itemRevID">
       <DataTypeRefParam dataType="std::string"/>
     </StructElement>
     <StructElement name="bpcsItemID" description="bpcsItemID">
       <DataTypeRefParam dataType="std::string"/>
     </StructElement>
     <StructElement name="itemDesc" description="itemDesc">
       <DataTypeRefParam dataType="std::string"/>
     </StructElement>
     <StructElement name="extraDesc" description="extraDesc">
       <DataTypeRefParam dataType="std::string"/>
     </StructElement>
     <StructElement name="sellingPriceRecords" description="SellingPriceRecords">
       <DataTypeRefParam dataType="std::vector">
          <DataTypeRefParam dataType="T8::Soa::TITCERPService::_2018_11::TITCERPIntegration::SellingPriceRecord"/>
       </DataTypeRefParam>
     </StructElement>
   </Struct>
   <Struct name="SellingPriceRecord" createRelease="tc11000.6.0" scope="T8::Soa::TITCERPService::TITCERPIntegration"
       namespace="T8::Soa::TITCERPService::_2018_11::TITCERPIntegration" isPublished="true">
     <StructElement name="plant" description="plant">
       <DataTypeRefParam dataType="std::string"/>
     </StructElement>
     <StructElement name="priceCode" description="priceCode">
       <DataTypeRefParam dataType="std::string"/>
     </StructElement>
     <StructElement name="price" description="price">
       <DataTypeRefParam dataType="std::string"/>
     </StructElement>
     <StructElement name="priceBase" description="priceBase">
       <DataTypeRefParam dataType="std::string"/>
     </StructElement>
     <StructElement name="tiEffectiveDate" description="tiEffectiveDate">
       <DataTypeRefParam dataType="std::string"/>
     </StructElement>
     <StructElement name="poEffectiveDate" description="poEffectiveDate">
       <DataTypeRefParam dataType="std::string"/>
     </StructElement>
     <StructElement name="expirationDate" description="expirationDate">
       <DataTypeRefParam dataType="std::string"/>
     </StructElement>
     <StructElement name="containerCode" description="containerCode">
       <DataTypeRefParam dataType="std::string"/>
     </StructElement>
     <StructElement name="purchaseOrder" description="purchaseOrder">
       <DataTypeRefParam dataType="std::string"/>
     </StructElement>
     <StructElement name="customerCode" description="customerCode">
       <DataTypeRefParam dataType="std::string"/>
     </StructElement>
     <StructElement name="comments" description="comments">
       <DataTypeRefParam dataType="std::string"/>
     </StructElement>
     <StructElement name="currency" description="currency">
       <DataTypeRefParam dataType="std::string"/>
     </StructElement>
   </Struct>
   <Struct name="SellingPriceResponse" createRelease="tc11000.6.0" scope="T8::Soa::TITCERPService::TITCERPIntegration"
       namespace="T8::Soa::TITCERPService::_2018_11::TITCERPIntegration" isPublished="true">
     <StructElement name="costID" description="costID">
       <DataTypeRefParam dataType="std::string"/>
     </StructElement>
     <StructElement name="itemID" description="itemID">
       <DataTypeRefParam dataType="std::string"/>
     </StructElement>
     <StructElement name="itemRevID" description="itemRevID">
       <DataTypeRefParam dataType="std::string"/>
     </StructElement>
     <StructElement name="bpcsItemID" description="bpcsItemID">
       <DataTypeRefParam dataType="std::string"/>
     </StructElement>
     <StructElement name="importStatus" description="importStatus">
       <DataTypeRefParam dataType="std::string"/>
     </StructElement>
     <StructElement name="reasonForFailure" description="reasonForFailure">
       <DataTypeRefParam dataType="std::string"/>
     </StructElement>
   </Struct>
   <Struct name="StandardCostInputData" createRelease="tc11000.6.0" scope="T8::Soa::TITCERPService::TITCERPIntegration"
       namespace="T8::Soa::TITCERPService::_2018_11::TITCERPIntegration" isPublished="true">
     <StructElement name="costID" description="costID">
       <DataTypeRefParam dataType="std::string"/>
     </StructElement>
     <StructElement name="itemID" description="itemID">
       <DataTypeRefParam dataType="std::string"/>
     </StructElement>
     <StructElement name="itemRevID" description="itemRevID">
       <DataTypeRefParam dataType="std::string"/>
     </StructElement>
     <StructElement name="bpcsItemID" description="bpcsItemID">
       <DataTypeRefParam dataType="std::string"/>
     </StructElement>
     <StructElement name="itemDesc" description="itemDesc">
       <DataTypeRefParam dataType="std::string"/>
     </StructElement>
     <StructElement name="extraDesc" description="extraDesc">
       <DataTypeRefParam dataType="std::string"/>
     </StructElement>
     <StructElement name="standardCostRecords" description="standardCostRecords">
       <DataTypeRefParam dataType="std::vector">
          <DataTypeRefParam dataType="T8::Soa::TITCERPService::_2018_11::TITCERPIntegration::StandardCostRecord"/>
       </DataTypeRefParam>
     </StructElement>
   </Struct>
   <Struct name="StandardCostRecord" createRelease="tc11000.6.0" scope="T8::Soa::TITCERPService::TITCERPIntegration"
       namespace="T8::Soa::TITCERPService::_2018_11::TITCERPIntegration" isPublished="true">
     <StructElement name="recordID" description="recordID">
       <DataTypeRefParam dataType="std::string"/>
     </StructElement>
     <StructElement name="facility" description="facility">
       <DataTypeRefParam dataType="std::string"/>
     </StructElement>
     <StructElement name="costSet" description="costSet">
       <DataTypeRefParam dataType="std::string"/>
     </StructElement>
     <StructElement name="costBucket" description="costBucket">
       <DataTypeRefParam dataType="std::string"/>
     </StructElement>
     <StructElement name="currentCost" description="currentCost">
       <DataTypeRefParam dataType="std::string"/>
     </StructElement>
     <StructElement name="quantity" description="quantity">
       <DataTypeRefParam dataType="std::string"/>
     </StructElement>
     <StructElement name="stockingUOM" description="stockingUOM">
       <DataTypeRefParam dataType="std::string"/>
     </StructElement>
     <StructElement name="currency" description="currency">
       <DataTypeRefParam dataType="std::string"/>
     </StructElement>
   </Struct>
   <Struct name="StandardCostResponse" createRelease="tc11000.6.0" scope="T8::Soa::TITCERPService::TITCERPIntegration"
       namespace="T8::Soa::TITCERPService::_2018_11::TITCERPIntegration" isPublished="true">
     <StructElement name="costID" description="costID">
       <DataTypeRefParam dataType="std::string"/>
     </StructElement>
     <StructElement name="itemID" description="itemID">
       <DataTypeRefParam dataType="std::string"/>
     </StructElement>
     <StructElement name="itemRevID" description="itemRevID">
       <DataTypeRefParam dataType="std::string"/>
     </StructElement>
     <StructElement name="bpcsItemID" description="bpcsItemID">
       <DataTypeRefParam dataType="std::string"/>
     </StructElement>
     <StructElement name="importStatus" description="importStatus">
       <DataTypeRefParam dataType="std::string"/>
     </StructElement>
     <StructElement name="reasonForFailure" description="reasonForFailure">
       <DataTypeRefParam dataType="std::string"/>
     </StructElement>
   </Struct>
   <OperationTemplate id="T8::Soa::TITCERPService::_2018_11::TITCERPIntegration::GetContractedCostResponse#T8::Soa::TITCERPService::TITCERPIntegration::importContractedCostInfo#const,T8::Soa::TITCERPService::_2018_11::TITCERPIntegration::GetContractedCostInput,&amp;"
       name="T8::Soa::TITCERPService::TITCERPIntegration::importContractedCostInfo"
       returnConst="false" createRelease="tc11000.6.0" description="" const="false"
       static="false" returnFreeMemory="false" returnDescription="">
     <OperationReturnDataTypeRef dataType="T8::Soa::TITCERPService::_2018_11::TITCERPIntegration::GetContractedCostResponse"
          qualifier=""/>
     <OperationParameter name="getContractedCostInputs" description="getContractedCostInputs"
          const="true" inputOutput="Input" freeOutputMemory="false" defaultValue="">
       <OperationParameterDataTypeRef dataType="T8::Soa::TITCERPService::_2018_11::TITCERPIntegration::GetContractedCostInput"
            qualifier="&amp;"/>
     </OperationParameter>
   </OperationTemplate>
   <OperationTemplate id="T8::Soa::TITCERPService::_2018_11::TITCERPIntegration::GetPartTransferResponse#T8::Soa::TITCERPService::TITCERPIntegration::getPartTransferInfo#const,T8::Soa::TITCERPService::_2018_11::TITCERPIntegration::GetPartTransferInput,&amp;"
       name="T8::Soa::TITCERPService::TITCERPIntegration::getPartTransferInfo" returnConst="false"
       createRelease="tc11000.6.0" description="" const="false" static="false" returnFreeMemory="false"
       returnDescription="">
     <OperationReturnDataTypeRef dataType="T8::Soa::TITCERPService::_2018_11::TITCERPIntegration::GetPartTransferResponse"
          qualifier=""/>
     <OperationParameter name="getPartTransferInputs" description="getPartTransferInputs"
          const="true" inputOutput="Input" freeOutputMemory="false" defaultValue="">
       <OperationParameterDataTypeRef dataType="T8::Soa::TITCERPService::_2018_11::TITCERPIntegration::GetPartTransferInput"
            qualifier="&amp;"/>
     </OperationParameter>
   </OperationTemplate>
   <OperationTemplate id="T8::Soa::TITCERPService::_2018_11::TITCERPIntegration::GetSellingPriceResponse#T8::Soa::TITCERPService::TITCERPIntegration::importSellingPriceInfo#const,T8::Soa::TITCERPService::_2018_11::TITCERPIntegration::GetSellingPriceInput,&amp;"
       name="T8::Soa::TITCERPService::TITCERPIntegration::importSellingPriceInfo"
       returnConst="false" createRelease="tc11000.6.0" description="" const="false"
       static="false" returnFreeMemory="false" returnDescription="">
     <OperationReturnDataTypeRef dataType="T8::Soa::TITCERPService::_2018_11::TITCERPIntegration::GetSellingPriceResponse"
          qualifier=""/>
     <OperationParameter name="getSellingPriceInputs" description="getSellingPriceInputs"
          const="true" inputOutput="Input" freeOutputMemory="false" defaultValue="">
       <OperationParameterDataTypeRef dataType="T8::Soa::TITCERPService::_2018_11::TITCERPIntegration::GetSellingPriceInput"
            qualifier="&amp;"/>
     </OperationParameter>
   </OperationTemplate>
   <OperationTemplate id="T8::Soa::TITCERPService::_2018_11::TITCERPIntegration::GetStandardCostResponse#T8::Soa::TITCERPService::TITCERPIntegration::importStandardCostInfo#const,T8::Soa::TITCERPService::_2018_11::TITCERPIntegration::GetStandardCostInput,&amp;"
       name="T8::Soa::TITCERPService::TITCERPIntegration::importStandardCostInfo"
       returnConst="false" createRelease="tc11000.6.0" description="" const="false"
       static="false" returnFreeMemory="false" returnDescription="">
     <OperationReturnDataTypeRef dataType="T8::Soa::TITCERPService::_2018_11::TITCERPIntegration::GetStandardCostResponse"
          qualifier=""/>
     <OperationParameter name="getStandardCostInputs" description="getStandardCostInputs"
          const="true" inputOutput="Input" freeOutputMemory="false" defaultValue="">
       <OperationParameterDataTypeRef dataType="T8::Soa::TITCERPService::_2018_11::TITCERPIntegration::GetStandardCostInput"
            qualifier="&amp;"/>
     </OperationParameter>
   </OperationTemplate>
   <Operation id="getPartTransferInfo#const,T8::Soa::TITCERPService::_2018_11::TITCERPIntegration::GetPartTransferInput,&amp;"
       name="getPartTransferInfo" createRelease="tc11000.6.0" description="" opTemplate="T8::Soa::TITCERPService::_2018_11::TITCERPIntegration::GetPartTransferResponse#T8::Soa::TITCERPService::TITCERPIntegration::getPartTransferInfo#const,T8::Soa::TITCERPService::_2018_11::TITCERPIntegration::GetPartTransferInput,&amp;"
       interface="T8::Soa::TITCERPService::TITCERPIntegration" isPublished="true"
       canOverride="false" isPreActionAllowed="false" isPostActionAllowed="false"
       isPreConditionAllowed="false" returnDescription="" component="" useCase=""
       dependencies="" exceptionCondition="">
     <ParameterInfo parameterName="getPartTransferInputs" description="getPartTransferInputs"/>
   </Operation>
   <Operation id="importContractedCostInfo#const,T8::Soa::TITCERPService::_2018_11::TITCERPIntegration::GetContractedCostInput,&amp;"
       name="importContractedCostInfo" createRelease="tc11000.6.0" description=""
       opTemplate="T8::Soa::TITCERPService::_2018_11::TITCERPIntegration::GetContractedCostResponse#T8::Soa::TITCERPService::TITCERPIntegration::importContractedCostInfo#const,T8::Soa::TITCERPService::_2018_11::TITCERPIntegration::GetContractedCostInput,&amp;"
       interface="T8::Soa::TITCERPService::TITCERPIntegration" isPublished="true"
       canOverride="false" isPreActionAllowed="false" isPostActionAllowed="false"
       isPreConditionAllowed="false" returnDescription="" component="" useCase=""
       dependencies="" exceptionCondition="">
     <ParameterInfo parameterName="getContractedCostInputs" description="getContractedCostInputs"/>
   </Operation>
   <Operation id="importSellingPriceInfo#const,T8::Soa::TITCERPService::_2018_11::TITCERPIntegration::GetSellingPriceInput,&amp;"
       name="importSellingPriceInfo" createRelease="tc11000.6.0" description="" opTemplate="T8::Soa::TITCERPService::_2018_11::TITCERPIntegration::GetSellingPriceResponse#T8::Soa::TITCERPService::TITCERPIntegration::importSellingPriceInfo#const,T8::Soa::TITCERPService::_2018_11::TITCERPIntegration::GetSellingPriceInput,&amp;"
       interface="T8::Soa::TITCERPService::TITCERPIntegration" isPublished="true"
       canOverride="false" isPreActionAllowed="false" isPostActionAllowed="false"
       isPreConditionAllowed="false" returnDescription="" component="" useCase=""
       dependencies="" exceptionCondition="">
     <ParameterInfo parameterName="getSellingPriceInputs" description="getSellingPriceInputs"/>
   </Operation>
   <Operation id="importStandardCostInfo#const,T8::Soa::TITCERPService::_2018_11::TITCERPIntegration::GetStandardCostInput,&amp;"
       name="importStandardCostInfo" createRelease="tc11000.6.0" description="" opTemplate="T8::Soa::TITCERPService::_2018_11::TITCERPIntegration::GetStandardCostResponse#T8::Soa::TITCERPService::TITCERPIntegration::importStandardCostInfo#const,T8::Soa::TITCERPService::_2018_11::TITCERPIntegration::GetStandardCostInput,&amp;"
       interface="T8::Soa::TITCERPService::TITCERPIntegration" isPublished="true"
       canOverride="false" isPreActionAllowed="false" isPostActionAllowed="false"
       isPreConditionAllowed="false" returnDescription="" component="" useCase=""
       dependencies="" exceptionCondition="">
     <ParameterInfo parameterName="getStandardCostInputs" description="getStandardCostInputs"/>
   </Operation>
</Add>
<Change>
   <TcDatasetToolActionAttach datasetType="MSProject" tool="MSProject" action="Open">
      <TcToolActionReference export="true" referenceName="MPP"/>
      <TcToolActionReference export="true" referenceName="Ms_Project_Doc"/>
      <TcToolActionReference export="true" referenceName="MsP_Exchange"/>
      <TcToolActionReference export="true" referenceName="MsP_Database"/>
      <TcToolActionReference export="true" referenceName="MsP_Template"/>
      <TcToolParameter name="$MPP"/>
      <TcToolParameter name="$Ms_Project_Doc"/>
      <TcToolParameter name="$MsP_Exchange"/>
      <TcToolParameter name="$MsP_Database"/>
      <TcToolParameter name="$MsP_Template"/>
   </TcDatasetToolActionAttach>
   <TcDatasetToolActionAttach datasetType="MSProject" tool="MSProject" action="OpenUsing">
      <TcToolActionReference export="true" referenceName="MPP"/>
      <TcToolActionReference export="true" referenceName="Ms_Project_Doc"/>
      <TcToolActionReference export="true" referenceName="MsP_Exchange"/>
      <TcToolActionReference export="true" referenceName="MsP_Database"/>
      <TcToolActionReference export="true" referenceName="MsP_Template"/>
      <TcToolParameter name="$MPP"/>
      <TcToolParameter name="$Ms_Project_Doc"/>
      <TcToolParameter name="$MsP_Exchange"/>
      <TcToolParameter name="$MsP_Database"/>
      <TcToolParameter name="$MsP_Template"/>
   </TcDatasetToolActionAttach>
   <TcTool toolName="AIE-UGpart" toolMimeType="application/aie" toolSymbol="C:\aie"
        toolVersion="1.0" toolReleaseDate="19-Dec-2006 14:43" toolLaunchCommandMac=""
        toolLaunchCommandWin="" toolDownloadRequired="false" toolCallbackEnabled="false"
        toolViewCapable="false" toolMarkupCapable="false" toolEmbedApplication="false"
        toolVviRequired="false" toolDigitalSignatureCapable="false" packageName="com.teamcenter.core.options.tool"
        description=""/>
   <TcTool toolName="AuditLogReader" toolMimeType="text/html" toolSymbol="%IMAN_BIN%\start_AuditRead.bat"
        toolVersion="1.0" toolReleaseDate="29-Aug-2009 10:46" toolLaunchCommandMac=""
        toolLaunchCommandWin="" toolDownloadRequired="false" toolCallbackEnabled="false"
        toolViewCapable="false" toolMarkupCapable="false" toolEmbedApplication="false"
        toolVviRequired="false" toolDigitalSignatureCapable="false" description="This tool will open the audit log xml in a html reader"/>
   <TcTool toolName="CAE_Dummy" toolMimeType="" toolSymbol="CAE_Dummy" toolVersion="1.0"
        toolReleaseDate="19-Dec-2006 14:45" toolLaunchCommandMac="" toolLaunchCommandWin=""
        toolDownloadRequired="false" toolCallbackEnabled="false" toolViewCapable="false"
        toolMarkupCapable="false" toolEmbedApplication="false" toolVviRequired="false"
        toolDigitalSignatureCapable="false" packageName="com.teamcenter.core.options.tool"
        description=""/>
   <TcTool toolName="CatiaExport" toolMimeType="application/catia" toolSymbol="CatiaExport"
        toolVersion="1.0" toolReleaseDate="14-Sep-2007 15:49" toolLaunchCommandMac=""
        toolLaunchCommandWin="" toolDownloadRequired="false" toolCallbackEnabled="false"
        toolViewCapable="false" toolMarkupCapable="false" toolEmbedApplication="false"
        toolVviRequired="false" toolDigitalSignatureCapable="false" description=""/>
   <TcTool toolName="IExplore" toolMimeType="text/html" toolSymbol="$TC_BIN/start_iexplore.bat"
        toolVersion="1.0" toolReleaseDate="19-Dec-2006 14:43" toolLaunchCommandMac=""
        toolLaunchCommandWin="" toolDownloadRequired="false" toolCallbackEnabled="false"
        toolViewCapable="false" toolMarkupCapable="false" toolEmbedApplication="false"
        toolVviRequired="false" toolDigitalSignatureCapable="false" packageName="com.teamcenter.core.options.tool"
        description=""/>
   <TcTool toolName="Ideas" toolMimeType="application/iman-ideas" toolSymbol="C:\SDRC"
        toolVersion="1.0" toolReleaseDate="14-Sep-2007 15:51" toolLaunchCommandMac=""
        toolLaunchCommandWin="" toolDownloadRequired="false" toolCallbackEnabled="false"
        toolViewCapable="false" toolMarkupCapable="false" toolEmbedApplication="false"
        toolVviRequired="false" toolDigitalSignatureCapable="false" description=""/>
   <TcTool toolName="Image Editor" toolMimeType="" toolSymbol="$TC_BIN/image_edit"
        toolVersion="1.0" toolReleaseDate="19-Dec-2006 14:43" toolLaunchCommandMac=""
        toolLaunchCommandWin="" toolDownloadRequired="false" toolCallbackEnabled="false"
        toolViewCapable="false" toolMarkupCapable="false" toolEmbedApplication="false"
        toolVviRequired="false" toolDigitalSignatureCapable="false" packageName="com.teamcenter.core.options.tool"
        description=""/>
   <TcTool toolName="Image Viewer" toolMimeType="" toolSymbol="$TC_BIN/image_view"
        toolVersion="1.0" toolReleaseDate="19-Dec-2006 14:43" toolLaunchCommandMac=""
        toolLaunchCommandWin="" toolDownloadRequired="false" toolCallbackEnabled="false"
        toolViewCapable="false" toolMarkupCapable="false" toolEmbedApplication="false"
        toolVviRequired="false" toolDigitalSignatureCapable="false" packageName="com.teamcenter.core.options.tool"
        description=""/>
   <TcTool toolName="MSProject" toolMimeType="application/vnd.ms-project" toolSymbol="$IMAN_BIN/msproject"
        toolVersion="1.0" toolReleaseDate="14-Sep-2007 15:42" toolLaunchCommandMac=""
        toolLaunchCommandWin="" toolDownloadRequired="false" toolCallbackEnabled="false"
        toolViewCapable="false" toolMarkupCapable="false" toolEmbedApplication="false"
        toolVviRequired="false" toolDigitalSignatureCapable="false" description=""/>
   <TcTool toolName="MarkUp Tool" toolMimeType="" toolSymbol="$TC_BIN/image_markup"
        toolVersion="1.0" toolReleaseDate="19-Dec-2006 14:43" toolLaunchCommandMac=""
        toolLaunchCommandWin="" toolDownloadRequired="false" toolCallbackEnabled="false"
        toolViewCapable="false" toolMarkupCapable="false" toolEmbedApplication="false"
        toolVviRequired="false" toolDigitalSignatureCapable="false" packageName="com.teamcenter.core.options.tool"
        description=""/>
   <TcTool toolName="NX_AI_TOOL" toolMimeType="application/ugmportal" toolSymbol="ugv10_shell"
        toolVersion="1.0" toolReleaseDate="19-Dec-2006 14:45" toolLaunchCommandMac=""
        toolLaunchCommandWin="" toolDownloadRequired="false" toolCallbackEnabled="false"
        toolViewCapable="false" toolMarkupCapable="false" toolEmbedApplication="false"
        toolVviRequired="false" toolDigitalSignatureCapable="false" packageName="com.teamcenter.core.options.tool"
        description=""/>
   <TcTool toolName="NoOp" toolMimeType="*" toolSymbol="StubPrg" toolVersion="1.0"
        toolReleaseDate="19-Dec-2006 14:44" toolLaunchCommandMac="" toolLaunchCommandWin=""
        toolDownloadRequired="false" toolCallbackEnabled="false" toolViewCapable="false"
        toolMarkupCapable="false" toolEmbedApplication="false" toolVviRequired="false"
        toolDigitalSignatureCapable="false" packageName="com.teamcenter.core.options.tool"
        description=""/>
   <TcTool toolName="NoteEditor" toolMimeType="text/plain" toolSymbol="NoteEditor"
        toolVersion="1.0" toolReleaseDate="19-Dec-2006 14:43" toolLaunchCommandMac=""
        toolLaunchCommandWin="" toolDownloadRequired="false" toolCallbackEnabled="false"
        toolViewCapable="false" toolMarkupCapable="false" toolEmbedApplication="false"
        toolVviRequired="false" toolDigitalSignatureCapable="false" packageName="com.teamcenter.core.options.tool"
        description=""/>
   <TcTool toolName="Notepad" toolMimeType="text/plain" toolSymbol="%SystemRoot%\notepad.exe"
        toolVersion="1.0" toolReleaseDate="19-Dec-2006 14:43" toolLaunchCommandMac=""
        toolLaunchCommandWin="" toolDownloadRequired="false" toolCallbackEnabled="false"
        toolViewCapable="false" toolMarkupCapable="false" toolEmbedApplication="false"
        toolVviRequired="false" toolDigitalSignatureCapable="false" packageName="com.teamcenter.core.options.tool"
        description=""/>
   <TcTool toolName="PV" toolMimeType="" toolSymbol="$TC_BIN/run_pv" toolVersion="1.0"
        toolReleaseDate="19-Dec-2006 14:43" toolLaunchCommandMac="" toolLaunchCommandWin=""
        toolDownloadRequired="false" toolCallbackEnabled="false" toolViewCapable="false"
        toolMarkupCapable="false" toolEmbedApplication="false" toolVviRequired="false"
        toolDigitalSignatureCapable="false" packageName="com.teamcenter.core.options.tool"
        description=""/>
   <TcTool toolName="PV MarkUp Tool" toolMimeType="" toolSymbol="$TC_BIN/pv_image_markup"
        toolVersion="1.0" toolReleaseDate="19-Dec-2006 14:43" toolLaunchCommandMac=""
        toolLaunchCommandWin="" toolDownloadRequired="false" toolCallbackEnabled="false"
        toolViewCapable="false" toolMarkupCapable="false" toolEmbedApplication="false"
        toolVviRequired="false" toolDigitalSignatureCapable="false" packageName="com.teamcenter.core.options.tool"
        description=""/>
   <TcTool toolName="PV VisView" toolMimeType="application/pvportal" toolSymbol="$TC_BIN/non_existent"
        toolVersion="1.0" toolReleaseDate="19-Dec-2006 14:43" toolLaunchCommandMac=""
        toolLaunchCommandWin="" toolDownloadRequired="false" toolCallbackEnabled="false"
        toolViewCapable="false" toolMarkupCapable="false" toolEmbedApplication="false"
        toolVviRequired="false" toolDigitalSignatureCapable="false" packageName="com.teamcenter.core.options.tool"
        description=""/>
   <TcTool toolName="Photoshop" toolMimeType="image/psd" toolSymbol="Photoshop" toolVersion="1.0"
        toolReleaseDate="19-Dec-2006 14:43" toolLaunchCommandMac="" toolLaunchCommandWin=""
        toolDownloadRequired="false" toolCallbackEnabled="false" toolViewCapable="false"
        toolMarkupCapable="false" toolEmbedApplication="false" toolVviRequired="false"
        toolDigitalSignatureCapable="false" packageName="com.teamcenter.core.options.tool"
        description=""/>
   <TcTool toolName="ProE" toolMimeType="" toolSymbol="$IMAN_BIN/ProE" toolVersion="1.0"
        toolReleaseDate="14-Sep-2007 15:49" toolLaunchCommandMac="" toolLaunchCommandWin=""
        toolDownloadRequired="false" toolCallbackEnabled="false" toolViewCapable="false"
        toolMarkupCapable="false" toolEmbedApplication="false" toolVviRequired="false"
        toolDigitalSignatureCapable="false" description=""/>
   <TcTool toolName="STL-VMU-NoBkm" toolMimeType="application/x-visnetwork" toolSymbol="$TC_BIN/non_existent"
        toolVersion="1.0" toolReleaseDate="19-Dec-2006 14:43" toolLaunchCommandMac=""
        toolLaunchCommandWin="" toolDownloadRequired="false" toolCallbackEnabled="false"
        toolViewCapable="false" toolMarkupCapable="false" toolEmbedApplication="false"
        toolVviRequired="false" toolDigitalSignatureCapable="false" packageName="com.teamcenter.core.options.tool"
        description=""/>
   <TcTool toolName="SmtpTool" toolMimeType="" toolSymbol="$TC_BIN/tc_mail_smtp" toolVersion="1.0"
        toolReleaseDate="19-Dec-2006 14:43" toolLaunchCommandMac="" toolLaunchCommandWin=""
        toolDownloadRequired="false" toolCallbackEnabled="false" toolViewCapable="false"
        toolMarkupCapable="false" toolEmbedApplication="false" toolVviRequired="false"
        toolDigitalSignatureCapable="false" packageName="com.teamcenter.core.options.tool"
        description=""/>
   <TcTool toolName="SpatialDataDummy" toolMimeType="" toolSymbol="SpatialDataDummy"
        toolVersion="1.0" toolReleaseDate="19-Dec-2006 14:43" toolLaunchCommandMac=""
        toolLaunchCommandWin="" toolDownloadRequired="false" toolCallbackEnabled="false"
        toolViewCapable="false" toolMarkupCapable="false" toolEmbedApplication="false"
        toolVviRequired="false" toolDigitalSignatureCapable="false" packageName="com.teamcenter.core.options.tool"
        description=""/>
   <TcTool toolName="TextEditor" toolMimeType="text/plain" toolSymbol="$TC_BIN/tc_edit"
        toolVersion="1.0" toolReleaseDate="19-Dec-2006 14:43" toolLaunchCommandMac=""
        toolLaunchCommandWin="" toolDownloadRequired="false" toolCallbackEnabled="false"
        toolViewCapable="false" toolMarkupCapable="false" toolEmbedApplication="false"
        toolVviRequired="false" toolDigitalSignatureCapable="false" packageName="com.teamcenter.core.options.tool"
        description=""/>
   <TcTool toolName="TextEditorNT" toolMimeType="text/plain" toolSymbol="%TC_BIN%\tc_edit.bat"
        toolVersion="1.0" toolReleaseDate="19-Dec-2006 14:43" toolLaunchCommandMac=""
        toolLaunchCommandWin="" toolDownloadRequired="false" toolCallbackEnabled="false"
        toolViewCapable="false" toolMarkupCapable="false" toolEmbedApplication="false"
        toolVviRequired="false" toolDigitalSignatureCapable="false" packageName="com.teamcenter.core.options.tool"
        description=""/>
   <TcTool toolName="UGII V10-ALL" toolMimeType="application/ugmportal" toolSymbol="ugv10_shell"
        toolVersion="1.0" toolReleaseDate="19-Dec-2006 14:43" toolLaunchCommandMac=""
        toolLaunchCommandWin="" toolDownloadRequired="false" toolCallbackEnabled="false"
        toolViewCapable="false" toolMarkupCapable="false" toolEmbedApplication="false"
        toolVviRequired="false" toolDigitalSignatureCapable="false" packageName="com.teamcenter.core.options.tool"
        description=""/>
   <TcTool toolName="UGII V10-ANALYSIS" toolMimeType="application/ugmportal" toolSymbol="ugv10_shell"
        toolVersion="1.0" toolReleaseDate="19-Dec-2006 14:43" toolLaunchCommandMac=""
        toolLaunchCommandWin="" toolDownloadRequired="false" toolCallbackEnabled="false"
        toolViewCapable="false" toolMarkupCapable="false" toolEmbedApplication="false"
        toolVviRequired="false" toolDigitalSignatureCapable="false" packageName="com.teamcenter.core.options.tool"
        description=""/>
   <TcTool toolName="UGII V10-BASE" toolMimeType="application/ugmportal" toolSymbol="ugv10_shell"
        toolVersion="1.0" toolReleaseDate="19-Dec-2006 14:43" toolLaunchCommandMac=""
        toolLaunchCommandWin="" toolDownloadRequired="false" toolCallbackEnabled="false"
        toolViewCapable="false" toolMarkupCapable="false" toolEmbedApplication="false"
        toolVviRequired="false" toolDigitalSignatureCapable="false" packageName="com.teamcenter.core.options.tool"
        description=""/>
   <TcTool toolName="UGII V10-CAM" toolMimeType="application/ugmportal" toolSymbol="ugv10_shell"
        toolVersion="1.0" toolReleaseDate="19-Dec-2006 14:43" toolLaunchCommandMac=""
        toolLaunchCommandWin="" toolDownloadRequired="false" toolCallbackEnabled="false"
        toolViewCapable="false" toolMarkupCapable="false" toolEmbedApplication="false"
        toolVviRequired="false" toolDigitalSignatureCapable="false" packageName="com.teamcenter.core.options.tool"
        description=""/>
   <TcTool toolName="UGII V10-DESIGN" toolMimeType="application/ugmportal" toolSymbol="ugv10_shell"
        toolVersion="1.0" toolReleaseDate="19-Dec-2006 14:43" toolLaunchCommandMac=""
        toolLaunchCommandWin="" toolDownloadRequired="false" toolCallbackEnabled="false"
        toolViewCapable="false" toolMarkupCapable="false" toolEmbedApplication="false"
        toolVviRequired="false" toolDigitalSignatureCapable="false" packageName="com.teamcenter.core.options.tool"
        description=""/>
   <TcTool toolName="UGII V10-DRAFTING" toolMimeType="application/ugmportal" toolSymbol="ugv10_shell"
        toolVersion="1.0" toolReleaseDate="19-Dec-2006 14:43" toolLaunchCommandMac=""
        toolLaunchCommandWin="" toolDownloadRequired="false" toolCallbackEnabled="false"
        toolViewCapable="false" toolMarkupCapable="false" toolEmbedApplication="false"
        toolVviRequired="false" toolDigitalSignatureCapable="false" packageName="com.teamcenter.core.options.tool"
        description=""/>
   <TcTool toolName="UGII V10-GATEWAY" toolMimeType="application/ugmportal" toolSymbol="ugv10_shell"
        toolVersion="1.0" toolReleaseDate="19-Dec-2006 14:43" toolLaunchCommandMac=""
        toolLaunchCommandWin="" toolDownloadRequired="false" toolCallbackEnabled="false"
        toolViewCapable="false" toolMarkupCapable="false" toolEmbedApplication="false"
        toolVviRequired="false" toolDigitalSignatureCapable="false" packageName="com.teamcenter.core.options.tool"
        description=""/>
   <TcTool toolName="UGII V10-GFEM" toolMimeType="application/ugmportal" toolSymbol="ugv10_shell"
        toolVersion="1.0" toolReleaseDate="19-Dec-2006 14:43" toolLaunchCommandMac=""
        toolLaunchCommandWin="" toolDownloadRequired="false" toolCallbackEnabled="false"
        toolViewCapable="false" toolMarkupCapable="false" toolEmbedApplication="false"
        toolVviRequired="false" toolDigitalSignatureCapable="false" packageName="com.teamcenter.core.options.tool"
        description=""/>
   <TcTool toolName="UGII V10-MECHANISM" toolMimeType="application/ugmportal" toolSymbol="ugv10_shell"
        toolVersion="1.0" toolReleaseDate="19-Dec-2006 14:43" toolLaunchCommandMac=""
        toolLaunchCommandWin="" toolDownloadRequired="false" toolCallbackEnabled="false"
        toolViewCapable="false" toolMarkupCapable="false" toolEmbedApplication="false"
        toolVviRequired="false" toolDigitalSignatureCapable="false" packageName="com.teamcenter.core.options.tool"
        description=""/>
   <TcTool toolName="UGII V10-MOLDFLOW" toolMimeType="application/ugmportal" toolSymbol="ugv10_shell"
        toolVersion="1.0" toolReleaseDate="19-Dec-2006 14:43" toolLaunchCommandMac=""
        toolLaunchCommandWin="" toolDownloadRequired="false" toolCallbackEnabled="false"
        toolViewCapable="false" toolMarkupCapable="false" toolEmbedApplication="false"
        toolVviRequired="false" toolDigitalSignatureCapable="false" packageName="com.teamcenter.core.options.tool"
        description=""/>
   <TcTool toolName="UGII V10-TEAM" toolMimeType="application/ugmportal" toolSymbol="ugv10_shell"
        toolVersion="1.0" toolReleaseDate="19-Dec-2006 14:43" toolLaunchCommandMac=""
        toolLaunchCommandWin="" toolDownloadRequired="false" toolCallbackEnabled="false"
        toolViewCapable="false" toolMarkupCapable="false" toolEmbedApplication="false"
        toolVviRequired="false" toolDigitalSignatureCapable="false" packageName="com.teamcenter.core.options.tool"
        description=""/>
   <TcTool toolName="UnZip" toolMimeType="application/x-zip-compressed" toolSymbol="$TC_BIN/run_unzip"
        toolVersion="1.0" toolReleaseDate="19-Dec-2006 14:44" toolLaunchCommandMac=""
        toolLaunchCommandWin="" toolDownloadRequired="false" toolCallbackEnabled="false"
        toolViewCapable="false" toolMarkupCapable="false" toolEmbedApplication="false"
        toolVviRequired="false" toolDigitalSignatureCapable="false" packageName="com.teamcenter.core.options.tool"
        description=""/>
   <TcTool toolName="VMU" toolMimeType="application/x-visnetwork" toolSymbol="$TC_BIN/non_existent"
        toolVersion="1.0" toolReleaseDate="19-Dec-2006 14:43" toolLaunchCommandMac=""
        toolLaunchCommandWin="" toolDownloadRequired="false" toolCallbackEnabled="false"
        toolViewCapable="false" toolMarkupCapable="false" toolEmbedApplication="false"
        toolVviRequired="false" toolDigitalSignatureCapable="false" packageName="com.teamcenter.core.options.tool"
        description=""/>
   <TcTool toolName="ValidationRuleSetEditor" toolMimeType="text/validationruleset"
        toolSymbol="$TC_BIN/validation_rule" toolVersion="1.0" toolReleaseDate="29-Aug-2009 10:46"
        toolLaunchCommandMac="" toolLaunchCommandWin="" toolDownloadRequired="false"
        toolCallbackEnabled="false" toolViewCapable="false" toolMarkupCapable="false"
        toolEmbedApplication="false" toolVviRequired="false" toolDigitalSignatureCapable="false"
        packageName="com.teamcenter.core.options.tool" description=""/>
   <TcTool toolName="VisPublishTP" toolMimeType="application/x-vtp" toolSymbol="$TC_BIN/run_vispublishtp"
        toolVersion="1.0" toolReleaseDate="19-Dec-2006 14:44" toolLaunchCommandMac=""
        toolLaunchCommandWin="" toolDownloadRequired="false" toolCallbackEnabled="false"
        toolViewCapable="false" toolMarkupCapable="false" toolEmbedApplication="false"
        toolVviRequired="false" toolDigitalSignatureCapable="false" packageName="com.teamcenter.core.options.tool"
        description=""/>
   <TcTool toolName="Visio" toolMimeType="application/vnd.visio" toolSymbol="$TC_BIN/run_visio"
        toolVersion="1.0" toolReleaseDate="19-Dec-2006 14:44" toolLaunchCommandMac=""
        toolLaunchCommandWin="" toolDownloadRequired="false" toolCallbackEnabled="false"
        toolViewCapable="false" toolMarkupCapable="false" toolEmbedApplication="false"
        toolVviRequired="false" toolDigitalSignatureCapable="false" packageName="com.teamcenter.core.options.tool"
        description=""/>
   <TcTool toolName="xmlEditor" toolMimeType="text/xml" toolSymbol="$TC_BIN/texteditor"
        toolVersion="1.0" toolReleaseDate="19-Dec-2006 14:43" toolLaunchCommandMac=""
        toolLaunchCommandWin="" toolDownloadRequired="false" toolCallbackEnabled="false"
        toolViewCapable="false" toolMarkupCapable="false" toolEmbedApplication="false"
        toolVviRequired="false" toolDigitalSignatureCapable="false" packageName="com.teamcenter.core.options.tool"
        description=""/>
</Change>
<Delete/>
</TcBusinessData>
