<?xml version="1.0" encoding="UTF-8"?>
<TcBusinessData xmlns="http://teamcenter.com/BusinessModel/TcBusinessData" Date="">
<Add/>
<Change>
   <TcDatasetToolActionAttach datasetType="MSProject" tool="MSProject" action="Open">
      <TcToolActionReference export="true" referenceName="MPP"/>
      <TcToolActionReference export="true" referenceName="Ms_Project_Doc"/>
      <TcToolActionReference export="true" referenceName="MsP_Exchange"/>
      <TcToolActionReference export="true" referenceName="MsP_Database"/>
      <TcToolActionReference export="true" referenceName="MsP_Template"/>
      <TcToolParameter name="$MPP"/>
      <TcToolParameter name="$Ms_Project_Doc"/>
      <TcToolParameter name="$MsP_Exchange"/>
      <TcToolParameter name="$MsP_Database"/>
      <TcToolParameter name="$MsP_Template"/>
   </TcDatasetToolActionAttach>
   <TcDatasetToolActionAttach datasetType="MSProject" tool="MSProject" action="OpenUsing">
      <TcToolActionReference export="true" referenceName="MPP"/>
      <TcToolActionReference export="true" referenceName="Ms_Project_Doc"/>
      <TcToolActionReference export="true" referenceName="MsP_Exchange"/>
      <TcToolActionReference export="true" referenceName="MsP_Database"/>
      <TcToolActionReference export="true" referenceName="MsP_Template"/>
      <TcToolParameter name="$MPP"/>
      <TcToolParameter name="$Ms_Project_Doc"/>
      <TcToolParameter name="$MsP_Exchange"/>
      <TcToolParameter name="$MsP_Database"/>
      <TcToolParameter name="$MsP_Template"/>
   </TcDatasetToolActionAttach>
   <TcTool toolName="AIE-UGpart" toolMimeType="application/aie" toolSymbol="C:\aie"
        toolVersion="1.0" toolReleaseDate="19-Dec-2006 14:43" toolLaunchCommandMac=""
        toolLaunchCommandWin="" toolDownloadRequired="false" toolCallbackEnabled="false"
        toolViewCapable="false" toolMarkupCapable="false" toolEmbedApplication="false"
        toolVviRequired="false" toolDigitalSignatureCapable="false" packageName="com.teamcenter.core.options.tool"
        description=""/>
   <TcTool toolName="AuditLogReader" toolMimeType="text/html" toolSymbol="%IMAN_BIN%\start_AuditRead.bat"
        toolVersion="1.0" toolReleaseDate="29-Aug-2009 10:46" toolLaunchCommandMac=""
        toolLaunchCommandWin="" toolDownloadRequired="false" toolCallbackEnabled="false"
        toolViewCapable="false" toolMarkupCapable="false" toolEmbedApplication="false"
        toolVviRequired="false" toolDigitalSignatureCapable="false" description="This tool will open the audit log xml in a html reader"/>
   <TcTool toolName="CAE_Dummy" toolMimeType="" toolSymbol="CAE_Dummy" toolVersion="1.0"
        toolReleaseDate="19-Dec-2006 14:45" toolLaunchCommandMac="" toolLaunchCommandWin=""
        toolDownloadRequired="false" toolCallbackEnabled="false" toolViewCapable="false"
        toolMarkupCapable="false" toolEmbedApplication="false" toolVviRequired="false"
        toolDigitalSignatureCapable="false" packageName="com.teamcenter.core.options.tool"
        description=""/>
   <TcTool toolName="CatiaExport" toolMimeType="application/catia" toolSymbol="CatiaExport"
        toolVersion="1.0" toolReleaseDate="14-Sep-2007 15:49" toolLaunchCommandMac=""
        toolLaunchCommandWin="" toolDownloadRequired="false" toolCallbackEnabled="false"
        toolViewCapable="false" toolMarkupCapable="false" toolEmbedApplication="false"
        toolVviRequired="false" toolDigitalSignatureCapable="false" description=""/>
   <TcTool toolName="IExplore" toolMimeType="text/html" toolSymbol="$TC_BIN/start_iexplore.bat"
        toolVersion="1.0" toolReleaseDate="19-Dec-2006 14:43" toolLaunchCommandMac=""
        toolLaunchCommandWin="" toolDownloadRequired="false" toolCallbackEnabled="false"
        toolViewCapable="false" toolMarkupCapable="false" toolEmbedApplication="false"
        toolVviRequired="false" toolDigitalSignatureCapable="false" packageName="com.teamcenter.core.options.tool"
        description=""/>
   <TcTool toolName="Ideas" toolMimeType="application/iman-ideas" toolSymbol="C:\SDRC"
        toolVersion="1.0" toolReleaseDate="14-Sep-2007 15:51" toolLaunchCommandMac=""
        toolLaunchCommandWin="" toolDownloadRequired="false" toolCallbackEnabled="false"
        toolViewCapable="false" toolMarkupCapable="false" toolEmbedApplication="false"
        toolVviRequired="false" toolDigitalSignatureCapable="false" description=""/>
   <TcTool toolName="Image Editor" toolMimeType="" toolSymbol="$TC_BIN/image_edit"
        toolVersion="1.0" toolReleaseDate="19-Dec-2006 14:43" toolLaunchCommandMac=""
        toolLaunchCommandWin="" toolDownloadRequired="false" toolCallbackEnabled="false"
        toolViewCapable="false" toolMarkupCapable="false" toolEmbedApplication="false"
        toolVviRequired="false" toolDigitalSignatureCapable="false" packageName="com.teamcenter.core.options.tool"
        description=""/>
   <TcTool toolName="Image Viewer" toolMimeType="" toolSymbol="$TC_BIN/image_view"
        toolVersion="1.0" toolReleaseDate="19-Dec-2006 14:43" toolLaunchCommandMac=""
        toolLaunchCommandWin="" toolDownloadRequired="false" toolCallbackEnabled="false"
        toolViewCapable="false" toolMarkupCapable="false" toolEmbedApplication="false"
        toolVviRequired="false" toolDigitalSignatureCapable="false" packageName="com.teamcenter.core.options.tool"
        description=""/>
   <TcTool toolName="MSProject" toolMimeType="application/vnd.ms-project" toolSymbol="$IMAN_BIN/msproject"
        toolVersion="1.0" toolReleaseDate="14-Sep-2007 15:42" toolLaunchCommandMac=""
        toolLaunchCommandWin="" toolDownloadRequired="false" toolCallbackEnabled="false"
        toolViewCapable="false" toolMarkupCapable="false" toolEmbedApplication="false"
        toolVviRequired="false" toolDigitalSignatureCapable="false" description=""/>
   <TcTool toolName="MarkUp Tool" toolMimeType="" toolSymbol="$TC_BIN/image_markup"
        toolVersion="1.0" toolReleaseDate="19-Dec-2006 14:43" toolLaunchCommandMac=""
        toolLaunchCommandWin="" toolDownloadRequired="false" toolCallbackEnabled="false"
        toolViewCapable="false" toolMarkupCapable="false" toolEmbedApplication="false"
        toolVviRequired="false" toolDigitalSignatureCapable="false" packageName="com.teamcenter.core.options.tool"
        description=""/>
   <TcTool toolName="NX_AI_TOOL" toolMimeType="application/ugmportal" toolSymbol="ugv10_shell"
        toolVersion="1.0" toolReleaseDate="19-Dec-2006 14:45" toolLaunchCommandMac=""
        toolLaunchCommandWin="" toolDownloadRequired="false" toolCallbackEnabled="false"
        toolViewCapable="false" toolMarkupCapable="false" toolEmbedApplication="false"
        toolVviRequired="false" toolDigitalSignatureCapable="false" packageName="com.teamcenter.core.options.tool"
        description=""/>
   <TcTool toolName="NoOp" toolMimeType="*" toolSymbol="StubPrg" toolVersion="1.0"
        toolReleaseDate="19-Dec-2006 14:44" toolLaunchCommandMac="" toolLaunchCommandWin=""
        toolDownloadRequired="false" toolCallbackEnabled="false" toolViewCapable="false"
        toolMarkupCapable="false" toolEmbedApplication="false" toolVviRequired="false"
        toolDigitalSignatureCapable="false" packageName="com.teamcenter.core.options.tool"
        description=""/>
   <TcTool toolName="NoteEditor" toolMimeType="text/plain" toolSymbol="NoteEditor"
        toolVersion="1.0" toolReleaseDate="19-Dec-2006 14:43" toolLaunchCommandMac=""
        toolLaunchCommandWin="" toolDownloadRequired="false" toolCallbackEnabled="false"
        toolViewCapable="false" toolMarkupCapable="false" toolEmbedApplication="false"
        toolVviRequired="false" toolDigitalSignatureCapable="false" packageName="com.teamcenter.core.options.tool"
        description=""/>
   <TcTool toolName="Notepad" toolMimeType="text/plain" toolSymbol="%SystemRoot%\notepad.exe"
        toolVersion="1.0" toolReleaseDate="19-Dec-2006 14:43" toolLaunchCommandMac=""
        toolLaunchCommandWin="" toolDownloadRequired="false" toolCallbackEnabled="false"
        toolViewCapable="false" toolMarkupCapable="false" toolEmbedApplication="false"
        toolVviRequired="false" toolDigitalSignatureCapable="false" packageName="com.teamcenter.core.options.tool"
        description=""/>
   <TcTool toolName="PV" toolMimeType="" toolSymbol="$TC_BIN/run_pv" toolVersion="1.0"
        toolReleaseDate="19-Dec-2006 14:43" toolLaunchCommandMac="" toolLaunchCommandWin=""
        toolDownloadRequired="false" toolCallbackEnabled="false" toolViewCapable="false"
        toolMarkupCapable="false" toolEmbedApplication="false" toolVviRequired="false"
        toolDigitalSignatureCapable="false" packageName="com.teamcenter.core.options.tool"
        description=""/>
   <TcTool toolName="PV MarkUp Tool" toolMimeType="" toolSymbol="$TC_BIN/pv_image_markup"
        toolVersion="1.0" toolReleaseDate="19-Dec-2006 14:43" toolLaunchCommandMac=""
        toolLaunchCommandWin="" toolDownloadRequired="false" toolCallbackEnabled="false"
        toolViewCapable="false" toolMarkupCapable="false" toolEmbedApplication="false"
        toolVviRequired="false" toolDigitalSignatureCapable="false" packageName="com.teamcenter.core.options.tool"
        description=""/>
   <TcTool toolName="PV VisView" toolMimeType="application/pvportal" toolSymbol="$TC_BIN/non_existent"
        toolVersion="1.0" toolReleaseDate="19-Dec-2006 14:43" toolLaunchCommandMac=""
        toolLaunchCommandWin="" toolDownloadRequired="false" toolCallbackEnabled="false"
        toolViewCapable="false" toolMarkupCapable="false" toolEmbedApplication="false"
        toolVviRequired="false" toolDigitalSignatureCapable="false" packageName="com.teamcenter.core.options.tool"
        description=""/>
   <TcTool toolName="Photoshop" toolMimeType="image/psd" toolSymbol="Photoshop" toolVersion="1.0"
        toolReleaseDate="19-Dec-2006 14:43" toolLaunchCommandMac="" toolLaunchCommandWin=""
        toolDownloadRequired="false" toolCallbackEnabled="false" toolViewCapable="false"
        toolMarkupCapable="false" toolEmbedApplication="false" toolVviRequired="false"
        toolDigitalSignatureCapable="false" packageName="com.teamcenter.core.options.tool"
        description=""/>
   <TcTool toolName="ProE" toolMimeType="" toolSymbol="$IMAN_BIN/ProE" toolVersion="1.0"
        toolReleaseDate="14-Sep-2007 15:49" toolLaunchCommandMac="" toolLaunchCommandWin=""
        toolDownloadRequired="false" toolCallbackEnabled="false" toolViewCapable="false"
        toolMarkupCapable="false" toolEmbedApplication="false" toolVviRequired="false"
        toolDigitalSignatureCapable="false" description=""/>
   <TcTool toolName="STL-VMU-NoBkm" toolMimeType="application/x-visnetwork" toolSymbol="$TC_BIN/non_existent"
        toolVersion="1.0" toolReleaseDate="19-Dec-2006 14:43" toolLaunchCommandMac=""
        toolLaunchCommandWin="" toolDownloadRequired="false" toolCallbackEnabled="false"
        toolViewCapable="false" toolMarkupCapable="false" toolEmbedApplication="false"
        toolVviRequired="false" toolDigitalSignatureCapable="false" packageName="com.teamcenter.core.options.tool"
        description=""/>
   <TcTool toolName="SmtpTool" toolMimeType="" toolSymbol="$TC_BIN/tc_mail_smtp" toolVersion="1.0"
        toolReleaseDate="19-Dec-2006 14:43" toolLaunchCommandMac="" toolLaunchCommandWin=""
        toolDownloadRequired="false" toolCallbackEnabled="false" toolViewCapable="false"
        toolMarkupCapable="false" toolEmbedApplication="false" toolVviRequired="false"
        toolDigitalSignatureCapable="false" packageName="com.teamcenter.core.options.tool"
        description=""/>
   <TcTool toolName="SpatialDataDummy" toolMimeType="" toolSymbol="SpatialDataDummy"
        toolVersion="1.0" toolReleaseDate="19-Dec-2006 14:43" toolLaunchCommandMac=""
        toolLaunchCommandWin="" toolDownloadRequired="false" toolCallbackEnabled="false"
        toolViewCapable="false" toolMarkupCapable="false" toolEmbedApplication="false"
        toolVviRequired="false" toolDigitalSignatureCapable="false" packageName="com.teamcenter.core.options.tool"
        description=""/>
   <TcTool toolName="TextEditor" toolMimeType="text/plain" toolSymbol="$TC_BIN/tc_edit"
        toolVersion="1.0" toolReleaseDate="19-Dec-2006 14:43" toolLaunchCommandMac=""
        toolLaunchCommandWin="" toolDownloadRequired="false" toolCallbackEnabled="false"
        toolViewCapable="false" toolMarkupCapable="false" toolEmbedApplication="false"
        toolVviRequired="false" toolDigitalSignatureCapable="false" packageName="com.teamcenter.core.options.tool"
        description=""/>
   <TcTool toolName="TextEditorNT" toolMimeType="text/plain" toolSymbol="%TC_BIN%\tc_edit.bat"
        toolVersion="1.0" toolReleaseDate="19-Dec-2006 14:43" toolLaunchCommandMac=""
        toolLaunchCommandWin="" toolDownloadRequired="false" toolCallbackEnabled="false"
        toolViewCapable="false" toolMarkupCapable="false" toolEmbedApplication="false"
        toolVviRequired="false" toolDigitalSignatureCapable="false" packageName="com.teamcenter.core.options.tool"
        description=""/>
   <TcTool toolName="UGII V10-ALL" toolMimeType="application/ugmportal" toolSymbol="ugv10_shell"
        toolVersion="1.0" toolReleaseDate="19-Dec-2006 14:43" toolLaunchCommandMac=""
        toolLaunchCommandWin="" toolDownloadRequired="false" toolCallbackEnabled="false"
        toolViewCapable="false" toolMarkupCapable="false" toolEmbedApplication="false"
        toolVviRequired="false" toolDigitalSignatureCapable="false" packageName="com.teamcenter.core.options.tool"
        description=""/>
   <TcTool toolName="UGII V10-ANALYSIS" toolMimeType="application/ugmportal" toolSymbol="ugv10_shell"
        toolVersion="1.0" toolReleaseDate="19-Dec-2006 14:43" toolLaunchCommandMac=""
        toolLaunchCommandWin="" toolDownloadRequired="false" toolCallbackEnabled="false"
        toolViewCapable="false" toolMarkupCapable="false" toolEmbedApplication="false"
        toolVviRequired="false" toolDigitalSignatureCapable="false" packageName="com.teamcenter.core.options.tool"
        description=""/>
   <TcTool toolName="UGII V10-BASE" toolMimeType="application/ugmportal" toolSymbol="ugv10_shell"
        toolVersion="1.0" toolReleaseDate="19-Dec-2006 14:43" toolLaunchCommandMac=""
        toolLaunchCommandWin="" toolDownloadRequired="false" toolCallbackEnabled="false"
        toolViewCapable="false" toolMarkupCapable="false" toolEmbedApplication="false"
        toolVviRequired="false" toolDigitalSignatureCapable="false" packageName="com.teamcenter.core.options.tool"
        description=""/>
   <TcTool toolName="UGII V10-CAM" toolMimeType="application/ugmportal" toolSymbol="ugv10_shell"
        toolVersion="1.0" toolReleaseDate="19-Dec-2006 14:43" toolLaunchCommandMac=""
        toolLaunchCommandWin="" toolDownloadRequired="false" toolCallbackEnabled="false"
        toolViewCapable="false" toolMarkupCapable="false" toolEmbedApplication="false"
        toolVviRequired="false" toolDigitalSignatureCapable="false" packageName="com.teamcenter.core.options.tool"
        description=""/>
   <TcTool toolName="UGII V10-DESIGN" toolMimeType="application/ugmportal" toolSymbol="ugv10_shell"
        toolVersion="1.0" toolReleaseDate="19-Dec-2006 14:43" toolLaunchCommandMac=""
        toolLaunchCommandWin="" toolDownloadRequired="false" toolCallbackEnabled="false"
        toolViewCapable="false" toolMarkupCapable="false" toolEmbedApplication="false"
        toolVviRequired="false" toolDigitalSignatureCapable="false" packageName="com.teamcenter.core.options.tool"
        description=""/>
   <TcTool toolName="UGII V10-DRAFTING" toolMimeType="application/ugmportal" toolSymbol="ugv10_shell"
        toolVersion="1.0" toolReleaseDate="19-Dec-2006 14:43" toolLaunchCommandMac=""
        toolLaunchCommandWin="" toolDownloadRequired="false" toolCallbackEnabled="false"
        toolViewCapable="false" toolMarkupCapable="false" toolEmbedApplication="false"
        toolVviRequired="false" toolDigitalSignatureCapable="false" packageName="com.teamcenter.core.options.tool"
        description=""/>
   <TcTool toolName="UGII V10-GATEWAY" toolMimeType="application/ugmportal" toolSymbol="ugv10_shell"
        toolVersion="1.0" toolReleaseDate="19-Dec-2006 14:43" toolLaunchCommandMac=""
        toolLaunchCommandWin="" toolDownloadRequired="false" toolCallbackEnabled="false"
        toolViewCapable="false" toolMarkupCapable="false" toolEmbedApplication="false"
        toolVviRequired="false" toolDigitalSignatureCapable="false" packageName="com.teamcenter.core.options.tool"
        description=""/>
   <TcTool toolName="UGII V10-GFEM" toolMimeType="application/ugmportal" toolSymbol="ugv10_shell"
        toolVersion="1.0" toolReleaseDate="19-Dec-2006 14:43" toolLaunchCommandMac=""
        toolLaunchCommandWin="" toolDownloadRequired="false" toolCallbackEnabled="false"
        toolViewCapable="false" toolMarkupCapable="false" toolEmbedApplication="false"
        toolVviRequired="false" toolDigitalSignatureCapable="false" packageName="com.teamcenter.core.options.tool"
        description=""/>
   <TcTool toolName="UGII V10-MECHANISM" toolMimeType="application/ugmportal" toolSymbol="ugv10_shell"
        toolVersion="1.0" toolReleaseDate="19-Dec-2006 14:43" toolLaunchCommandMac=""
        toolLaunchCommandWin="" toolDownloadRequired="false" toolCallbackEnabled="false"
        toolViewCapable="false" toolMarkupCapable="false" toolEmbedApplication="false"
        toolVviRequired="false" toolDigitalSignatureCapable="false" packageName="com.teamcenter.core.options.tool"
        description=""/>
   <TcTool toolName="UGII V10-MOLDFLOW" toolMimeType="application/ugmportal" toolSymbol="ugv10_shell"
        toolVersion="1.0" toolReleaseDate="19-Dec-2006 14:43" toolLaunchCommandMac=""
        toolLaunchCommandWin="" toolDownloadRequired="false" toolCallbackEnabled="false"
        toolViewCapable="false" toolMarkupCapable="false" toolEmbedApplication="false"
        toolVviRequired="false" toolDigitalSignatureCapable="false" packageName="com.teamcenter.core.options.tool"
        description=""/>
   <TcTool toolName="UGII V10-TEAM" toolMimeType="application/ugmportal" toolSymbol="ugv10_shell"
        toolVersion="1.0" toolReleaseDate="19-Dec-2006 14:43" toolLaunchCommandMac=""
        toolLaunchCommandWin="" toolDownloadRequired="false" toolCallbackEnabled="false"
        toolViewCapable="false" toolMarkupCapable="false" toolEmbedApplication="false"
        toolVviRequired="false" toolDigitalSignatureCapable="false" packageName="com.teamcenter.core.options.tool"
        description=""/>
   <TcTool toolName="UnZip" toolMimeType="application/x-zip-compressed" toolSymbol="$TC_BIN/run_unzip"
        toolVersion="1.0" toolReleaseDate="19-Dec-2006 14:44" toolLaunchCommandMac=""
        toolLaunchCommandWin="" toolDownloadRequired="false" toolCallbackEnabled="false"
        toolViewCapable="false" toolMarkupCapable="false" toolEmbedApplication="false"
        toolVviRequired="false" toolDigitalSignatureCapable="false" packageName="com.teamcenter.core.options.tool"
        description=""/>
   <TcTool toolName="VMU" toolMimeType="application/x-visnetwork" toolSymbol="$TC_BIN/non_existent"
        toolVersion="1.0" toolReleaseDate="19-Dec-2006 14:43" toolLaunchCommandMac=""
        toolLaunchCommandWin="" toolDownloadRequired="false" toolCallbackEnabled="false"
        toolViewCapable="false" toolMarkupCapable="false" toolEmbedApplication="false"
        toolVviRequired="false" toolDigitalSignatureCapable="false" packageName="com.teamcenter.core.options.tool"
        description=""/>
   <TcTool toolName="ValidationRuleSetEditor" toolMimeType="text/validationruleset"
        toolSymbol="$TC_BIN/validation_rule" toolVersion="1.0" toolReleaseDate="29-Aug-2009 10:46"
        toolLaunchCommandMac="" toolLaunchCommandWin="" toolDownloadRequired="false"
        toolCallbackEnabled="false" toolViewCapable="false" toolMarkupCapable="false"
        toolEmbedApplication="false" toolVviRequired="false" toolDigitalSignatureCapable="false"
        packageName="com.teamcenter.core.options.tool" description=""/>
   <TcTool toolName="VisPublishTP" toolMimeType="application/x-vtp" toolSymbol="$TC_BIN/run_vispublishtp"
        toolVersion="1.0" toolReleaseDate="19-Dec-2006 14:44" toolLaunchCommandMac=""
        toolLaunchCommandWin="" toolDownloadRequired="false" toolCallbackEnabled="false"
        toolViewCapable="false" toolMarkupCapable="false" toolEmbedApplication="false"
        toolVviRequired="false" toolDigitalSignatureCapable="false" packageName="com.teamcenter.core.options.tool"
        description=""/>
   <TcTool toolName="Visio" toolMimeType="application/vnd.visio" toolSymbol="$TC_BIN/run_visio"
        toolVersion="1.0" toolReleaseDate="19-Dec-2006 14:44" toolLaunchCommandMac=""
        toolLaunchCommandWin="" toolDownloadRequired="false" toolCallbackEnabled="false"
        toolViewCapable="false" toolMarkupCapable="false" toolEmbedApplication="false"
        toolVviRequired="false" toolDigitalSignatureCapable="false" packageName="com.teamcenter.core.options.tool"
        description=""/>
   <TcTool toolName="xmlEditor" toolMimeType="text/xml" toolSymbol="$TC_BIN/texteditor"
        toolVersion="1.0" toolReleaseDate="19-Dec-2006 14:43" toolLaunchCommandMac=""
        toolLaunchCommandWin="" toolDownloadRequired="false" toolCallbackEnabled="false"
        toolViewCapable="false" toolMarkupCapable="false" toolEmbedApplication="false"
        toolVviRequired="false" toolDigitalSignatureCapable="false" packageName="com.teamcenter.core.options.tool"
        description=""/>
</Change>
<Delete/>
</TcBusinessData>
