<?xml version="1.0" encoding="UTF-8"?>
<TcBusinessData xmlns="http://teamcenter.com/BusinessModel/TcBusinessData" Date="">
<Add>
   <TcClass className="T8_180ToolClipsFamily" parentClassName="t1aFamilyForm" isExportable="true"
       isUninstantiable="false" isUninheritable="false" description=""/>
   <TcClass className="T8_181ToolFiltrationFamily" parentClassName="t1aFamilyForm"
       isExportable="true" isUninstantiable="false" isUninheritable="false" description=""/>
   <TcClass className="T8_182ToolFittingsFamily" parentClassName="t1aFamilyForm" isExportable="true"
       isUninstantiable="false" isUninheritable="false" description=""/>
   <TcClass className="T8_183ToolFluidsLubricantsF" parentClassName="t1aFamilyForm"
       isExportable="true" isUninstantiable="false" isUninheritable="false" description=""/>
   <TcClass className="T8_184ToolGaugesFamily" parentClassName="t1aFamilyForm" isExportable="true"
       isUninstantiable="false" isUninheritable="false" description=""/>
   <TcClass className="T8_185ToolPackagingFamily" parentClassName="t1aFamilyForm"
       isExportable="true" isUninstantiable="false" isUninheritable="false" description=""/>
   <TcClass className="T8_186ToolToolsFamily" parentClassName="POM_object" isExportable="true"
       isUninstantiable="false" isUninheritable="false" description=""/>
   <OperationInputType typeName="T8_180ToolClipsFamilyCreI" parentTypeName="t1aFamilyFormCreI"
       typeClassName="T8_180ToolClipsFamilyCreI" description="CreateInput object for &quot;T8_180ToolClipsFamily&quot; business object"
       isAbstract="false" artifactName="T8_180ToolClipsFamilyCreI"/>
   <OperationInputType typeName="T8_180ToolClipsFamilySvAI" parentTypeName="t1aFamilyFormSvAI"
       typeClassName="T8_180ToolClipsFamilySvAI" description="SaveAsInput object for &quot;T8_180ToolClipsFamily&quot; business object"
       isAbstract="false" artifactName="T8_180ToolClipsFamilySvAI"/>
   <OperationInputType typeName="T8_181ToolFiltrationFamilyCreI" parentTypeName="t1aFamilyFormCreI"
       typeClassName="T8_181ToolFiltrationFamilyCreI" description="CreateInput object for &quot;T8_181ToolFiltrationFamily&quot; business object"
       isAbstract="false" artifactName="T8_181ToolFiltrationFamilyCreI"/>
   <OperationInputType typeName="T8_181ToolFiltrationFamilySvAI" parentTypeName="t1aFamilyFormSvAI"
       typeClassName="T8_181ToolFiltrationFamilySvAI" description="SaveAsInput object for &quot;T8_181ToolFiltrationFamily&quot; business object"
       isAbstract="false" artifactName="T8_181ToolFiltrationFamilySvAI"/>
   <OperationInputType typeName="T8_182ToolFittingsFamilyCreI" parentTypeName="t1aFamilyFormCreI"
       typeClassName="T8_182ToolFittingsFamilyCreI" description="CreateInput object for &quot;T8_182ToolFittingsFamily&quot; business object"
       isAbstract="false" artifactName="T8_182ToolFittingsFamilyCreI"/>
   <OperationInputType typeName="T8_182ToolFittingsFamilySvAI" parentTypeName="t1aFamilyFormSvAI"
       typeClassName="T8_182ToolFittingsFamilySvAI" description="SaveAsInput object for &quot;T8_182ToolFittingsFamily&quot; business object"
       isAbstract="false" artifactName="T8_182ToolFittingsFamilySvAI"/>
   <OperationInputType typeName="T8_183ToolFluidsLubric_alt0CreI" parentTypeName="t1aFamilyFormCreI"
       typeClassName="T8_183ToolFluidsLubric_alt0CreI" description="CreateInput object for &quot;T8_183ToolFluidsLubricantsF&quot; business object"
       isAbstract="true" artifactName="T8_183ToolFluidsLubric_alt0CreI"/>
   <OperationInputType typeName="T8_183ToolFluidsLubric_alt0SvAI" parentTypeName="t1aFamilyFormSvAI"
       typeClassName="T8_183ToolFluidsLubric_alt0SvAI" description="SaveAsInput object for &quot;T8_183ToolFluidsLubricantsF&quot; business object"
       isAbstract="true" artifactName="T8_183ToolFluidsLubric_alt0SvAI"/>
   <OperationInputType typeName="T8_184ToolGaugesFamilyCreI" parentTypeName="t1aFamilyFormCreI"
       typeClassName="T8_184ToolGaugesFamilyCreI" description="CreateInput object for &quot;T8_184ToolGaugesFamily&quot; business object"
       isAbstract="false" artifactName="T8_184ToolGaugesFamilyCreI"/>
   <OperationInputType typeName="T8_184ToolGaugesFamilySvAI" parentTypeName="t1aFamilyFormSvAI"
       typeClassName="T8_184ToolGaugesFamilySvAI" description="SaveAsInput object for &quot;T8_184ToolGaugesFamily&quot; business object"
       isAbstract="false" artifactName="T8_184ToolGaugesFamilySvAI"/>
   <OperationInputType typeName="T8_185ToolPackagingFamilyCreI" parentTypeName="t1aFamilyFormCreI"
       typeClassName="T8_185ToolPackagingFamilyCreI" description="CreateInput object for &quot;T8_185ToolPackagingFamily&quot; business object"
       isAbstract="false" artifactName="T8_185ToolPackagingFamilyCreI"/>
   <OperationInputType typeName="T8_185ToolPackagingFamilySvAI" parentTypeName="t1aFamilyFormSvAI"
       typeClassName="T8_185ToolPackagingFamilySvAI" description="SaveAsInput object for &quot;T8_185ToolPackagingFamily&quot; business object"
       isAbstract="false" artifactName="T8_185ToolPackagingFamilySvAI"/>
   <OperationInputType typeName="T8_186ToolToolsFamilyCreI" parentTypeName="POM_objectCreI"
       typeClassName="T8_186ToolToolsFamilyCreI" description="CreateInput object for &quot;T8_186ToolToolsFamily&quot; business object"
       isAbstract="false" artifactName="T8_186ToolToolsFamilyCreI"/>
   <OperationInputType typeName="T8_186ToolToolsFamilySvAI" parentTypeName="POM_objectSvAI"
       typeClassName="T8_186ToolToolsFamilySvAI" description="SaveAsInput object for &quot;T8_186ToolToolsFamily&quot; business object"
       isAbstract="false" artifactName="T8_186ToolToolsFamilySvAI"/>
   <OperationInputType typeName="T8_TI_ToolClipsFamilyCreI" parentTypeName="FormCreI"
       typeClassName="T8_TI_ToolClipsFamilyCreI" description="CreateInput object for &quot;T8_TI_ToolClipsFamily&quot; business object"
       isAbstract="false" artifactName="T8_TI_ToolClipsFamilyCreI"/>
   <OperationInputType typeName="T8_TI_ToolClipsFamilySvAI" parentTypeName="FormSvAI"
       typeClassName="T8_TI_ToolClipsFamilySvAI" description="SaveAsInput object for &quot;T8_TI_ToolClipsFamily&quot; business object"
       isAbstract="false" artifactName="T8_TI_ToolClipsFamilySvAI"/>
   <OperationInputType typeName="T8_TI_ToolFiltrationFamilyCreI" parentTypeName="FormCreI"
       typeClassName="T8_TI_ToolFiltrationFamilyCreI" description="CreateInput object for &quot;T8_TI_ToolFiltrationFamily&quot; business object"
       isAbstract="false" artifactName="T8_TI_ToolFiltrationFamilyCreI"/>
   <OperationInputType typeName="T8_TI_ToolFiltrationFamilySvAI" parentTypeName="FormSvAI"
       typeClassName="T8_TI_ToolFiltrationFamilySvAI" description="SaveAsInput object for &quot;T8_TI_ToolFiltrationFamily&quot; business object"
       isAbstract="false" artifactName="T8_TI_ToolFiltrationFamilySvAI"/>
   <OperationInputType typeName="T8_TI_ToolFittingsFamilyCreI" parentTypeName="FormCreI"
       typeClassName="T8_TI_ToolFittingsFamilyCreI" description="CreateInput object for &quot;T8_TI_ToolFittingsFamily&quot; business object"
       isAbstract="false" artifactName="T8_TI_ToolFittingsFamilyCreI"/>
   <OperationInputType typeName="T8_TI_ToolFittingsFamilySvAI" parentTypeName="FormSvAI"
       typeClassName="T8_TI_ToolFittingsFamilySvAI" description="SaveAsInput object for &quot;T8_TI_ToolFittingsFamily&quot; business object"
       isAbstract="false" artifactName="T8_TI_ToolFittingsFamilySvAI"/>
   <OperationInputType typeName="T8_TI_ToolFluidsLubric_alt0CreI" parentTypeName="FormCreI"
       typeClassName="T8_TI_ToolFluidsLubric_alt0CreI" description="CreateInput object for &quot;T8_TI_ToolFluidsLubricantsFamily&quot; business object"
       isAbstract="true" artifactName="T8_TI_ToolFluidsLubric_alt0CreI"/>
   <OperationInputType typeName="T8_TI_ToolFluidsLubric_alt0SvAI" parentTypeName="FormSvAI"
       typeClassName="T8_TI_ToolFluidsLubric_alt0SvAI" description="SaveAsInput object for &quot;T8_TI_ToolFluidsLubricantsFamily&quot; business object"
       isAbstract="true" artifactName="T8_TI_ToolFluidsLubric_alt0SvAI"/>
   <OperationInputType typeName="T8_TI_ToolGaugesFamilyCreI" parentTypeName="FormCreI"
       typeClassName="T8_TI_ToolGaugesFamilyCreI" description="CreateInput object for &quot;T8_TI_ToolGaugesFamily&quot; business object"
       isAbstract="false" artifactName="T8_TI_ToolGaugesFamilyCreI"/>
   <OperationInputType typeName="T8_TI_ToolGaugesFamilySvAI" parentTypeName="FormSvAI"
       typeClassName="T8_TI_ToolGaugesFamilySvAI" description="SaveAsInput object for &quot;T8_TI_ToolGaugesFamily&quot; business object"
       isAbstract="false" artifactName="T8_TI_ToolGaugesFamilySvAI"/>
   <OperationInputType typeName="T8_TI_ToolPackagingFamilyCreI" parentTypeName="FormCreI"
       typeClassName="T8_TI_ToolPackagingFamilyCreI" description="CreateInput object for &quot;T8_TI_ToolPackagingFamily&quot; business object"
       isAbstract="false" artifactName="T8_TI_ToolPackagingFamilyCreI"/>
   <OperationInputType typeName="T8_TI_ToolPackagingFamilySvAI" parentTypeName="FormSvAI"
       typeClassName="T8_TI_ToolPackagingFamilySvAI" description="SaveAsInput object for &quot;T8_TI_ToolPackagingFamily&quot; business object"
       isAbstract="false" artifactName="T8_TI_ToolPackagingFamilySvAI"/>
   <OperationInputType typeName="T8_TI_ToolToolsFamilyCreI" parentTypeName="FormCreI"
       typeClassName="T8_TI_ToolToolsFamilyCreI" description="CreateInput object for &quot;T8_TI_ToolToolsFamily&quot; business object"
       isAbstract="false" artifactName="T8_TI_ToolToolsFamilyCreI"/>
   <OperationInputType typeName="T8_TI_ToolToolsFamilySvAI" parentTypeName="FormSvAI"
       typeClassName="T8_TI_ToolToolsFamilySvAI" description="SaveAsInput object for &quot;T8_TI_ToolToolsFamily&quot; business object"
       isAbstract="false" artifactName="T8_TI_ToolToolsFamilySvAI"/>
   <TcForm typeName="T8_TI_ToolClipsFamily" parentTypeName="Form" typeClassName="Form"
       description="" isAbstract="false" artifactName="T8_TI_ToolClipsFamily" formStorageClassName="T8_180ToolClipsFamily"/>
   <TcForm typeName="T8_TI_ToolFiltrationFamily" parentTypeName="Form" typeClassName="Form"
       description="" isAbstract="false" artifactName="T8_TI_ToolFiltrationFamily"
       formStorageClassName="T8_181ToolFiltrationFamily"/>
   <TcForm typeName="T8_TI_ToolFittingsFamily" parentTypeName="Form" typeClassName="Form"
       description="" isAbstract="false" artifactName="T8_TI_ToolFittingsFamily" formStorageClassName="T8_182ToolFittingsFamily"/>
   <TcForm typeName="T8_TI_ToolFluidsLubricantsFamily" parentTypeName="Form" typeClassName="Form"
       description="" isAbstract="false" artifactName="T8_TI_ToolFluidsLubricantsFamily"
       formStorageClassName="T8_183ToolFluidsLubricantsF"/>
   <TcForm typeName="T8_TI_ToolGaugesFamily" parentTypeName="Form" typeClassName="Form"
       description="" isAbstract="false" artifactName="T8_TI_ToolGaugesFamily" formStorageClassName="T8_184ToolGaugesFamily"/>
   <TcForm typeName="T8_TI_ToolPackagingFamily" parentTypeName="Form" typeClassName="Form"
       description="" isAbstract="false" artifactName="T8_TI_ToolPackagingFamily"
       formStorageClassName="T8_185ToolPackagingFamily"/>
   <TcForm typeName="T8_TI_ToolToolsFamily" parentTypeName="Form" typeClassName="Form"
       description="" isAbstract="false" artifactName="T8_TI_ToolToolsFamily" formStorageClassName="T8_186ToolToolsFamily"/>
   <TcStandardType typeName="T8_180ToolClipsFamily" parentTypeName="t1aFamilyForm"
       typeClassName="T8_180ToolClipsFamily" description="Form Storage object for &quot;T8_TI_ToolClipsFamily&quot; business object"
       isAbstract="false" artifactName="T8_180ToolClipsFamily"/>
   <TcStandardType typeName="T8_181ToolFiltrationFamily" parentTypeName="t1aFamilyForm"
       typeClassName="T8_181ToolFiltrationFamily" description="Form Storage object for &quot;T8_TI_ToolFiltrationFamily&quot; business object"
       isAbstract="false" artifactName="T8_181ToolFiltrationFamily"/>
   <TcStandardType typeName="T8_182ToolFittingsFamily" parentTypeName="t1aFamilyForm"
       typeClassName="T8_182ToolFittingsFamily" description="Form Storage object for &quot;T8_TI_ToolFittingsFamily&quot; business object"
       isAbstract="false" artifactName="T8_182ToolFittingsFamily"/>
   <TcStandardType typeName="T8_183ToolFluidsLubricantsF" parentTypeName="t1aFamilyForm"
       typeClassName="T8_183ToolFluidsLubricantsF" description="Form Storage object for &quot;T8_TI_ToolFluidsLubricantsFamily&quot; business object"
       isAbstract="true" artifactName="T8_183ToolFluidsLubricantsF"/>
   <TcStandardType typeName="T8_184ToolGaugesFamily" parentTypeName="t1aFamilyForm"
       typeClassName="T8_184ToolGaugesFamily" description="Form Storage object for &quot;T8_TI_ToolGaugesFamily&quot; business object"
       isAbstract="false" artifactName="T8_184ToolGaugesFamily"/>
   <TcStandardType typeName="T8_185ToolPackagingFamily" parentTypeName="t1aFamilyForm"
       typeClassName="T8_185ToolPackagingFamily" description="Form Storage object for &quot;T8_TI_ToolPackagingFamily&quot; business object"
       isAbstract="false" artifactName="T8_185ToolPackagingFamily"/>
   <TcStandardType typeName="T8_186ToolToolsFamily" parentTypeName="POM_object" typeClassName="T8_186ToolToolsFamily"
       description="Form Storage object for &quot;T8_TI_ToolToolsFamily&quot; business object"
       isAbstract="false" artifactName="T8_186ToolToolsFamily"/>
   <TcTypeConstantAttach constantName="CreateInput" typeName="T8_180ToolClipsFamily"
       value="T8_180ToolClipsFamilyCreI"/>
   <TcTypeConstantAttach constantName="CreateInput" typeName="T8_181ToolFiltrationFamily"
       value="T8_181ToolFiltrationFamilyCreI"/>
   <TcTypeConstantAttach constantName="CreateInput" typeName="T8_182ToolFittingsFamily"
       value="T8_182ToolFittingsFamilyCreI"/>
   <TcTypeConstantAttach constantName="CreateInput" typeName="T8_183ToolFluidsLubricantsF"
       value="T8_183ToolFluidsLubric_alt0CreI"/>
   <TcTypeConstantAttach constantName="CreateInput" typeName="T8_184ToolGaugesFamily"
       value="T8_184ToolGaugesFamilyCreI"/>
   <TcTypeConstantAttach constantName="CreateInput" typeName="T8_185ToolPackagingFamily"
       value="T8_185ToolPackagingFamilyCreI"/>
   <TcTypeConstantAttach constantName="CreateInput" typeName="T8_186ToolToolsFamily"
       value="T8_186ToolToolsFamilyCreI"/>
   <TcTypeConstantAttach constantName="CreateInput" typeName="T8_TI_ToolClipsFamily"
       value="T8_TI_ToolClipsFamilyCreI"/>
   <TcTypeConstantAttach constantName="CreateInput" typeName="T8_TI_ToolFiltrationFamily"
       value="T8_TI_ToolFiltrationFamilyCreI"/>
   <TcTypeConstantAttach constantName="CreateInput" typeName="T8_TI_ToolFittingsFamily"
       value="T8_TI_ToolFittingsFamilyCreI"/>
   <TcTypeConstantAttach constantName="CreateInput" typeName="T8_TI_ToolFluidsLubricantsFamily"
       value="T8_TI_ToolFluidsLubric_alt0CreI"/>
   <TcTypeConstantAttach constantName="CreateInput" typeName="T8_TI_ToolGaugesFamily"
       value="T8_TI_ToolGaugesFamilyCreI"/>
   <TcTypeConstantAttach constantName="CreateInput" typeName="T8_TI_ToolPackagingFamily"
       value="T8_TI_ToolPackagingFamilyCreI"/>
   <TcTypeConstantAttach constantName="CreateInput" typeName="T8_TI_ToolToolsFamily"
       value="T8_TI_ToolToolsFamilyCreI"/>
   <TcTypeConstantAttach constantName="SaveAsInput" typeName="T8_180ToolClipsFamily"
       value="T8_180ToolClipsFamilySvAI"/>
   <TcTypeConstantAttach constantName="SaveAsInput" typeName="T8_181ToolFiltrationFamily"
       value="T8_181ToolFiltrationFamilySvAI"/>
   <TcTypeConstantAttach constantName="SaveAsInput" typeName="T8_182ToolFittingsFamily"
       value="T8_182ToolFittingsFamilySvAI"/>
   <TcTypeConstantAttach constantName="SaveAsInput" typeName="T8_183ToolFluidsLubricantsF"
       value="T8_183ToolFluidsLubric_alt0SvAI"/>
   <TcTypeConstantAttach constantName="SaveAsInput" typeName="T8_184ToolGaugesFamily"
       value="T8_184ToolGaugesFamilySvAI"/>
   <TcTypeConstantAttach constantName="SaveAsInput" typeName="T8_185ToolPackagingFamily"
       value="T8_185ToolPackagingFamilySvAI"/>
   <TcTypeConstantAttach constantName="SaveAsInput" typeName="T8_186ToolToolsFamily"
       value="T8_186ToolToolsFamilySvAI"/>
   <TcTypeConstantAttach constantName="SaveAsInput" typeName="T8_TI_ToolClipsFamily"
       value="T8_TI_ToolClipsFamilySvAI"/>
   <TcTypeConstantAttach constantName="SaveAsInput" typeName="T8_TI_ToolFiltrationFamily"
       value="T8_TI_ToolFiltrationFamilySvAI"/>
   <TcTypeConstantAttach constantName="SaveAsInput" typeName="T8_TI_ToolFittingsFamily"
       value="T8_TI_ToolFittingsFamilySvAI"/>
   <TcTypeConstantAttach constantName="SaveAsInput" typeName="T8_TI_ToolFluidsLubricantsFamily"
       value="T8_TI_ToolFluidsLubric_alt0SvAI"/>
   <TcTypeConstantAttach constantName="SaveAsInput" typeName="T8_TI_ToolGaugesFamily"
       value="T8_TI_ToolGaugesFamilySvAI"/>
   <TcTypeConstantAttach constantName="SaveAsInput" typeName="T8_TI_ToolPackagingFamily"
       value="T8_TI_ToolPackagingFamilySvAI"/>
   <TcTypeConstantAttach constantName="SaveAsInput" typeName="T8_TI_ToolToolsFamily"
       value="T8_TI_ToolToolsFamilySvAI"/>
   <TcPropertyConstantAttach constantName="ComplexProperty" typeName="T8_TI_ToolClipsFamily"
       propertyName="object_name" value="&quot;Clips Family&quot;"/>
   <TcPropertyConstantAttach constantName="ComplexProperty" typeName="T8_TI_ToolFiltrationFamily"
       propertyName="object_name" value="&quot;Filtration Family&quot;"/>
   <TcPropertyConstantAttach constantName="ComplexProperty" typeName="T8_TI_ToolFittingsFamily"
       propertyName="object_name" value="&quot;Fittings Family&quot;"/>
   <TcPropertyConstantAttach constantName="ComplexProperty" typeName="T8_TI_ToolFluidsLubricantsFamily"
       propertyName="object_name" value="&quot;Fluids &amp; Lubricants Family&quot;"/>
   <TcPropertyConstantAttach constantName="ComplexProperty" typeName="T8_TI_ToolGaugesFamily"
       propertyName="object_name" value="&quot;Gauges Family&quot;"/>
   <TcPropertyConstantAttach constantName="ComplexProperty" typeName="T8_TI_ToolPackagingFamily"
       propertyName="object_name" value="&quot;Packaging Family&quot;"/>
   <TcPropertyConstantAttach constantName="ComplexProperty" typeName="T8_TI_ToolToolsFamily"
       propertyName="object_name" value="&quot;Tools Family&quot;"/>
   <TcPropertyConstantAttach constantName="Enabled" typeName="T8_TI_ToolClipsFamily"
       propertyName="object_name" value="true"/>
   <TcPropertyConstantAttach constantName="Enabled" typeName="T8_TI_ToolFiltrationFamily"
       propertyName="object_name" value="true"/>
   <TcPropertyConstantAttach constantName="Enabled" typeName="T8_TI_ToolFittingsFamily"
       propertyName="object_name" value="true"/>
   <TcPropertyConstantAttach constantName="Enabled" typeName="T8_TI_ToolFluidsLubricantsFamily"
       propertyName="object_name" value="true"/>
   <TcPropertyConstantAttach constantName="Enabled" typeName="T8_TI_ToolGaugesFamily"
       propertyName="object_name" value="true"/>
   <TcPropertyConstantAttach constantName="Enabled" typeName="T8_TI_ToolPackagingFamily"
       propertyName="object_name" value="true"/>
   <TcPropertyConstantAttach constantName="Enabled" typeName="T8_TI_ToolToolsFamily"
       propertyName="object_name" value="true"/>
   <TcPropertyConstantAttach constantName="InitialValue" typeName="T8_TI_ToolClipsFamily"
       propertyName="object_name" value="Clips Family"/>
   <TcPropertyConstantAttach constantName="InitialValue" typeName="T8_TI_ToolFiltrationFamily"
       propertyName="object_name" value="Filtration Family"/>
   <TcPropertyConstantAttach constantName="InitialValue" typeName="T8_TI_ToolFittingsFamily"
       propertyName="object_name" value="Fittings Family"/>
   <TcPropertyConstantAttach constantName="InitialValue" typeName="T8_TI_ToolFluidsLubricantsFamily"
       propertyName="object_name" value="Fluids &amp; Lubricants Family"/>
   <TcPropertyConstantAttach constantName="InitialValue" typeName="T8_TI_ToolGaugesFamily"
       propertyName="object_name" value="Gauges Family"/>
   <TcPropertyConstantAttach constantName="InitialValue" typeName="T8_TI_ToolPackagingFamily"
       propertyName="object_name" value="Packaging Family"/>
   <TcPropertyConstantAttach constantName="InitialValue" typeName="T8_TI_ToolToolsFamily"
       propertyName="object_name" value="Tools Family"/>
   <TcPropertyConstantAttach constantName="Modifiable" typeName="T8_TI_ToolClipsFamily"
       propertyName="object_name" value="Write"/>
   <TcPropertyConstantAttach constantName="Modifiable" typeName="T8_TI_ToolFiltrationFamily"
       propertyName="object_name" value="Write"/>
   <TcPropertyConstantAttach constantName="Modifiable" typeName="T8_TI_ToolFittingsFamily"
       propertyName="object_name" value="Write"/>
   <TcPropertyConstantAttach constantName="Modifiable" typeName="T8_TI_ToolFluidsLubricantsFamily"
       propertyName="object_name" value="Write"/>
   <TcPropertyConstantAttach constantName="Modifiable" typeName="T8_TI_ToolGaugesFamily"
       propertyName="object_name" value="Write"/>
   <TcPropertyConstantAttach constantName="Modifiable" typeName="T8_TI_ToolPackagingFamily"
       propertyName="object_name" value="Write"/>
   <TcPropertyConstantAttach constantName="Modifiable" typeName="T8_TI_ToolToolsFamily"
       propertyName="object_name" value="Write"/>
</Add>
</TcBusinessData>
