<?xml version="1.0" encoding="UTF-8" standalone="no"?>
<TcBusinessDataIncludes>
    <include iconfile="T8_status_CI_Approved.gif"/>
    <include iconfile="T8_status_CI_Open.gif"/>
    <include iconfile="T8_status_CI_Rejected.gif"/>
    <include iconfile="T8_status_CNP_Closed.gif"/>
    <include iconfile="T8_status_CNL_Closed.gif"/>
    <include iconfile="T8_status_CNR_Closed.gif"/>
    <include iconfile="T8_status_CNR_Open.gif"/>
    <include iconfile="T8_status_CNP_Open.gif"/>
    <include iconfile="T8_status_CNL_Open.gif"/>
    <include iconfile="T8_part_Prototype.gif"/>
    <include iconfile="T8_part_ProdRelease.gif"/>
    <include iconfile="T8_part_ProdLaunch.gif"/>
    <include iconfile="T8_status_CR_Open.gif"/>
    <include iconfile="T8_status_CR_Approved.gif"/>
    <include iconfile="T8_status_CR_Rejected.gif"/>
    <include iconfile="T8_part_PrePrototype.gif"/>
    <include iconfile="T8_part_Awarded.gif"/>
    <include iconfile="T8_part_PreProduction.gif"/>
    <include iconfile="T8_part_Quoted.gif"/>
    <include iconfile="T8_status_CRB_Approved.gif"/>
    <include iconfile="T8_status_CRB_Open.gif"/>
    <include iconfile="T8_status_CRB_Rejected.gif"/>
    <include iconfile="T8_status_CAE_Approved.gif"/>
    <include iconfile="T8_part_CADRelease.gif"/>
    <include iconfile="T8_status_CRO_Rejected.gif"/>
    <include iconfile="T8_status_CRO_Open.gif"/>
    <include iconfile="T8_status_CRO_Approved.gif"/>
    <include iconfile="T8_status_DEV_Approved.gif"/>
    <include iconfile="T8_status_DEV_Closed.gif"/>
    <include iconfile="T8_status_DEV_Rejected.gif"/>
    <include iconfile="T8_status_DEV_Open.gif"/>
    <include iconfile="T8_part_Deviated.gif"/>
    <include iconfile="T8_status_DAP_Approved.gif"/>
    <include iconfile="T8_status_DAP_Open.gif"/>
    <include iconfile="T8_status_DAP_Rejected.gif"/>
    <include iconfile="T8_part_StudyApproved.gif"/>
    <include iconfile="T8_status_inprocess.gif"/>
    <include iconfile="T8_part_StudyRejected.gif"/>
    <include iconfile="T8_status_RD_Approved.gif"/>
    <include iconfile="T8_status_RD_Open.gif"/>
    <include iconfile="T8_part_RandD.gif"/>
    <include iconfile="T8_status_RD_Rejected.gif"/>
    <include iconfile="T8_part_Obsolete.gif"/>
    <include iconfile="T8_status_OBS_Approved.gif"/>
    <include iconfile="T8_status_OBS_Open.gif"/>
    <include iconfile="T8_status_OBS_Rejected.gif"/>
    <include iconfile="T8_doc_Released.gif"/>
    <include iconfile="T8_part_ParallelStudy.gif"/>
    <include iconfile="T8_part_PointRelease.gif"/>
    <include iconfile="T8_part_Imported.gif"/>
    <include iconfile="T8_status_PMR_Rejected.gif"/>
    <include iconfile="T8_status_SR_Rejected.gif"/>
    <include iconfile="T8_status_PMR_Approved.gif"/>
    <include iconfile="T8_status_PMR_Open.gif"/>
    <include iconfile="T8_status_SR_Approved.gif"/>
    <include iconfile="T8_status_SR_Open.gif"/>
    <include iconfile="T8_status_CAP_Rejected.gif"/>
    <include iconfile="T8_status_CAP_Approved.gif"/>
    <include iconfile="T8_status_CAP_Open.gif"/>
    <include iconfile="T8_status_TR_In_Process.gif"/>
    <include iconfile="T8_status_TR_Open.gif"/>
    <include iconfile="T8_status_TR_Completed.gif"/>
    <include iconfile="T8_status_TR_Rejected.gif"/>
    <include iconfile="T8_status_PCI_Approved.gif"/>
    <include iconfile="T8_status_PCI_Rejected.gif"/>
    <include iconfile="T8_status_PCI_Open.gif"/>
    <include iconfile="T8_status_CAE_Open.gif"/>
    <include iconfile="T8_status_CAE_Rejected.gif"/>
    <include iconfile="T8_status_CAE_In-Process.gif"/>
    <include iconfile="T8_status_Partner_Submission.gif"/>
    <include iconfile="T8_status_SRP_Open.png"/>
    <include iconfile="T8_status_SRP_Rejected.png"/>
    <include iconfile="T8_status_SRP_Approved.png"/>
    <include iconfile="T8_status_StandPreliminary.gif"/>
    <include iconfile="T8_status_StandReleased.gif"/>
    <include iconfile="T8_status_CRP_Rejected.png"/>
    <include iconfile="T8_status_CRP_Approved.png"/>
    <include iconfile="T8_status_CRP_Open.png"/>
    <include iconfile="T8_status_OA_Open.png"/>
    <include iconfile="T8_TI_AltTool_rev.gif"/>
    <include iconfile="T8_TI_AltTool.gif"/>
    <include iconfile="T8_TI_AltRep.gif"/>
    <include iconfile="T8_TI_AltRep_rev.gif"/>
    <include iconfile="T8_TI_CADConstruct_rev.gif"/>
    <include iconfile="T8_TI_CADSeed_rev.gif"/>
    <include iconfile="T8_TI_CAE_Auto.gif"/>
    <include iconfile="T8_TI_CAE_Auto_rev.gif"/>
    <include iconfile="T8_TI_CADConstruct.gif"/>
    <include iconfile="T8_TI_Product.gif"/>
    <include iconfile="T8_TI_AltConstr_rev.gif"/>
    <include iconfile="T8_TI_CADSeed.gif"/>
    <include iconfile="T8_TI_Prg_Variant.gif"/>
    <include iconfile="T8_TI_Currency_rev.gif"/>
    <include iconfile="T8_TI_AltConstr.gif"/>
    <include iconfile="T8_TI_DWGFormat_rev.gif"/>
    <include iconfile="T8_TI_Currency.gif"/>
    <include iconfile="T8_TI_Product_rev.gif"/>
    <include iconfile="T8_TI_Program.gif"/>
    <include iconfile="T8_TI_DWGFormat.gif"/>
    <include iconfile="T8_TI_Material_rev.gif"/>
    <include iconfile="T8_TI_Tooling.gif"/>
    <include iconfile="T8_TI_Prg_Variant_rev.gif"/>
    <include iconfile="T8_TI_Program_rev.gif"/>
    <include iconfile="T8_TI_Material.gif"/>
    <include iconfile="T8_TI_Tooling_rev.gif"/>
    <include iconfile="T8__ChryslerGroup_rev.gif"/>
    <include iconfile="T8__DongfengPeugeot.gif"/>
    <include iconfile="T8__BahmanGroup.gif"/>
    <include iconfile="T8__BBDC_rev.gif"/>
    <include iconfile="T8__BrillianceJinbi_rev.gif"/>
    <include iconfile="T8__BMWGroup.gif"/>
    <include iconfile="T8__ChanganFordMaz.gif"/>
    <include iconfile="T8__DongfengNissan_rev.gif"/>
    <include iconfile="T8__DaimlerGroup.gif"/>
    <include iconfile="T8__DongfengNissan.gif"/>
    <include iconfile="T8__Dacia_rev.gif"/>
    <include iconfile="T8__BahmanGroup_rev.gif"/>
    <include iconfile="T8__CQAC.gif"/>
    <include iconfile="T8__DongfengPeugeot_rev.gif"/>
    <include iconfile="T8__CQAC_rev.gif"/>
    <include iconfile="T8__ABCGroup_rev.gif"/>
    <include iconfile="T8__BMWGroup_rev.gif"/>
    <include iconfile="T8__BBDC.gif"/>
    <include iconfile="T8__FAWToyota.gif"/>
    <include iconfile="T8__BrillianceJinbi.gif"/>
    <include iconfile="T8__ChanganFordMaz_rev.gif"/>
    <include iconfile="T8__FAWToyota_rev.gif"/>
    <include iconfile="T8__Dacia.gif"/>
    <include iconfile="T8__ABCGroup.gif"/>
    <include iconfile="T8__ChryslerGroup.gif"/>
    <include iconfile="T8__DaimlerGroup_rev.gif"/>
    <include iconfile="T8__BrillianceBMW_rev.gif"/>
    <include iconfile="T8__BrillianceBMW.gif"/>
    <include iconfile="T8__GreatWallMotors_rev.gif"/>
    <include iconfile="T8__GuangzhouHonda_rev.gif"/>
    <include iconfile="T8__HondaGroup_rev.gif"/>
    <include iconfile="T8__HyundaiGroup.gif"/>
    <include iconfile="T8__HyundaiGroup_rev.gif"/>
    <include iconfile="T8__HondaGroup.gif"/>
    <include iconfile="T8__FiskerAuto_rev.gif"/>
    <include iconfile="T8__GAZ.gif"/>
    <include iconfile="T8__GAZ_rev.gif"/>
    <include iconfile="T8__GeneralMotors_rev.gif"/>
    <include iconfile="T8__GuangzhouHonda.gif"/>
    <include iconfile="T8__GreatWallMotors.gif"/>
    <include iconfile="T8__FordGroup_rev.gif"/>
    <include iconfile="T8__FAWVW.gif"/>
    <include iconfile="T8__FordGroup.gif"/>
    <include iconfile="T8__GeneralMotors.gif"/>
    <include iconfile="T8__IranianManufact_rev.gif"/>
    <include iconfile="T8__FiskerAuto.gif"/>
    <include iconfile="T8__IranianManufact.gif"/>
    <include iconfile="T8__FAWVW_rev.gif"/>
    <include iconfile="T8__Sevel_rev.gif"/>
    <include iconfile="T8__V-Vehicle_rev.gif"/>
    <include iconfile="T8__SofasaSA_rev.gif"/>
    <include iconfile="T8__Sevel.gif"/>
    <include iconfile="T8__SofasaSA.gif"/>
    <include iconfile="T8__TPCA_rev.gif"/>
    <include iconfile="T8__Rover_rev.gif"/>
    <include iconfile="T8__MahindraRenNis.gif"/>
    <include iconfile="T8__Pininfarina_rev.gif"/>
    <include iconfile="T8__V-Vehicle.gif"/>
    <include iconfile="T8__Magna.gif"/>
    <include iconfile="T8__SAIPA_rev.gif"/>
    <include iconfile="T8__Karmann.gif"/>
    <include iconfile="T8__Karmann_rev.gif"/>
    <include iconfile="T8__OyakRenault.gif"/>
    <include iconfile="T8__RenaultSamsung.gif"/>
    <include iconfile="T8__Rover.gif"/>
    <include iconfile="T8__Nedcar.gif"/>
    <include iconfile="T8__PSAGroup.gif"/>
    <include iconfile="T8__RenaultSamsung_rev.gif"/>
    <include iconfile="T8__ToyotaGroup_rev.gif"/>
    <include iconfile="T8__OyakRenault_rev.gif"/>
    <include iconfile="T8__ToyotaGroup.gif"/>
    <include iconfile="T8__Magna_rev.gif"/>
    <include iconfile="T8__MahindraRenNis_rev.gif"/>
    <include iconfile="T8__PSAGroup_rev.gif"/>
    <include iconfile="T8__MitsubishiMotor.gif"/>
    <include iconfile="T8__SAIPA.gif"/>
    <include iconfile="T8__RenaultNissan_rev.gif"/>
    <include iconfile="T8__Pininfarina.gif"/>
    <include iconfile="T8__TPCA.gif"/>
    <include iconfile="T8__RenaultNissan.gif"/>
    <include iconfile="T8__Nedcar_rev.gif"/>
    <include iconfile="T8__MitsubishiMotor_rev.gif"/>
    <include iconfile="T8__CAPSA.gif"/>
    <include iconfile="T8__Mahindra_rev.gif"/>
    <include iconfile="T8__SpectraPremium_rev.gif"/>
    <include iconfile="T8__FiatGroup.gif"/>
    <include iconfile="T8__InergyAutoSys_rev.gif"/>
    <include iconfile="T8__Mahindra.gif"/>
    <include iconfile="T8__BAIC.gif"/>
    <include iconfile="T8__MMI.gif"/>
    <include iconfile="T8__Sofedit.gif"/>
    <include iconfile="T8__PiaggioGroup_rev.gif"/>
    <include iconfile="T8__Sofedit_rev.gif"/>
    <include iconfile="T8__SpectraPremium.gif"/>
    <include iconfile="T8__CAPSA_rev.gif"/>
    <include iconfile="T8__TataGroup_rev.gif"/>
    <include iconfile="T8__PiaggioGroup.gif"/>
    <include iconfile="T8__Geely_rev.gif"/>
    <include iconfile="T8__VolkswagenGroup_rev.gif"/>
    <include iconfile="T8__InergyAutoSys.gif"/>
    <include iconfile="T8__Youngman-Lotus_rev.gif"/>
    <include iconfile="T8__FiatGroup_rev.gif"/>
    <include iconfile="T8__KautexTextron.gif"/>
    <include iconfile="T8__BAIC_rev.gif"/>
    <include iconfile="T8__TataGroup.gif"/>
    <include iconfile="T8__VolkswagenGroup.gif"/>
    <include iconfile="T8__MMI_rev.gif"/>
    <include iconfile="T8__KautexTextron_rev.gif"/>
    <include iconfile="T8__Geely.gif"/>
    <include iconfile="T8__Youngman-Lotus.gif"/>
    <include iconfile="T8__Cummins_rev.gif"/>
    <include iconfile="T8__AstonMartin.gif"/>
    <include iconfile="T8__GACGroup.gif"/>
    <include iconfile="T8__MclarenAutomotive.gif"/>
    <include iconfile="T8__Subaru_rev.gif"/>
    <include iconfile="T8__KoenigseggAutomotive_rev.gif"/>
    <include iconfile="T8__GACFiat_rev.gif"/>
    <include iconfile="T8__Mazda.gif"/>
    <include iconfile="T8__SAIC.gif"/>
    <include iconfile="T8__SAIC_rev.gif"/>
    <include iconfile="T8__AstonMartin_rev.gif"/>
    <include iconfile="T8__ChanganAutomobileCo_rev.gif"/>
    <include iconfile="T8__Subaru.gif"/>
    <include iconfile="T8__GACGroup_rev.gif"/>
    <include iconfile="T8__KarmaAutomotive_rev.gif"/>
    <include iconfile="T8__IranKhodroCO_rev.gif"/>
    <include iconfile="T8__KoenigseggAutomotive.gif"/>
    <include iconfile="T8__IranKhodroCO.gif"/>
    <include iconfile="T8__Mazda_rev.gif"/>
    <include iconfile="T8__Cummins.gif"/>
    <include iconfile="T8__KarmaAutomotive.gif"/>
    <include iconfile="T8__ChanganAutomobileCo.gif"/>
    <include iconfile="T8__GACFiat.gif"/>
    <include iconfile="T8__MclarenAutomotive_rev.gif"/>
    <include iconfile="T8__Suzuki.gif"/>
    <include iconfile="T8__Suzuki_rev.gif"/>
    <include iconfile="T8__Tesla.gif"/>
    <include iconfile="T8__Tesla_rev.gif"/>
    <include iconfile="T8_ds_AIDrawing.gif"/>
    <include iconfile="T8_ds_ACADDWF.gif"/>
    <include iconfile="T8_ds_AIAssembly.gif"/>
    <include iconfile="T8_ds_MSPublisher.gif"/>
    <include iconfile="T8_ds_ACADTMPL.gif"/>
    <include iconfile="T8_ds_AIPresentation.gif"/>
    <include iconfile="T8_ds_MSWord.gif"/>
    <include iconfile="T8_ds_CADKEY.gif"/>
    <include iconfile="T8_ds_STL.gif"/>
    <include iconfile="T8_ds_Minitab.gif"/>
    <include iconfile="T8_ds_MSVisio.gif"/>
    <include iconfile="T8_ds_Generic.gif"/>
    <include iconfile="T8_ds_STEP.gif"/>
    <include iconfile="T8_ds_MSPowerPoint.gif"/>
    <include iconfile="T8_ds_AdobeAcrobat.gif"/>
    <include iconfile="T8_ds_ACADDWG.gif"/>
    <include iconfile="T8_ds_catia2D.gif"/>
    <include iconfile="T8_ds_MSProject.gif"/>
    <include iconfile="T8_ds_DXF.gif"/>
    <include iconfile="T8_ds_MSExcel.gif"/>
    <include iconfile="T8_ds_MSOutlook.gif"/>
    <include iconfile="T8_ds_IGES.gif"/>
    <include iconfile="T8_ds_Movie.gif"/>
    <include iconfile="T8_ds_AIPart.gif"/>
    <include iconfile="T8_ds_TI_BOMReport.gif"/>
    <include iconfile="T8_ds_jpeg.png"/>
    <include iconfile="T8_ds_zip.png"/>
    <include iconfile="T8_sw_prt.gif"/>
    <include iconfile="T8_sw_asm.gif"/>
    <include iconfile="T8_sw_drw.gif"/>
    <include iconfile="T8_sw_tbx.GIF"/>
    <include iconfile="T8_ds_T8_TI_FluentCase.gif"/>
    <include iconfile="T8_ds_T8_TI_FluentJournal.gif"/>
    <include iconfile="T8_ds_VRML.gif"/>
    <include iconfile="T8_ds_VisualBasic.gif"/>
    <include iconfile="T8_ds_T8_TI_CAEAutomation.gif"/>
    <include iconfile="T8_ds_CAEMesh.gif"/>
    <include iconfile="T8_ds_CAESolver.gif"/>
    <include iconfile="T8_ds_CAEResults.gif"/>
    <include iconfile="T8_ds_CAESolution.gif"/>
    <include iconfile="T8_ds_T8_TI_BVDef.gif"/>
    <include iconfile="T8_ds_T8_TI_StdCostReport.gif"/>
    <include iconfile="T8_ds_T8_TI_ContractCostReport.gif"/>
    <include iconfile="T8_ds_T8_TI_BVP.gif"/>
    <include iconfile="T8_ds_Vis_Session.gif"/>
    <include iconfile="T8_ds_CAEGeom.gif"/>
    <include iconfile="T8_form_PurCost.gif"/>
    <include iconfile="T8_form_ContractCost.gif"/>
    <include iconfile="T8_form_LegacySys.gif"/>
    <include iconfile="T8_form_StdCost.gif"/>
    <include iconfile="T8_form_ManCost.gif"/>
    <include iconfile="T8_form_SellingPrice.png"/>
    <include iconfile="T8_form_Family.gif"/>
    <include iconfile="T8_TI_WebLink.gif"/>
    <include iconfile="T8_form_catia_model_attributes.gif"/>
    <include iconfile="T8_doc_Default_rev.gif"/>
    <include iconfile="T8_doc_Default.gif"/>
    <include iconfile="T8_status_TPR_Open.gif"/>
    <include iconfile="T8_status_TPR_Approved.gif"/>
    <include iconfile="T8_status_TPR_Rejected.gif"/>
    <include iconfile="T8_status_TER_Approved.gif"/>
    <include iconfile="T8_status_TER_Rejected.gif"/>
    <include iconfile="T8_status_TER_Open.gif"/>
    <include iconfile="T8_part_TechnologyRelease.gif"/>
    <include iconfile="T8_part_TechnologyPrototype.gif"/>
    <include iconfile="T8_ds_T8_TI_FluentResults.gif"/>
    <include iconfile="T8_status_PRP_Approved.gif"/>
    <include iconfile="T8_status_PRP_Open.gif"/>
    <include iconfile="T8_status_PRP_Rejected.gif"/>
</TcBusinessDataIncludes>
