<?xml version="1.0" encoding="UTF-8" standalone="no"?>
<!--
    Document   : feature_ticommon.xml
    Description: This XML is used by TEM to install or upgrade the "ticommon" solution.
--><feature>
    <name value="TI Common Template"/>
    <property name="feature_name" value="ticommon"/>
    <group value="package"/>
    <guid value="ABFD0329C7D4C28AE5B13F516420D9D2"/>
    <bundle value="${feature_name}Bundle.xml"/>
    <description value="${feature_name}.description"/>
    <include file="dataModelDependency.xml"/>
    <relation>
        <depends name="autocad" value="8501321DC0FBC961416EEFFDAFB3DD00"/>
        <depends name="integration4catia" value="59B926EA93441782FB857D63FD203531"/>
        <depends name="ipem" value="4C679E5C5C9C34609D29FC4C41644C10"/>
        <depends name="tcai" value="8AF70563FF67260212F6941F0D7A3915"/>
        <depends name="tcii" value="20FA82003E628BD74806F75E300D8391"/>
        <depends name="translationservice" value="301F12B06B3EAAB18DC0C2B9444F3B20"/>
        <depends name="swim" value="F25FD8C1B9DB7DF40C588AD06A702659"/>
        <depends name="cm" value="E9B8A3F6B7B53AE540DCC54C13B3C201"/>
        <depends name="cae" value="63926058F0B8026AE4BEE538F027252F"/>
        <depends name="nx0tcin" value="0BEECDCD0AD8B6D45617733583A4A78C"/>
        <depends name="relationshipviewer" value="75316003BA5162EFA94C6C205E068586"/>
        <depends name="rb0reportingaw" value="841B43626F01810EE89A04FF22C744D4"/>
        <depends name="activeworkspacebom" value="0F47FD6920230AC9CFDB79C9AC941ADA"/>
        <depends name="Cm1cmaws" value="B75C673EA57FD9D5EBEF544DE7F07F4E"/>
        <depends name="aws2" value="EF6284519D32B8DADCF0F05213AF807B"/>
    </relation>
    <feature>
        <!--  Feature: Data Model -->
        <name value="Data Model"/>
        <property name="feature_id" value="datamodel"/>
        <property name="bmide_optional" value="false"/>
        <property name="template_name" value="${feature_name}"/>
        <property name="template_file" value="${template_name}_template.xml"/>
        
        <root value="true"/>
        <bundle value="${template_name}Bundle.xml"/>
        <description value="${template_name}.description"/>
        <guid value="D5588D0F8B0123A5D8DF4BB5F7D90A39"/>
        <include file="coreDataModel2.xml"/>
        <include file="generatePlmxmlSchema.xml"/>
    </feature>    <feature>
        <!--   Feature: Runtime Server -->
        <name value="Runtime Server"/> 
        <property name="feature_id" value="rtserver"/>
        <property name="bmide_optional" value="true"/>
        <bundle value="${feature_name}Bundle.xml"/>
        <description value="${feature_name}.description"/>
        <guid value="BE37A191E46BC2C5006C9A7B854340B5"/>
        <!-- Set to true/false if there is an rtserver component   -->
        <property name="template_rtserver" value="false"/>
        <property name="rtserver_file" value="${feature_name}_rtserver.zip"/>
        <files>
            <code>
                <unzip file="${rtserver_file}"/>
            </code>
        </files>
        <install>
            <code>
                <textserver file="emh_text.xml" include="${feature_name}_errors.xml"/>
                <textserver file="tc_text.xml" include="${feature_name}_text.xml"/>
            </code>
        </install>
        <upgrade>
            <code>
                <textserver file="emh_text.xml" include="${feature_name}_errors.xml"/>
                <textserver file="tc_text.xml" include="${feature_name}_text.xml"/>
            </code>
        </upgrade>
    </feature>
    <dependencyReferences>
        <reference name="foundation" value="8C061DD51E13E0CB9DC4687B1A3348BE"/>
    </dependencyReferences>
</feature>
