<?xml version="1.0" encoding="ISO-8859-1" standalone="yes"?>
<!--
===============================================================================
                Copyright (c) 2003-2005 UGS Corporation
                   Unpublished - All Rights Reserved
===============================================================================
File description:

            Filename:
            Module:

            XML File defining ___ module text/error messages.
            This was previously done in UIH/UIL/VIL format.
 -->
<textsrv filename="ue_errors.xml">
<errors module="ue" error_base="919000">
<error id="1">USER_EXIT:    User Exit %1$ failed</error>
<error id="701">Input argument '%1$' not found.</error>
<error id="702">Input argument value for '%1$' is empty. Please specify valid value.</error>
<error id="703">Lov '%1$', not found. Please ensure the given lov exits in TcE.</error>
<error id="704">You do not have permission to create or delete this relationship.</error>
<error id="705">You are attempting to paste to an object that is checked out by another user. %1$</error>
<error id="706">In order to paste to a remote object you must first check the object out. %1$</error>
<error id="707">Object is checked out - COULD NOT FIND CHECKED OUT USER !!!!</error>
<error id="708">You are attempting to cut from an object that is checked out by another user. %1$</error>
<error id="709">In order to cut from a remote object you must first check the object out. %1$</error>
<error id="710">Quantity cannot be modified when the UOM is blank %1$</error>
<error id="711">Quantity cannot be modified when the UOM is Each %1$</error>
<error id="712">Progression Error %1$</error>
<error id="716">%1$</error> 
<error id="717">%1$</error> 
<error id="718">%1$</error> 
<error id="719">%1$</error> 
<error id="720">%1$</error> 
<error id="721">%1$</error> 
<error id="722">You do not have permission to create this relationship.</error> 
<error id="723">You do not have permission to delete this relationship.</error> 
<error id="724">%1$</error> 
<error id="725">%1$</error>
<error id="726">%1$</error> 
<error id="727">%1$</error>
<error id="728">%1$</error> 
<error id="729">%1$</error> 
<error id="730">%1$</error> 
<error id="731">%1$</error> 
<error id="732">%1$</error> 
<error id="733">%1$</error> 
<error id="734">%1$</error> 
<error id="735">%1$</error>
<error id="736">You are attempting to cut an object that is checked out by another user. %1$ is checked out by %2$ on %3$. You are not allowed to remove the checked-out object %4$</error>
<error id="737">You are attempting to cut an object that is checked out by you. %1$ is checked out by you on %2$. You are not allowed to remove the checked-out object %3$</error>
<error id="738">You are not allowed to attach the Dataset of type %1$ on this Item Revision as the dataset of type %2$ already exists under the item revision.</error>
<error id="739">You are not allowed to attach the Dataset of type %1$ on this Item Revision as the CAD Software value on item revision master form is %2$</error>
<error id="740">%1$</error>
<error id="741">%1$</error>
<error id="742">%1$</error>
<error id="743">%1$</error>
<error id="744">%1$</error>
<error id="745">%1$</error>
<error id="746">%1$</error>
<error id="102">%1$</error>
<error id="106">%1$</error>
<error id="107">%1$</error>
<error id="108">%1$</error>
<error id="109">%1$</error>
<error id="110">%1$</error>
<error id="111">%1$</error>
<error id="112">%1$</error>
<error id="113">%1$</error>
<error id="114">%1$</error>
<error id="115">%1$</error>
<error id="116">%1$</error>
<error id="117">%1$</error>
<error id="118">%1$</error>
<error id="119">%1$</error>
<error id="120">%1$</error>
<error id="121">%1$</error>
<error id="122">%1$</error>
<error id="123">%1$</error>
<error id="210">%1$</error>
<error id="211">%1$</error>
<error id="212">%1$</error>
<error id="213">%1$</error>
<error id="230">%1$</error>
<error id="231">%1$</error>
<error id="232">%1$</error>
<error id="233">%1$</error>
<error id="234">%1$</error>
<error id="235">%1$</error>
<error id="236">%1$</error>
<error id="240">%1$</error>
<error id="241">%1$</error>
<error id="242">%1$</error>
<error id="245">%1$</error>
<error id="246">Invalid Query.Please check the user query to be executed</error>
<error id="247">%1$</error>
<error id="248">%1$</error>
<error id="249">%1$</error>
<error id="250">%1$</error>
<error id="251">%1$</error>
<error id="252">%1$</error>
<error id="253">%1$</error>
<error id="254">%1$</error>
<error id="255">%1$</error>
<error id="256">%1$</error>
<error id="257">%1$</error>
<error id="258">%1$</error>
<error id="259">%1$</error>
<error id="260">%1$</error>
<error id="261">%1$</error>
<error id="262">%1$</error>
<error id="263">%1$</error>
<error id="264">%1$</error>
<error id="265">%1$</error>
<error id="266">Item Revision %1$ was not part of the based on change revision %2$. So, please remove it from the change folder.</error>
<error id="273">Item Revision %1$ is not assigned to Advance Technology Project. Please assign to proceed furthur.</error>
<error id="275">Cost Form present under Item Revision %1$ is not assigned to Advance Technology Project. Please assign to proceed furthur.
<error id="276">You have initiated the PCI process on a wrong change revision. PCI process can be initiated if the target release status of based on change revision is either Production Released or Production Launched. </error>
<error id="277">%1$</error>
<error id="278">%1$</error>
<error id="279">%1$</error>
<error id="281">%1$</error>
</errors>
</textsrv>
